date,close,adj,qqq_ret,irx_yield,cash_ret_irx
1999-03-10,51.0625,43.027042388916016,0.0,0.044699997901916505,0.00017354585437545644
1999-03-11,51.3125,43.23772048950195,0.004896411393598532,0.044800000190734865,0.0001739257571506947
1999-03-12,50.0625,42.184425354003906,-0.02436056118531471,0.044699997901916505,0.00017354585437545644
1999-03-15,51.5,43.395713806152344,0.028714115268455798,0.044600000381469725,0.00017316593349447906
1999-03-16,51.9375,43.76434326171875,0.008494605186426085,0.04429999828338623,0.00017202591721998672
1999-03-17,51.5625,43.44837188720703,-0.007219835851806411,0.04400000095367432,0.00017088559282707472
1999-03-18,52.5625,44.29098892211914,0.019393523814875246,0.04369999885559082,0.00016974492387822337
1999-03-19,51.21875,43.15871047973633,-0.025564532875384627,0.04380000114440918,0.0001701251891867983
1999-03-22,50.59375,42.632080078125,-0.012202181106837906,0.04389999866485596,0.00017050540008067827
1999-03-23,48.8125,41.13111877441406,-0.03520732042537844,0.04380000114440918,0.0001701251891867983
1999-03-24,50.46875,42.52674102783203,0.033931055001745536,0.04380000114440918,0.0001701251891867983
1999-03-25,52.3125,44.0803337097168,0.03653213588287896,0.04389999866485596,0.00017050540008067827
1999-03-26,51.75,43.60636901855469,-0.010752293625618137,0.04389999866485596,0.00017050540008067827
1999-03-29,53.625,45.18631362915039,0.03623196900258829,0.04389999866485596,0.00017050540008067827
1999-03-30,53.25,44.87031936645508,-0.006993141004789982,0.04369999885559082,0.00016974492387822337
1999-03-31,52.46875,44.21199417114258,-0.014671729655765797,0.043600001335144044,0.00016936464041195087
1999-04-01,53.5625,45.13362503051758,0.02084572018641384,0.04300000190734863,0.00016708212272420475
1999-04-05,55.5,46.766239166259766,0.036172900684096954,0.04289999961853028,0.0001667015668893601
1999-04-06,55.609375,46.85841751098633,0.0019710446332632525,0.04289999961853028,0.0001667015668893601
1999-04-07,55.03125,46.371246337890625,-0.010396662947089075,0.042800002098083496,0.00016632099285529556
1999-04-08,55.46875,46.73991012573242,0.007950266964046548,0.042699999809265136,0.0001659403643192725
1999-04-09,55.8125,47.02959060668945,0.006197711552670571,0.042600002288818356,0.00016555971757359345
1999-04-12,55.4375,46.71356964111328,-0.006719619743643324,0.0421999979019165,0.00016403671239095807
1999-04-13,54.6875,46.08161544799805,-0.0135282787843094,0.041700000762939456,0.0001621321687481636
1999-04-14,52.8125,44.501686096191406,-0.034285459319227884,0.041599998474121096,0.00016175113985772427
1999-04-15,53.53125,45.10731887817383,0.013609209787542209,0.04190000057220459,0.0001628940990776595
1999-04-16,51.96875,43.79069900512695,-0.029188608540507865,0.0421999979019165,0.00016403671239095807
1999-04-19,49.53125,41.73677062988281,-0.046903301886176085,0.04210000038146973,0.00016365588374389617
1999-04-20,50.65625,42.68473434448242,0.022712914782172522,0.0425,0.00016517901630885845
1999-04-21,53.15625,44.79131317138672,0.04935204258045478,0.04239999771118164,0.0001647982786683322
1999-04-22,54.59375,46.00260543823242,0.027043017520180568,0.042699999809265136,0.0001659403643192725
1999-04-23,55.3125,46.60824203491211,0.013165267291064042,0.04309999942779541,0.00016746262407463242
1999-04-26,56.5859375,47.68130111694336,0.023022946911996245,0.043499999046325684,0.00016898430251366392
1999-04-27,55.71875,46.9505729675293,-0.015325256070967463,0.04369999885559082,0.00016974492387822337
1999-04-28,53.8125,45.344322204589844,-0.034211526322593055,0.04380000114440918,0.0001701251891867983
1999-04-29,53.375,44.97563171386719,-0.008130907527058251,0.04380000114440918,0.0001701251891867983
1999-04-30,53.71875,45.265296936035156,0.006440492576309076,0.04429999828338623,0.00017202591721998672
1999-05-03,53.4375,45.02830123901367,-0.005235704017503395,0.044600000381469725,0.00017316593349447906
1999-05-04,52.59375,44.31734085083008,-0.0157891896567397,0.04489999771118164,0.00017430560559783537
1999-05-05,54.1875,45.660282135009766,0.030302839890596234,0.044800000190734865,0.0001739257571506947
1999-05-06,52.21875,44.00135803222656,-0.03633188463176906,0.044800000190734865,0.0001739257571506947
1999-05-07,52.96875,44.63331985473633,0.014362325409295718,0.044699997901916505,0.00017354585437545644
1999-05-10,53.5,45.080989837646484,0.010029950368181106,0.044699997901916505,0.00017354585437545644
1999-05-11,54.34375,45.79195022583008,0.01577073597416634,0.044800000190734865,0.0001739257571506947
1999-05-12,55.46875,46.73991012573242,0.02070145288041525,0.044699997901916505,0.00017354585437545644
1999-05-13,54.4375,45.87093734741211,-0.018591665580501515,0.044499998092651365,0.00017278595826808463
1999-05-14,53.40625,45.001991271972656,-0.01894328142584767,0.045,0.00017468543594945096
1999-05-17,54.3671875,45.811710357666016,0.017992961262530915,0.04550000190734863,0.00017658400860853796
1999-05-18,54.125,45.60763931274414,-0.004454560707920052,0.0453000020980835,0.00017582469171339987
1999-05-19,54.875,46.23961639404297,0.013856825102592785,0.045,0.00017468543594945096
1999-05-20,53.3671875,44.96906661987305,-0.027477515456499457,0.044800000190734865,0.0001739257571506947
1999-05-21,52.875,44.554317474365234,-0.009222987637562463,0.044600000381469725,0.00017316593349447906
1999-05-24,51.53125,43.422035217285156,-0.02541352491218274,0.045,0.00017468543594945096
1999-05-25,49.84375,42.000091552734375,-0.03274705244549991,0.04510000228881836,0.00017506523009891417
1999-05-26,51.234375,43.171875,0.027899545071094822,0.04519999980926514,0.00017544496994603698
1999-05-27,51.1875,43.132389068603516,-0.0009146216465345525,0.04519999980926514,0.00017544496994603698
1999-05-28,52.03125,43.84334945678711,0.01648321374113526,0.04510000228881836,0.00017506523009891417
1999-06-01,50.875,42.86906814575195,-0.02222187225899397,0.04539999961853027,0.0001762043591955198
1999-06-02,51.734375,43.593204498291016,0.01689181463140388,0.045999999046325686,0.0001784816590157945
1999-06-03,51.0,42.97438430786133,-0.014195336120654933,0.04519999980926514,0.00017544496994603698
1999-06-04,52.5625,44.29098892211914,0.03063696282012729,0.04429999828338623,0.00017202591721998672
1999-06-07,53.65625,45.21263122558594,0.020808799394554045,0.04389999866485596,0.00017050540008067827
1999-06-08,52.3125,44.0803337097168,-0.025043831450985543,0.044800000190734865,0.0001739257571506947
1999-06-09,53.1875,44.817665100097656,0.016726992024071796,0.044699997901916505,0.00017354585437545644
1999-06-10,52.578125,44.30417251586914,-0.011457370282045298,0.0453000020980835,0.00017582469171339987
1999-06-11,51.78125,43.63269805908203,-0.01515600943786044,0.045900001525878906,0.00017810220846214975
1999-06-14,50.8046875,42.80982208251953,-0.018859158685265442,0.04570000171661377,0.00017734318083983958
1999-06-15,51.5625,43.44837188720703,0.014915964926381697,0.045900001525878906,0.00017810220846214975
1999-06-16,54.2109375,45.680030822753906,0.051363465156768484,0.04550000190734863,0.00017658400860853796
1999-06-17,54.8125,46.18692398071289,0.01109660280059388,0.04510000228881836,0.00017506523009891417
1999-06-18,55.0625,46.397613525390625,0.004561670847916144,0.04519999980926514,0.00017544496994603698
1999-06-21,56.7109375,47.78662109375,0.02993704768024874,0.04550000190734863,0.00017658400860853796
1999-06-22,55.0,46.34492874145508,-0.03016937208149839,0.046100001335144046,0.00017886109153120167
1999-06-23,55.8671875,47.07564163208008,0.015766835994104778,0.045900001525878906,0.00017810220846214975
1999-06-24,54.7578125,46.14085388183594,-0.019857143053938153,0.045900001525878906,0.00017810220846214975
1999-06-25,54.6875,46.08161544799805,-0.0012838608056451317,0.04659999847412109,0.00018075765810188216
1999-06-28,55.984375,47.17438888549805,0.023713869986462743,0.04670000076293945,0.00018113687396792422
1999-06-29,56.75,47.81952667236328,0.013675593942109598,0.04699999809265137,0.00018227426893102638
1999-06-30,57.625,48.55683517456055,0.015418565458603428,0.04670000076293945,0.00018113687396792422
1999-07-01,58.015625,48.886016845703125,0.006779306558163833,0.04570000171661377,0.00017734318083983958
1999-07-02,58.75,49.50481033325195,0.012657883122323188,0.04539999961853027,0.0001762043591955198
1999-07-06,58.375,49.18881607055664,-0.006383102178720179,0.04519999980926514,0.00017544496994603698
1999-07-07,58.46875,49.267822265625,0.0016061820832409257,0.0453000020980835,0.00017582469171339987
1999-07-08,59.25,49.926151275634766,0.013362251054256369,0.04539999961853027,0.0001762043591955198
1999-07-09,59.84375,50.426448822021484,0.010020751321780264,0.04559999942779541,0.00017696360375363263
1999-07-12,59.53125,50.163124084472656,-0.005221956804418726,0.04559999942779541,0.00017696360375363263
1999-07-13,59.25,49.926151275634766,-0.004724044069481015,0.045799999237060546,0.00017772270367544252
1999-07-14,60.2578125,50.775360107421875,0.017009298936317974,0.045799999237060546,0.00017772270367544252
1999-07-15,60.8125,51.24273681640625,0.009204793584832949,0.04570000171661377,0.00017734318083983958
1999-07-16,61.375,51.716732025146484,0.009249997915577346,0.04539999961853027,0.0001762043591955198
1999-07-19,60.75,51.190093994140625,-0.010183126628144024,0.04519999980926514,0.00017544496994603698
1999-07-20,58.40625,49.21516036987305,-0.03858038675400044,0.04489999771118164,0.00017430560559783537
1999-07-21,58.6875,49.4521369934082,0.004815114321566227,0.044699997901916505,0.00017354585437545644
1999-07-22,57.1953125,48.19477844238281,-0.025425767772037644,0.044800000190734865,0.0001739257571506947
1999-07-23,57.28125,48.267208099365234,0.0015028527845399875,0.04519999980926514,0.00017544496994603698
1999-07-26,55.875,47.08224105834961,-0.02455014672852418,0.04570000171661377,0.00017734318083983958
1999-07-27,57.0,48.03022003173828,0.020134533787672382,0.045799999237060546,0.00017772270367544252
1999-07-28,58.1171875,48.97158432006836,0.01959941652792807,0.04570000171661377,0.00017734318083983958
1999-07-29,56.875,47.92488098144531,-0.021373687479294246,0.045799999237060546,0.00017772270367544252
1999-07-30,56.59375,47.68787384033203,-0.004945388204616319,0.04619999885559082,0.00017924046983042174
1999-08-02,56.4375,47.55622482299805,-0.0027606392722554496,0.04650000095367432,0.00018037842422891082
1999-08-03,56.0703125,47.24681854248047,-0.006506115270275781,0.046900000572204587,0.00018189517937372557
1999-08-04,55.0546875,46.391014099121094,-0.018113482976423234,0.04659999847412109,0.00018075765810188216
1999-08-05,55.9296875,47.128326416015625,0.015893429605120524,0.045799999237060546,0.00017772270367544252
1999-08-06,55.328125,46.62141418457031,-0.01075599899242441,0.04659999847412109,0.00018075765810188216
1999-08-09,54.6171875,46.022361755371094,-0.012849297681696625,0.04739999771118164,0.00018379030275750274
1999-08-10,54.125,45.60763931274414,-0.009011324643254603,0.04809999942779541,0.00018644198389283773
1999-08-11,55.90625,47.10856628417969,0.032909551865714315,0.047699999809265134,0.00018492695876615173
1999-08-12,55.25,46.55558776855469,-0.01173838558977125,0.04659999847412109,0.00018075765810188216
1999-08-13,57.65625,48.58317565917969,0.04355197706245062,0.045999999046325686,0.0001784816590157945
1999-08-16,58.1171875,48.97158432006836,0.007994715364294747,0.04630000114440918,0.0001796198301016183
1999-08-17,58.40625,49.21516036987305,0.004973824171436325,0.046799998283386234,0.00018151603566929353
1999-08-18,57.75,48.66217041015625,-0.011236171040810206,0.04630000114440918,0.0001796198301016183
1999-08-19,57.0625,48.0828742980957,-0.011904444606104958,0.04630000114440918,0.0001796198301016183
1999-08-20,57.96875,48.84650421142578,0.015881536294936494,0.046900000572204587,0.00018189517937372557
1999-08-23,59.8125,50.40013122558594,0.031806309156444,0.047699999809265134,0.00018492695876615173
1999-08-24,60.21875,50.742435455322266,0.006791732906491932,0.04849999904632568,0.00018795643322544464
1999-08-25,61.5,51.82207489013672,0.02127685486765918,0.047899999618530274,0.00018568454333123263
1999-08-26,60.4765625,50.95966339111328,-0.016641778640700045,0.047800002098083494,0.00018530577808362203
1999-08-27,59.875,50.45277404785156,-0.00994687385141002,0.04840000152587891,0.00018757788387491203
1999-08-30,59.03125,49.741817474365234,-0.014091525925056692,0.04849999904632568,0.00018795643322544464
1999-08-31,59.6875,50.294795989990234,0.01111697448349136,0.04849999904632568,0.00018795643322544464
1999-09-01,60.1171875,50.6568603515625,0.007198843427942858,0.04820000171661377,0.00018682065921726831
1999-09-02,59.90625,50.47911834716797,-0.003508744978685807,0.047800002098083494,0.00018530577808362203
1999-09-03,62.65625,52.796348571777344,0.04590472853889249,0.047699999809265134,0.00018492695876615173
1999-09-07,62.375,52.559364318847656,-0.004488648539917595,0.046900000572204587,0.00018189517937372557
1999-09-08,61.53125,51.848388671875,-0.013527097524611897,0.046900000572204587,0.00018189517937372557
1999-09-09,62.40625,52.58570098876953,0.014220544471702734,0.046799998283386234,0.00018151603566929353
1999-09-10,63.125,53.19133758544922,0.01151713460678283,0.04619999885559082,0.00017924046983042174
1999-09-13,62.3671875,52.552791595458984,-0.012004698865946795,0.04630000114440918,0.0001796198301016183
1999-09-14,62.7109375,52.84243392944336,0.005511454771308433,0.046900000572204587,0.00018189517937372557
1999-09-15,61.5,51.82207489013672,-0.0193094633125539,0.04619999885559082,0.00017924046983042174
1999-09-16,61.46875,51.79573440551758,-0.0005082869544490443,0.04559999942779541,0.00017696360375363263
1999-09-17,63.3125,53.349342346191406,0.02999490128878901,0.04550000190734863,0.00017658400860853796
1999-09-20,63.4609375,53.47441482543945,0.002344405268136729,0.04539999961853027,0.0001762043591955198
1999-09-21,61.9375,52.19072723388672,-0.024005640748817392,0.04650000095367432,0.00018037842422891082
1999-09-22,62.59375,52.743690490722656,0.010595047935582524,0.046799998283386234,0.00018151603566929353
1999-09-23,60.0,50.558101654052734,-0.04143792018221315,0.04670000076293945,0.00018113687396792422
1999-09-24,60.078125,50.623931884765625,0.001302070856286086,0.04670000076293945,0.00018113687396792422
1999-09-27,60.5,50.97944259643555,0.007022581977219167,0.04670000076293945,0.00018113687396792422
1999-09-28,60.78125,51.21642303466797,0.0046485490260930185,0.04670000076293945,0.00018113687396792422
1999-09-29,59.5625,50.189453125,-0.020051574257203053,0.046799998283386234,0.00018151603566929353
1999-09-30,60.1875,50.716102600097656,0.010493229997664999,0.04710000038146973,0.00018265334050160398
1999-10-01,60.2109375,50.73584747314453,0.0003893215770653935,0.04710000038146973,0.00018265334050160398
1999-10-04,61.5625,51.87472152709961,0.02244712783319347,0.04699999809265137,0.00018227426893102638
1999-10-05,62.0,52.24337387084961,0.007106589354073156,0.04730000019073486,0.00018341135740618242
1999-10-06,63.2421875,53.29008865356445,0.020035359609477332,0.04670000076293945,0.00018113687396792422
1999-10-07,63.09375,53.165000915527344,-0.0023472983663115343,0.04699999809265137,0.00018227426893102638
1999-10-08,63.7578125,53.72456741333008,0.01052509147308811,0.04670000076293945,0.00018113687396792422
1999-10-11,64.65625,54.481632232666016,0.014091594512273264,0.04670000076293945,0.00018113687396792422
1999-10-12,63.1875,53.243980407714844,-0.022716863908660567,0.04719999790191651,0.00018303235794192574
1999-10-13,61.3125,51.664058685302734,-0.029673245882706145,0.04840000152587891,0.00018757788387491203
1999-10-14,61.6953125,51.98664474487305,0.0062439163275045395,0.04869999885559082,0.00018871344210591445
1999-10-15,59.875,50.45277404785156,-0.029505091250820792,0.048899998664855955,0.00018947030720206648
1999-10-18,59.1171875,49.81421661376953,-0.012656537646005273,0.04929999828338623,0.0001909836062605752
1999-10-19,59.4375,50.08412170410156,0.005418234164449753,0.04989999771118164,0.00019325247783363864
1999-10-20,61.25,51.61140823364258,0.030494425729660657,0.04989999771118164,0.00019325247783363864
1999-10-21,62.25,52.454010009765625,0.016325882299289773,0.04980000019073486,0.00019287443128557236
1999-10-22,61.96875,52.217041015625,-0.0045176525893160235,0.049200000762939455,0.00019060534438963828
1999-10-25,62.0,52.24337387084961,0.0005042961974182081,0.049000000953674315,0.00018984869486904365
1999-10-26,61.5,51.82207489013672,-0.008064161050440166,0.04989999771118164,0.00019325247783363864
1999-10-27,61.40625,51.74305725097656,-0.0015247872519128514,0.04989999771118164,0.00019325247783363864
1999-10-28,63.53125,53.533668518066406,0.03460582660210032,0.04949999809265137,0.00019174004033239989
1999-10-29,65.75,55.40326690673828,0.034923786103710164,0.04960000038146973,0.00019211821254327965
1999-11-01,65.40625,55.11359786987305,-0.005228374661603308,0.04980000019073486,0.00019287443128557236
1999-11-02,65.4453125,55.14652633666992,0.0005974653818576758,0.04980000019073486,0.00019287443128557236
1999-11-03,66.75,56.24589157104492,0.019935348740977243,0.0496999979019165,0.00019249633083839868
1999-11-04,67.5,56.87788772583008,0.011236307881916652,0.04940000057220459,0.00019136185026291663
1999-11-05,68.1875,57.457176208496094,0.010184774889292258,0.04980000019073486,0.00019287443128557236
1999-11-08,69.5625,58.61580276489258,0.020165045218932365,0.050399999618530276,0.00019514222682825988
1999-11-09,69.09375,58.22081756591797,-0.006738544562101989,0.050399999618530276,0.00019514222682825988
1999-11-10,70.0,58.984466552734375,0.01311642499612442,0.05050000190734863,0.000195520076315292
1999-11-11,71.25,60.037750244140625,0.017856967316379313,0.05050000190734863,0.000195520076315292
1999-11-12,72.1875,60.82773971557617,0.013158212428398652,0.05079999923706055,0.00019665337383201198
1999-11-15,72.046875,60.70924758911133,-0.0019479948954029824,0.051100001335144044,0.00019778636713452258
1999-11-16,73.875,62.24966049194336,0.025373612159678816,0.05139999866485596,0.0001989190203894875
1999-11-17,72.875,61.40705108642578,-0.0135359678889595,0.0509000015258789,0.00019703108006363657
1999-11-18,75.109375,63.289791107177734,0.030659997303927433,0.05079999923706055,0.00019665337383201198
1999-11-19,75.78125,63.85596466064453,0.0089457326934137,0.05079999923706055,0.00019665337383201198
1999-11-22,74.625,62.88163375854492,-0.015258259855247425,0.05070000171661377,0.00019627564980861933
1999-11-23,74.96875,63.171295166015625,0.004606454860618836,0.05130000114440918,0.0001985415110756783
1999-11-24,77.4375,65.25154113769531,0.03293024096170183,0.05130000114440918,0.0001985415110756783
1999-11-26,77.6875,65.46219635009766,0.0032283561235406655,0.05130000114440918,0.0001985415110756783
1999-11-29,76.40625,64.38256072998047,-0.016492505297915794,0.05170000076293945,0.00020005136978662463
1999-11-30,73.5,61.93367004394531,-0.03803655303966191,0.05150000095367432,0.0001992965119417267
1999-12-01,75.09375,63.276649475097656,0.02168415710225835,0.050999999046325684,0.00019740873248985658
1999-12-02,77.4765625,65.28451538085938,0.03173154587699689,0.0509000015258789,0.00019703108006363657
1999-12-03,79.125,66.67349243164062,0.021275750347202305,0.0509000015258789,0.00019703108006363657
1999-12-06,79.84375,67.27913665771484,0.009083733339680267,0.0509000015258789,0.00019703108006363657
1999-12-07,79.84375,67.27913665771484,0.0,0.05070000171661377,0.00019627564980861933
1999-12-08,78.875,66.46284484863281,-0.012132911473506924,0.05059999942779541,0.00019589787196294672
1999-12-09,79.25,66.77882385253906,0.004754220265862585,0.050999999046325684,0.00019740873248985658
1999-12-10,79.90625,67.33183288574219,0.008281203550758454,0.05119999885559082,0.00019816394799088144
1999-12-13,80.9921875,68.2468490600586,0.013589651953618054,0.052100000381469724,0.00020156065663057277
1999-12-14,79.53125,67.01583099365234,-0.018037727504795598,0.052100000381469724,0.00020156065663057277
1999-12-15,81.0625,68.30611419677734,0.019253408992976784,0.05179999828338623,0.0002004287360963808
1999-12-16,83.0625,69.99137115478516,0.024672124564909304,0.052199997901916505,0.0002019378800448557
1999-12-17,83.78125,70.5970230102539,0.008653236041473722,0.0528000020980835,0.00020420054284620015
1999-12-20,84.875,71.5186767578125,0.013055136155312397,0.05380000114440918,0.00020796876488282656
1999-12-21,89.4375,75.3631591796875,0.05375494341000997,0.05420000076293945,0.00020947505652935128
1999-12-22,89.15625,75.12620544433594,-0.0031441587365863555,0.05380000114440918,0.00020796876488282656
1999-12-23,90.21875,76.021484375,0.01191699920645406,0.05300000190734863,0.00020495447237456332
1999-12-27,89.6875,75.5738754272461,-0.00588792696477658,0.0528000020980835,0.00020420054284620015
1999-12-28,89.125,75.09986114501953,-0.006272197628437004,0.05260000228881836,0.00020344647064884924
1999-12-29,92.5,77.94375610351562,0.03786817865088277,0.0509000015258789,0.00019703108006363657
1999-12-30,91.5,77.10113525390625,-0.010810626684327418,0.05010000228881836,0.00019400849939543718
1999-12-31,91.375,76.99576568603516,-0.0013666409388667367,0.05170000076293945,0.00020005136978662463
2000-01-03,94.75,79.83966064453125,0.03693573189586319,0.05269999980926514,0.00020382351559522505
2000-01-04,88.25,74.362548828125,-0.06860139149127775,0.05269999980926514,0.00020382351559522505
2000-01-05,86.0,72.46662139892578,-0.025495729491216035,0.05269999980926514,0.00020382351559522505
2000-01-06,80.09375,67.48980712890625,-0.06867733273533438,0.05239999771118164,0.0002026922377451612
2000-01-07,90.0,75.83716583251953,0.12368325023762083,0.052199997901916505,0.0002019378800448557
2000-01-10,92.5,77.94375610351562,0.027777808517374325,0.052300000190734865,0.00020231508573820278
2000-01-11,88.0,74.15185546875,-0.04864919044611704,0.05269999980926514,0.00020382351559522505
2000-01-12,86.0625,72.51930236816406,-0.022016348616845427,0.0528000020980835,0.00020420054284620015
2000-01-13,91.25,76.89045715332031,0.06027574235291033,0.052199997901916505,0.0002019378800448557
2000-01-14,93.375,78.68106079101562,0.02328772261198586,0.0525,0.0002030693720416199
2000-01-18,93.875,79.1023941040039,0.00535495211620729,0.052300000190734865,0.00020231508573820278
2000-01-19,96.0,80.8929443359375,0.02263585384760125,0.053499999046325686,0.0002068386633926611
2000-01-20,95.0625,80.10299682617188,-0.009765345003206694,0.05300000190734863,0.00020495447237456332
2000-01-21,96.25,81.10363006591797,0.012491832757737242,0.05300000190734863,0.00020495447237456332
2000-01-24,91.625,77.2064437866211,-0.04805193400257657,0.053299999237060545,0.00020608509029784727
2000-01-25,93.0,78.36507415771484,0.015006912820591856,0.05400000095367432,0.00020872198187849023
2000-01-26,89.25,75.20518493652344,-0.04032267250627397,0.05409999847412109,0.000209098528016316
2000-01-27,90.5625,76.31111145019531,0.014705455675766643,0.05409999847412109,0.000209098528016316
2000-01-28,86.0,72.46662139892578,-0.05037916468794523,0.05469999790191651,0.0002113571117801083
2000-01-31,89.6875,75.5738754272461,0.04287841724005603,0.055300002098083494,0.00021361443407275083
2000-02-01,92.09375,77.60140991210938,0.02682851016175758,0.055500001907348634,0.00021436658479401238
2000-02-02,92.875,78.25975799560547,0.008483712915032582,0.055,0.00021248593276390615
2000-02-03,96.5,81.31427764892578,0.0390305277137688,0.05429999828338623,0.00020985153151675817
2000-02-04,97.15625,81.86726379394531,0.006800603301268193,0.05489999771118164,0.0002121096886507079
2000-02-07,98.5,82.99954223632812,0.013830661853224901,0.05469999790191651,0.0002113571117801083
2000-02-08,102.625,86.4754409790039,0.04187852907403644,0.055199999809265134,0.00021323829649921855
2000-02-09,99.0,83.42086791992188,-0.03532301222752565,0.05489999771118164,0.0002121096886507079
2000-02-10,102.25,86.159423828125,0.03282818767639695,0.055,0.00021248593276390615
2000-02-11,99.875,84.158203125,-0.023226950857019757,0.05480000019073486,0.0002117334269529092
2000-02-14,99.75,84.05287170410156,-0.0012515882823922464,0.05460000038146973,0.00021098077901271495
2000-02-15,100.46875,84.65846252441406,0.007204879595838376,0.05579999923706055,0.0002154945357899507
2000-02-16,100.0,84.26351165771484,-0.004665226073357065,0.055500001907348634,0.00021436658479401238
2000-02-17,102.125,86.05408477783203,0.02124968547941175,0.05570000171661377,0.00021511859357392638
2000-02-18,98.4375,82.94692993164062,-0.036107000082718055,0.05570000171661377,0.00021511859357392638
2000-02-22,98.75,83.21023559570312,0.003174387096418041,0.05599999904632568,0.00021624633176053898
2000-02-23,104.25,87.8447036743164,0.05569588939912329,0.056399998664855955,0.00021774949833419655
2000-02-24,106.5,89.74063873291016,0.021582804418385004,0.056399998664855955,0.00021774949833419655
2000-02-25,104.0625,87.68669891357422,-0.022887510589811644,0.05619999885559082,0.00021699798592411668
2000-02-28,104.0,87.63401794433594,-0.0006007863209699371,0.056599998474121095,0.00021850086904429133
2000-02-29,106.75,89.95126342773438,0.02644230559952554,0.056399998664855955,0.00021774949833419655
2000-03-01,107.625,90.68864440917969,0.008197561138623799,0.05599999904632568,0.00021624633176053898
2000-03-02,105.1328125,88.58863067626953,-0.023156303047546567,0.05590000152587891,0.0002158704604666717
2000-03-03,111.0625,93.58517456054688,0.056401638067262505,0.05630000114440918,0.00021737376880359705
2000-03-06,111.9375,94.32241821289062,0.007877782520635979,0.056500000953674315,0.00021812521035546872
2000-03-07,110.25,92.9005126953125,-0.015074947658453852,0.056500000953674315,0.00021812521035546872
2000-03-08,111.25,93.74315643310547,0.00907038845476138,0.056700000762939455,0.00021887651023400068
2000-03-09,115.0,96.90303039550781,0.03370778286793885,0.056599998474121095,0.00021850086904429133
2000-03-10,114.5,96.48172760009766,-0.004347674099464349,0.05679999828338623,0.00021925209810813584
2000-03-13,111.5,93.95380401611328,-0.026201060520622543,0.05710000038146973,0.00022037868518576254
2000-03-14,107.375,90.47796630859375,-0.03699517804434416,0.05710000038146973,0.00022037868518576254
2000-03-15,102.875,86.68609619140625,-0.04190932082021548,0.05690000057220459,0.0002196276684929277
2000-03-16,108.75,91.63661193847656,0.05710853256258508,0.05699999809265137,0.00022000318557902077
2000-03-17,110.8125,93.37450408935547,0.018965041527786886,0.05699999809265137,0.00022000318557902077
2000-03-20,107.6875,90.74122619628906,-0.028201251709422448,0.05730000019073486,0.0002211295603657959
2000-03-21,111.75,94.16448211669922,0.03772547566202222,0.05739999771118164,0.00022150493595596288
2000-03-22,114.0,96.06044006347656,0.020134533787672382,0.05739999771118164,0.00022150493595596288
2000-03-23,116.0,97.74566650390625,0.017543397045819198,0.05730000019073486,0.0002211295603657959
2000-03-24,117.5625,99.06230163574219,0.013470010271844801,0.0571999979019165,0.00022075413151045886
2000-03-27,117.75,99.22029113769531,0.001594849900965034,0.05679999828338623,0.00021925209810813584
2000-03-28,114.75,96.69237518310547,-0.025477812306372583,0.05710000038146973,0.00022037868518576254
2000-03-29,110.0,92.68985748291016,-0.041394346685721395,0.0571999979019165,0.00022075413151045886
2000-03-30,107.25,90.37262725830078,-0.024999825089132566,0.05710000038146973,0.00022037868518576254
2000-03-31,109.5,92.2685546875,0.020979000906771628,0.0571999979019165,0.00022075413151045886
2000-04-03,102.9375,86.73873901367188,-0.059931746980938394,0.05690000057220459,0.0002196276684929277
2000-04-04,101.9375,85.89608764648438,-0.009714821506163207,0.056700000762939455,0.00021887651023400068
2000-04-05,100.125,84.36885070800781,-0.017780052390303114,0.05699999809265137,0.00022000318557902077
2000-04-06,102.5,86.3700942993164,0.023720171301547133,0.05710000038146973,0.00022037868518576254
2000-04-07,106.625,89.84600067138672,0.040244327626001164,0.05710000038146973,0.00022037868518576254
2000-04-10,100.125,84.36885070800781,-0.06096153331756715,0.05690000057220459,0.0002196276684929277
2000-04-11,97.75,82.36756896972656,-0.023720623446768174,0.056700000762939455,0.00021887651023400068
2000-04-12,92.0,77.52244567871094,-0.05882319159858174,0.056700000762939455,0.00021887651023400068
2000-04-13,88.0,74.15185546875,-0.04347889415060813,0.056399998664855955,0.00021774949833419655
2000-04-14,80.375,67.72681427001953,-0.0866470725258951,0.056399998664855955,0.00021774949833419655
2000-04-17,89.625,75.52118682861328,0.11508547452886875,0.056399998664855955,0.00021774949833419655
2000-04-18,92.0,77.52244567871094,0.02649930349531293,0.056399998664855955,0.00021774949833419655
2000-04-19,89.1875,75.15247344970703,-0.03057143267675244,0.056399998664855955,0.00021774949833419655
2000-04-20,87.25,73.51991271972656,-0.021723313352726814,0.05619999885559082,0.00021699798592411668
2000-04-24,84.75,71.41332244873047,-0.028653329323537924,0.05599999904632568,0.00021624633176053898
2000-04-25,90.46875,76.23214721679688,0.06747795233201725,0.05630000114440918,0.00021737376880359705
2000-04-26,87.375,73.62528228759766,-0.034196399083257445,0.05590000152587891,0.0002158704604666717
2000-04-27,91.25,76.89045715332031,0.04434855479355737,0.05579999923706055,0.0002154945357899507
2000-04-28,94.75,79.83966064453125,0.0383559104783342,0.056500000953674315,0.00021812521035546872
2000-05-01,95.625,80.5770034790039,0.009235295196901028,0.056700000762939455,0.00021887651023400068
2000-05-02,90.125,75.94251251220703,-0.057516298282356604,0.05739999771118164,0.00022150493595596288
2000-05-03,89.125,75.09986114501953,-0.011095911095278188,0.05739999771118164,0.00022150493595596288
2000-05-04,89.3125,75.25785827636719,0.0021038272100470934,0.0571999979019165,0.00022075413151045886
2000-05-05,91.4375,77.04845428466797,0.02379281113375864,0.057899999618530276,0.00022338133736421462
2000-05-08,87.875,74.04654693603516,-0.038961292299801165,0.05889999866485596,0.00022713147375519327
2000-05-09,86.0,72.46662139892578,-0.021336923901045468,0.059600000381469724,0.00022975447989859177
2000-05-10,79.75,67.20013427734375,-0.07267466069088879,0.05929999828338623,0.00022863054070842992
2000-05-11,84.625,71.3079833984375,0.061128585013537684,0.05909999847412109,0.00022788107772164778
2000-05-12,84.625,71.3079833984375,0.0,0.059600000381469724,0.00022975447989859177
2000-05-15,88.3125,74.41525268554688,0.04357533531340141,0.05929999828338623,0.00022863054070842992
2000-05-16,90.8125,76.52181243896484,0.028308171744300337,0.06010000228881836,0.00023162700177326023
2000-05-17,88.9375,74.94181060791016,-0.020647731420566195,0.05909999847412109,0.00022788107772164778
2000-05-18,85.75,72.2560043334961,-0.035838555975995834,0.05730000019073486,0.0002211295603657959
2000-05-19,81.6875,68.83279418945312,-0.04737613400601581,0.05699999809265137,0.00022000318557902077
2000-05-22,81.625,68.78009796142578,-0.0007655686311717202,0.05699999809265137,0.00022000318557902077
2000-05-23,74.8125,63.039615631103516,-0.08346138636705236,0.057800002098083496,0.0002230061384949078
2000-05-24,79.5,66.98948669433594,0.06265696615833383,0.05739999771118164,0.00022150493595596288
2000-05-25,77.75,65.51488494873047,-0.02201243535920616,0.056599998474121095,0.00021850086904429133
2000-05-26,77.75,65.51488494873047,0.0,0.056500000953674315,0.00021812521035546872
2000-05-30,85.5625,72.09796905517578,0.10048226615366862,0.05599999904632568,0.00021624633176053898
2000-05-31,83.125,70.0440444946289,-0.028487966963050337,0.05489999771118164,0.0002121096886507079
2000-06-01,87.375,73.62528228759766,0.05112836956814171,0.05559999942779541,0.00021474259795861705
2000-06-02,93.625,78.8917007446289,0.07153002736830794,0.05699999809265137,0.00022000318557902077
2000-06-05,93.859375,79.08921813964844,0.002503652388720745,0.05710000038146973,0.00022037868518576254
2000-06-06,91.25,76.89045715332031,-0.02780102064539003,0.05820000171661377,0.00022450675783147744
2000-06-07,93.6875,78.94438934326172,0.026712446069163676,0.0575,0.00022188029408676258
2000-06-08,93.25,78.5757064819336,-0.004670159138542962,0.0575,0.00022188029408676258
2000-06-09,93.75,78.99705505371094,0.00536232622832622,0.0575,0.00022188029408676258
2000-06-12,90.75,76.46912384033203,-0.03200032218492377,0.056700000762939455,0.00021887651023400068
2000-06-13,94.25,79.4183578491211,0.038567644830704184,0.0571999979019165,0.00022075413151045886
2000-06-14,92.125,77.62779998779297,-0.022545893793596505,0.056599998474121095,0.00021850086904429133
2000-06-15,93.75,78.99705505371094,0.01763872048587345,0.056500000953674315,0.00021812521035546872
2000-06-16,94.25,79.4183578491211,0.005333145585284305,0.056399998664855955,0.00021774949833419655
2000-06-19,98.0,82.57826232910156,0.039788086351315144,0.056399998664855955,0.00021774949833419655
2000-06-20,97.625,82.26223754882812,-0.003826972999431466,0.05619999885559082,0.00021699798592411668
2000-06-21,98.875,83.31551361083984,0.012803882964969482,0.056399998664855955,0.00021774949833419655
2000-06-22,95.25,80.2610092163086,-0.036661892391356976,0.056599998474121095,0.00021850086904429133
2000-06-23,91.5,77.10113525390625,-0.03936997544955212,0.05690000057220459,0.0002196276684929277
2000-06-26,94.0,79.20769500732422,0.027322032892002523,0.056500000953674315,0.00021812521035546872
2000-06-27,92.875,78.25975799560547,-0.011967738887378232,0.056500000953674315,0.00021812521035546872
2000-06-28,94.0,79.20769500732422,0.012112700524476105,0.056399998664855955,0.00021774949833419655
2000-06-29,91.640625,77.21961212158203,-0.02509961797977267,0.056700000762939455,0.00021887651023400068
2000-06-30,93.4375,78.73373413085938,0.019607998119614445,0.05699999809265137,0.00022000318557902077
2000-07-03,95.25,80.2610092163086,0.019397976004933426,0.058699998855590824,0.00022638172875577567
2000-07-05,91.5625,77.15379333496094,-0.03871388999076142,0.05809999942779541,0.00022413164702772548
2000-07-06,94.0,79.20769500732422,0.026620877387665498,0.0584000015258789,0.0002252568556444512
2000-07-07,95.9375,80.84033966064453,0.020612197503908414,0.05849999904632568,0.00022563184267010428
2000-07-10,94.484375,79.61585998535156,-0.015146889293552568,0.05880000114440918,0.00022675662782556394
2000-07-11,95.0,80.05033111572266,0.005457092725633217,0.05920000076293945,0.00022825583576846498
2000-07-12,97.25,81.94628143310547,0.023684478139659237,0.05989999771118164,0.0002308780843212066
2000-07-13,98.5,82.99954223632812,0.012853064041502105,0.059800000190734864,0.00023050359066667525
2000-07-14,100.625,84.79015350341797,0.0215737487080514,0.059699997901916504,0.00023012904395502964
2000-07-17,101.75,85.7381362915039,0.011180340510265951,0.059600000381469724,0.00022975447989859177
2000-07-18,99.5,83.84221649169922,-0.022112911264582258,0.059699997901916504,0.00023012904395502964
2000-07-19,97.25,81.94628143310547,-0.02261313140238197,0.059800000190734864,0.00023050359066667525
2000-07-20,100.375,84.57950592041016,0.03213354457644613,0.06,0.00023125256064071564
2000-07-21,97.0,81.73558807373047,-0.033624195551057445,0.05940000057220459,0.00022900522828361858
2000-07-24,95.0,80.05033111572266,-0.02061839888504391,0.059699997901916504,0.00023012904395502964
2000-07-25,95.75,80.68233489990234,0.007895080199806337,0.06010000228881836,0.00023162700177326023
2000-07-26,95.625,80.5770034790039,-0.0013055078416993604,0.05989999771118164,0.0002308780843212066
2000-07-27,91.875,77.41709899902344,-0.039215959188701466,0.06019999980926514,0.00023200138987355956
2000-07-28,86.875,73.20391082763672,-0.05442193295617892,0.06,0.00023125256064071564
2000-07-31,89.4375,75.3631591796875,0.029496352416674476,0.06019999980926514,0.00023200138987355956
2000-08-01,88.25,74.362548828125,-0.013277181615711675,0.06059999942779541,0.0002334986263288208
2000-08-02,86.6875,73.04594421386719,-0.01770521095640354,0.06050000190734863,0.00023312437887312853
2000-08-03,90.4375,76.20582580566406,0.0432588232762825,0.06039999961853027,0.00023275007841871975
2000-08-04,90.125,75.94251251220703,-0.0034552908609444266,0.06039999961853027,0.00023275007841871975
2000-08-07,92.25,77.7330551147461,0.02357760552432664,0.06039999961853027,0.00023275007841871975
2000-08-08,94.125,79.31307220458984,0.020326193117090163,0.06070000171661377,0.00023387285648390765
2000-08-09,91.625,77.2064437866211,-0.026560923179657636,0.06050000190734863,0.00023312437887312853
2000-08-10,89.8125,75.67914581298828,-0.01978200132949881,0.06059999942779541,0.0002334986263288208
2000-08-11,91.0625,76.73246765136719,0.013918257494366815,0.060900001525878905,0.0002346211935391196
2000-08-14,93.0,78.36507415771484,0.021276606322181424,0.060799999237060545,0.0002342470336567093
2000-08-15,93.0,78.36507415771484,0.0,0.060799999237060545,0.0002342470336567093
2000-08-16,93.9375,79.15502166748047,0.010080351716069469,0.060799999237060545,0.0002342470336567093
2000-08-17,95.75,80.68233489990234,0.019295215897203732,0.06070000171661377,0.00023387285648390765
2000-08-18,95.25,80.2610092163086,-0.005222031366797442,0.06070000171661377,0.00023387285648390765
2000-08-21,95.5,80.47167205810547,0.0026247220643478286,0.060799999237060545,0.0002342470336567093
2000-08-22,95.5,80.47167205810547,0.0,0.060799999237060545,0.0002342470336567093
2000-08-23,97.0625,81.78825378417969,0.01636080986516064,0.060900001525878905,0.0002346211935391196
2000-08-24,98.5625,83.05221557617188,0.015454074803057827,0.060900001525878905,0.0002346211935391196
2000-08-25,98.03125,82.60457611083984,-0.005389855794051379,0.061100001335144045,0.0002353693900913889
2000-08-28,98.5,82.99954223632812,0.004781407327341114,0.06130000114440918,0.00023611744619400632
2000-08-29,99.0,83.42086791992188,0.005076241051957808,0.06119999885559082,0.00023574342677812332
2000-08-30,98.875,83.31551361083984,-0.0012629251134519404,0.06119999885559082,0.00023574342677812332
2000-08-31,101.625,85.63277435302734,0.027813076361879574,0.061100001335144045,0.0002353693900913889
2000-09-01,102.625,86.4754409790039,0.009840468586275186,0.060799999237060545,0.0002342470336567093
2000-09-05,99.5,83.84221649169922,-0.030450547085894897,0.06059999942779541,0.0002334986263288208
2000-09-06,96.0,80.8929443359375,-0.03517645738830999,0.06010000228881836,0.00023162700177326023
2000-09-07,98.125,82.68354034423828,0.022135379333760863,0.06,0.00023125256064071564
2000-09-08,95.125,80.15567016601562,-0.030572834299285145,0.059600000381469724,0.00022975447989859177
2000-09-11,92.8125,78.20708465576172,-0.024310014578108663,0.05940000057220459,0.00022900522828361858
2000-09-12,91.375,76.99576568603516,-0.015488609184939328,0.05909999847412109,0.00022788107772164778
2000-09-13,93.5,78.78638458251953,0.023256069740068108,0.05909999847412109,0.00022788107772164778
2000-09-14,93.0,78.36507415771484,-0.005347502960532657,0.059499998092651364,0.00022937986276860833
2000-09-15,91.3125,76.9431381225586,-0.01814502251723149,0.059600000381469724,0.00022975447989859177
2000-09-18,89.875,75.73185729980469,-0.015742545109409534,0.059499998092651364,0.00022937986276860833
2000-09-19,93.1875,78.52303314208984,0.03685603313854502,0.059699997901916504,0.00023012904395502964
2000-09-20,94.625,79.73435974121094,0.015426385745048288,0.059699997901916504,0.00023012904395502964
2000-09-21,87.75,73.94122314453125,-0.07265546014895119,0.059600000381469724,0.00022975447989859177
2000-09-22,92.9375,78.31240844726562,0.05911702723919121,0.059699997901916504,0.00023012904395502964
2000-09-25,90.46875,76.23214721679688,-0.026563622185998392,0.059800000190734864,0.00023050359066667525
2000-09-26,89.4375,75.3631591796875,-0.011399233379037033,0.059800000190734864,0.00023050359066667525
2000-09-27,89.5625,75.46849822998047,0.001397752581494327,0.06010000228881836,0.00023162700177326023
2000-09-28,91.5625,77.15379333496094,0.02233110694537399,0.06050000190734863,0.00023312437887312853
2000-09-29,88.75,74.78387451171875,-0.03071681534766868,0.0603000020980835,0.00023237576065393561
2000-10-02,86.75,73.09857940673828,-0.02253554146511061,0.06010000228881836,0.00023162700177326023
2000-10-03,84.0,70.78135681152344,-0.03169996755095961,0.06050000190734863,0.00023312437887312853
2000-10-04,85.625,72.15059661865234,0.01934463916501228,0.06039999961853027,0.00023275007841871975
2000-10-05,85.875,72.36128997802734,0.002920188733692708,0.06050000190734863,0.00023312437887312853
2000-10-06,83.0,69.938720703125,-0.0334788016581512,0.06050000190734863,0.00023312437887312853
2000-10-09,82.625,69.62273406982422,-0.004518049946067415,0.06050000190734863,0.00023312437887312853
2000-10-10,78.3125,65.98884582519531,-0.05219398940846676,0.06039999961853027,0.00023275007841871975
2000-10-11,77.0625,64.93558502197266,-0.015961194502670195,0.06039999961853027,0.00023275007841871975
2000-10-12,75.125,63.30295181274414,-0.025142350048529938,0.06,0.00023125256064071564
2000-10-13,81.25,68.464111328125,0.08153110348863413,0.06,0.00023125256064071564
2000-10-16,82.0,69.0960693359375,0.009230500411868903,0.06039999961853027,0.00023275007841871975
2000-10-17,78.25,65.93618774414062,-0.04573171270327803,0.060900001525878905,0.0002346211935391196
2000-10-18,78.0,65.72554016113281,-0.003194718867053914,0.06119999885559082,0.00023574342677812332
2000-10-19,85.0625,71.67665100097656,0.09054487532934674,0.06119999885559082,0.00023574342677812332
2000-10-20,86.3125,72.72993469238281,0.01469493449675685,0.06119999885559082,0.00023574342677812332
2000-10-23,86.1875,72.62460327148438,-0.0014482540283302647,0.06150000095367432,0.00023686536189937435
2000-10-24,82.5,69.51740264892578,-0.042784407522934,0.06159999847412109,0.00023723925820551273
2000-10-25,77.875,65.6202163696289,-0.056060585275003794,0.06179999828338623,0.00023798696341592596
2000-10-26,79.875,67.30545043945312,0.025681629276129492,0.06159999847412109,0.00023723925820551273
2000-10-27,79.71875,67.17381286621094,-0.001955823375115906,0.06150000095367432,0.00023686536189937435
2000-10-30,76.765625,64.6854476928711,-0.037043679183372924,0.06179999828338623,0.00023798696341592596
2000-10-31,81.703125,68.8459243774414,0.06431858838365634,0.06150000095367432,0.00023686536189937435
2000-11-01,81.0,68.2533950805664,-0.008606599478954147,0.06170000076293945,0.00023761313726056166
2000-11-02,82.0,69.0960693359375,0.012346261374637901,0.06170000076293945,0.00023761313726056166
2000-11-03,83.0625,69.99137115478516,0.01295734804384896,0.06190000057220459,0.00023836077233019282
2000-11-06,82.4375,69.4647445678711,-0.007524164453778681,0.06219999790191651,0.00023948195309442255
2000-11-07,82.125,69.20138549804688,-0.0037912623369240617,0.06219999790191651,0.00023948195309442255
2000-11-08,75.703125,63.79008865356445,-0.0781963656585336,0.062100000381469726,0.00023910826716111444
2000-11-09,75.6875,63.77692413330078,-0.0002063725030257979,0.06179999828338623,0.00023798696341592596
2000-11-10,71.75,60.45905685424805,-0.05202300556417594,0.06170000076293945,0.00023761313726056166
2000-11-13,71.859375,60.5512580871582,0.0015250193719102967,0.06170000076293945,0.00023761313726056166
2000-11-14,75.84375,63.908599853515625,0.055446275972083514,0.06150000095367432,0.00023686536189937435
2000-11-15,77.375,65.19889831542969,0.020189746996046587,0.06170000076293945,0.00023761313726056166
2000-11-16,72.875,61.40705108642578,-0.05815814878740899,0.06150000095367432,0.00023686536189937435
2000-11-17,72.828125,61.367515563964844,-0.0006438270811163216,0.06150000095367432,0.00023686536189937435
2000-11-20,69.859375,58.865970611572266,-0.040763340822966176,0.06159999847412109,0.00023723925820551273
2000-11-21,69.75,58.7737922668457,-0.0015659020613930652,0.06170000076293945,0.00023761313726056166
2000-11-22,66.625,56.140567779541016,-0.044802698375311256,0.06170000076293945,0.00023761313726056166
2000-11-24,70.4375,59.35310745239258,0.05722314183687849,0.06170000076293945,0.00023761313726056166
2000-11-27,69.5625,58.61580276489258,-0.012422343482039189,0.06130000114440918,0.00023611744619400632
2000-11-28,65.453125,55.15311050415039,-0.059074380924731384,0.060999999046325686,0.00023499530045567596
2000-11-29,62.9375,53.03334045410156,-0.0384342792395963,0.06050000190734863,0.00023312437887312853
2000-11-30,62.984375,53.07284164428711,0.0007448369242313291,0.06010000228881836,0.00023162700177326023
2000-12-01,64.0,53.92863845825195,0.016124948042177456,0.06039999961853027,0.00023275007841871975
2000-12-04,65.0,54.77128219604492,0.015625162471796683,0.059800000190734864,0.00023050359066667525
2000-12-05,70.6875,59.56377029418945,0.08750001654134354,0.05900000095367432,0.00022750630230028435
2000-12-06,68.0,57.29920196533203,-0.03801922406309355,0.05900000095367432,0.00022750630230028435
2000-12-07,66.5,56.035247802734375,-0.02205884408935388,0.05920000076293945,0.00022825583576846498
2000-12-08,68.0,57.29920196533203,0.022556412475362997,0.05900000095367432,0.00022750630230028435
2000-12-11,74.375,62.67098617553711,0.093749721216976,0.05889999866485596,0.00022713147375519327
2000-12-12,71.65625,60.38007736206055,-0.03655453589097646,0.05889999866485596,0.00022713147375519327
2000-12-13,68.734375,57.91798782348633,-0.04077652176247881,0.05429999828338623,0.00020985153151675817
2000-12-14,65.375,55.087257385253906,-0.04887480633580532,0.058699998855590824,0.00022638172875577567
2000-12-15,63.875,53.823333740234375,-0.022944029254901133,0.05829999923706055,0.00022488181544511043
2000-12-18,64.0,53.92863845825195,0.0019564882124509797,0.057800002098083496,0.0002230061384949078
2000-12-19,59.125,49.82079315185547,-0.0761718712697802,0.0575,0.00022188029408676258
2000-12-20,55.734375,46.96375274658203,-0.05734634526120608,0.056700000762939455,0.00021887651023400068
2000-12-21,56.0625,47.24024963378906,0.005887453004427057,0.052199997901916505,0.0002019378800448557
2000-12-22,60.5,50.97944259643555,0.07915269270660219,0.05119999885559082,0.00019816394799088144
2000-12-26,60.875,51.29539489746094,0.0061976413419531085,0.05590000152587891,0.0002158704604666717
2000-12-27,61.5625,51.87472152709961,0.011293930591561807,0.05599999904632568,0.00021624633176053898
2000-12-28,61.4375,51.769378662109375,-0.0020307167323337927,0.05699999809265137,0.00022000318557902077
2000-12-29,58.375,49.18881607055664,-0.04984727764255514,0.05730000019073486,0.0002211295603657959
2001-01-02,53.4375,45.02830123901367,-0.08458253651755121,0.05679999828338623,0.00021925209810813584
2001-01-03,62.4375,52.612003326416016,0.16842079045237512,0.055300002098083494,0.00021361443407275083
2001-01-04,61.3125,51.664058685302734,-0.01801764960805674,0.05239999771118164,0.0002026922377451612
2001-01-05,56.625,47.714237213134766,-0.07645201659875789,0.0496999979019165,0.00019249633083839868
2001-01-08,57.25,48.24086380004883,0.011037095375991735,0.05050000190734863,0.000195520076315292
2001-01-09,57.25,48.24086380004883,0.0,0.0509000015258789,0.00019703108006363657
2001-01-10,60.1875,50.716102600097656,0.05131000162659438,0.05139999866485596,0.0001989190203894875
2001-01-11,61.9375,52.19072723388672,0.029076063778335826,0.05159999847412109,0.00019967394973985364
2001-01-12,62.734375,52.86219024658203,0.012865561533301317,0.05130000114440918,0.0001985415110756783
2001-01-16,61.984375,52.2302131652832,-0.01195518154565478,0.052100000381469724,0.00020156065663057277
2001-01-17,63.875,53.823333740234375,0.030501896860151145,0.052199997901916505,0.0002019378800448557
2001-01-18,66.5625,56.087894439697266,0.04207395830203042,0.05139999866485596,0.0001989190203894875
2001-01-19,66.3125,55.877235412597656,-0.0037558733342378803,0.0509000015258789,0.00019703108006363657
2001-01-22,66.375,55.92991638183594,0.0009427984195939931,0.050999999046325684,0.00019740873248985658
2001-01-23,67.765625,57.101707458496094,0.020951060764337504,0.0509000015258789,0.00019703108006363657
2001-01-24,67.125,56.56187057495117,-0.009453953438035123,0.05130000114440918,0.0001985415110756783
2001-01-25,64.5,54.34995651245117,-0.039106098154391034,0.05119999885559082,0.00019816394799088144
2001-01-26,65.546875,55.232120513916016,0.016231181367417413,0.050300002098083496,0.0001947643595290316
2001-01-29,67.0,56.45655059814453,0.022168804544087983,0.04980000019073486,0.00019287443128557236
2001-01-30,66.75,56.24589157104492,-0.0037313478217801954,0.04880000114440918,0.0001890919016460657
2001-01-31,64.30000305175781,54.18144226074219,-0.036704001885988435,0.04840000152587891,0.00018757788387491203
2001-02-01,65.1500015258789,54.897682189941406,0.013219285041405682,0.04849999904632568,0.00018795643322544464
2001-02-02,61.54999923706055,51.86418914794922,-0.055257215259044146,0.049200000762939455,0.00019060534438963828
2001-02-05,61.5,51.82207489013672,-0.0008120103390099054,0.04949999809265137,0.00019174004033239989
2001-02-06,61.599998474121094,51.90631866455078,0.0016256349170244988,0.04929999828338623,0.0001909836062605752
2001-02-07,60.599998474121094,51.06367874145508,-0.01623386024621276,0.04929999828338623,0.0001909836062605752
2001-02-08,58.790000915527344,49.53853225708008,-0.029867540333259224,0.04940000057220459,0.00019136185026291663
2001-02-09,56.400001525878906,47.524620056152344,-0.040653449126763386,0.049099998474121095,0.00019022702856874574
2001-02-12,57.08000183105469,48.097618103027344,0.012056867497267199,0.049200000762939455,0.00019060534438963828
2001-02-13,55.25,46.55558776855469,-0.03206043033502315,0.049099998474121095,0.00019022702856874574
2001-02-14,57.45000076293945,48.40938186645508,0.039818938751590816,0.04929999828338623,0.0001909836062605752
2001-02-15,58.400001525878906,49.209896087646484,0.016536344616003396,0.04940000057220459,0.00019136185026291663
2001-02-16,55.130001068115234,46.45447540283203,-0.05599322298723908,0.04880000114440918,0.0001890919016460657
2001-02-20,52.9900016784668,44.6512451171875,-0.038817148832437365,0.049099998474121095,0.00019022702856874574
2001-02-21,51.5,43.395713806152344,-0.028118618142450535,0.04880000114440918,0.0001890919016460657
2001-02-22,51.0,42.97438430786133,-0.009709011820224545,0.04869999885559082,0.00018871344210591445
2001-02-23,51.18000030517578,43.126068115234375,0.0035296330550407262,0.0475,0.00018416923014275
2001-02-26,52.150001525878906,43.94342803955078,0.018952804186377348,0.04699999809265137,0.00018227426893102638
2001-02-27,49.0,41.28913116455078,-0.06040259018051641,0.046799998283386234,0.00018151603566929353
2001-02-28,47.45000076293945,39.98302459716797,-0.031633181191862536,0.04719999790191651,0.00018303235794192574
2001-03-01,48.79999923706055,41.12059783935547,0.028451405406385355,0.04699999809265137,0.00018227426893102638
2001-03-02,46.70000076293945,39.35106658935547,-0.043032721871237634,0.04710000038146973,0.00018265334050160398
2001-03-05,47.54999923706055,40.06729507446289,0.018200992938299798,0.04719999790191651,0.00018303235794192574
2001-03-06,49.400001525878906,41.626182556152344,0.03890673125780886,0.04650000095367432,0.00018037842422891082
2001-03-07,49.41999816894531,41.643035888671875,0.0004048733629800072,0.04559999942779541,0.00017696360375363263
2001-03-08,48.5,40.867794036865234,-0.018616362502464123,0.04550000190734863,0.00017658400860853796
2001-03-09,45.099998474121094,38.002845764160156,-0.07010283623629698,0.045999999046325686,0.0001784816590157945
2001-03-12,42.29999923706055,35.643470764160156,-0.06208416639748293,0.04539999961853027,0.0001762043591955198
2001-03-13,44.45000076293945,37.455135345458984,0.050827389770371934,0.04510000228881836,0.00017506523009891417
2001-03-14,43.75,36.86528396606445,-0.015748211131909384,0.04420000076293945,0.0001716458513880692
2001-03-15,42.150001525878906,35.517059326171875,-0.036571660240937165,0.04380000114440918,0.0001701251891867983
2001-03-16,41.20000076293945,34.71656799316406,-0.02253822101814451,0.04409999847412109,0.00017126573117609567
2001-03-19,43.2599983215332,36.452392578125,0.04999989011882544,0.04440000057220459,0.00017240596492551497
2001-03-20,40.349998474121094,34.00032043457031,-0.06726779698477658,0.04380000114440918,0.0001701251891867983
2001-03-21,40.349998474121094,34.00032043457031,0.0,0.04190000057220459,0.0001628940990776595
2001-03-22,42.79999923706055,36.064762115478516,0.06071830072545881,0.041500000953674315,0.00016137009269945324
2001-03-23,42.79999923706055,36.064762115478516,0.0,0.041700000762939456,0.0001621321687481636
2001-03-26,41.810001373291016,35.23055648803711,-0.023130767500151528,0.041500000953674315,0.00016137009269945324
2001-03-27,43.25,36.44396209716797,0.034441851906111154,0.04239999771118164,0.0001647982786683322
2001-03-28,39.70000076293945,33.45260238647461,-0.08208107841616419,0.04230000019073486,0.0001644175228021627
2001-03-29,38.95000076293945,32.82062530517578,-0.018891716524701452,0.0421999979019165,0.00016403671239095807
2001-03-30,39.150001525878906,32.98917007446289,0.005135330839066254,0.04179999828338623,0.0001625131430413873
2001-04-02,37.400001525878906,31.514554977416992,-0.04469997558948613,0.041500000953674315,0.00016137009269945324
2001-04-03,34.65999984741211,29.205739974975586,-0.07326186278358937,0.040399999618530275,0.00015717605810738888
2001-04-04,34.04999923706055,28.691728591918945,-0.017599669910677185,0.04,0.0001556498627912628
2001-04-05,37.310001373291016,31.438724517822266,0.09574173675534547,0.039900000095367434,0.0001552682226080293
2001-04-06,35.95000076293945,30.292739868164062,-0.03645137222435846,0.03839999914169311,0.00014953922011717857
2001-04-09,37.04999923706055,31.219635009765625,0.030597930251125227,0.038299999237060546,0.00014915699419715267
2001-04-10,39.79999923706055,33.53688049316406,0.07422397739991493,0.038299999237060546,0.00014915699419715267
2001-04-11,41.0,34.54803466796875,0.03015051370120103,0.03980000019073486,0.00015488654586870432
2001-04-12,42.79999923706055,36.064762115478516,0.04390198927628153,0.03900000095367431,0.00015183181510480814
2001-04-16,40.25,33.91605758666992,-0.05957905730608992,0.040300002098083494,0.00015679457317285816
2001-04-17,41.25,34.75870132446289,0.02484497897904725,0.04,0.0001556498627912628
2001-04-18,45.54999923706055,38.38201904296875,0.10424203380567043,0.03799999952316284,0.00014801009639908713
2001-04-19,48.29999923706055,40.699275970458984,0.06037350262621821,0.037599999904632565,0.00014648038564923915
2001-04-20,48.400001525878906,40.78355407714844,0.002070751989559305,0.03670000076293945,0.00014303638778767613
2001-04-23,45.150001525878906,38.044986724853516,-0.06714881560136954,0.03630000114440918,0.0001415047660628943
2001-04-24,44.29999923706055,37.328739166259766,-0.018826332199134432,0.03690000057220459,0.00014380197793362193
2001-04-25,45.099998474121094,38.002845764160156,0.01805864899154419,0.03740000009536743,0.00014571530999663018
2001-04-26,43.95000076293945,37.033817291259766,-0.025498839716215804,0.037300000190734865,0.0001453327170759522
2001-04-27,45.150001525878906,38.044986724853516,0.02730394832488403,0.03740000009536743,0.00014571530999663018
2001-04-30,46.150001525878906,38.887611389160156,0.02214811298005226,0.038299999237060546,0.00014915699419715267
2001-05-01,48.04999923706055,40.488616943359375,0.04117006668724055,0.03809999942779541,0.00014839243234510135
2001-05-02,48.97999954223633,41.27228546142578,0.01935528000777853,0.03789999961853027,0.00014762772376353261
2001-05-03,46.79999923706055,39.4353141784668,-0.04450859123553674,0.0375,0.00014609786618535736
2001-05-04,48.20000076293945,40.61500930786133,0.02991468824251675,0.03640000104904175,0.00014188772669077032
2001-05-07,47.20000076293945,39.772377014160156,-0.02074682015493401,0.03619999885559082,0.0001411217594933234
2001-05-08,48.20000076293945,40.61500930786133,0.021186369962277407,0.03589999914169312,0.00013997254624831257
2001-05-09,46.54999923706055,39.22467803955078,-0.034231957397125035,0.03630000114440918,0.0001415047660628943
2001-05-10,45.77000045776367,38.56741714477539,-0.016756310762134685,0.03619999885559082,0.0001411217594933234
2001-05-11,45.54999923706055,38.38201904296875,-0.004807117394216132,0.036800000667572025,0.00014341920124794072
2001-05-14,44.81999969482422,37.76691818237305,-0.016025755703656386,0.03609999895095825,0.00014073872523789888
2001-05-15,45.150001525878906,38.044986724853516,0.007362754385668913,0.03539999961853027,0.0001380564539836815
2001-05-16,47.150001525878906,39.730247497558594,0.04429652676430429,0.03480000019073486,0.00013575592635928224
2001-05-17,47.900001525878906,40.36221694946289,0.01590650679795358,0.03480000019073486,0.00013575592635928224
2001-05-18,48.040000915527344,40.48017883300781,0.0029225818713729534,0.03509999990463257,0.00013690635619867386
2001-05-21,51.04999923706055,43.01652145385742,0.06265640849346887,0.03539999961853027,0.0001380564539836815
2001-05-22,50.900001525878906,42.89011764526367,-0.002938494427759286,0.03559999942779541,0.00013882300146050852
2001-05-23,48.650001525878906,40.994205474853516,-0.044203939613570165,0.03559999942779541,0.00013882300146050852
2001-05-24,49.900001525878906,42.0474853515625,0.02569338433342927,0.035999999046325684,0.00014035565415859708
2001-05-25,48.9900016784668,41.280704498291016,-0.01823606921699039,0.03569999933242798,0.00013920621990637372
2001-05-29,46.119998931884766,38.86232376098633,-0.05858380487195436,0.035999999046325684,0.00014035565415859708
2001-05-30,44.43000030517578,37.43827819824219,-0.036643345660501425,0.03589999914169312,0.00013997254624831257
2001-05-31,44.72999954223633,37.69107437133789,0.006752345066648235,0.03539999961853027,0.0001380564539836815
2001-06-01,46.04999923706055,38.803340911865234,0.02951007789189375,0.03539999961853027,0.0001380564539836815
2001-06-04,45.83000183105469,38.61797332763672,-0.00477710372025808,0.03589999914169312,0.00013997254624831257
2001-06-05,47.849998474121094,40.320091247558594,0.04407579614499779,0.0352999997138977,0.00013767312493828676
2001-06-06,47.47999954223633,40.00831985473633,-0.007732407918128015,0.0352999997138977,0.00013767312493828676
2001-06-07,48.70000076293945,41.03633499145508,0.025695033944222123,0.03519999980926514,0.00013728975901239338
2001-06-08,47.349998474121094,39.89876937866211,-0.027720935922514567,0.0352999997138977,0.00013767312493828676
2001-06-11,46.04999923706055,38.803340911865234,-0.027455194329444876,0.03509999990463257,0.00013690635619867386
2001-06-12,45.79999923706055,38.59270477294922,-0.00542829905791975,0.034700000286102296,0.0001353723759229819
2001-06-13,44.54999923706055,37.539405822753906,-0.02729269576704041,0.03460000038146973,0.00013498878856355034
2001-06-14,42.25,35.60133361816406,-0.051627673963212106,0.03440000057220459,0.0001342215030455396
2001-06-15,42.599998474121094,35.8962516784668,0.00828390485215591,0.03430000066757202,0.0001338378048729716
2001-06-18,42.029998779296875,35.41593551635742,-0.013380677359065452,0.034000000953674316,0.00013268648861530785
2001-06-19,41.81999969482422,35.238990783691406,-0.004996189711953036,0.03410000085830688,0.0001330702976651832
2001-06-20,42.77000045776367,36.03950881958008,0.022716826392745304,0.03410000085830688,0.0001330702976651832
2001-06-21,43.349998474121094,36.528228759765625,0.013560671501716692,0.034200000762939456,0.0001334540697486286
2001-06-22,43.25,36.44396209716797,-0.0023068915591788475,0.03359999895095825,0.0001311508734573863
2001-06-25,43.36000061035156,36.53666687011719,0.002543762193091048,0.03359999895095825,0.0001311508734573863
2001-06-26,43.5099983215332,36.663055419921875,0.003459224954864615,0.03410000085830688,0.0001330702976651832
2001-06-27,43.790000915527344,36.898990631103516,0.00643523046509209,0.03410000085830688,0.0001330702976651832
2001-06-28,44.349998474121094,37.3708610534668,0.01278816613388667,0.035499999523162844,0.0001384397461552389
2001-06-29,45.70000076293945,38.508419036865234,0.03043970492868553,0.03559999942779541,0.00013882300146050852
2001-07-02,45.45000076293945,38.297752380371094,-0.005470664902977762,0.03559999942779541,0.00013882300146050852
2001-07-03,45.63999938964844,38.45787811279297,0.004181073887352893,0.03569999933242798,0.00013920621990637372
2001-07-05,43.45000076293945,36.612483978271484,-0.0479848141675715,0.03559999942779541,0.00013882300146050852
2001-07-06,41.650001525878906,35.09575271606445,-0.04142661456969621,0.03519999980926514,0.00013728975901239338
2001-07-09,42.0099983215332,35.39910888671875,0.008643671874159375,0.035499999523162844,0.0001384397461552389
2001-07-10,40.5,34.1266975402832,-0.03594472817119243,0.0352999997138977,0.00013767312493828676
2001-07-11,41.0,34.54803466796875,0.012346261374637901,0.03490000009536743,0.0001361394398791127
2001-07-12,43.599998474121094,36.738887786865234,0.06341469608769779,0.03509999990463257,0.00013690635619867386
2001-07-13,43.150001525878906,36.35970687866211,-0.0103209686260205,0.03519999980926514,0.00013728975901239338
2001-07-16,42.349998474121094,35.68558883666992,-0.018540249629674488,0.03539999961853027,0.0001380564539836815
2001-07-17,43.29999923706055,36.4860954284668,0.022432209132396075,0.03509999990463257,0.00013690635619867386
2001-07-18,41.650001525878906,35.09575271606445,-0.03810609757155836,0.03440000057220459,0.0001342215030455396
2001-07-19,42.63999938964844,35.929962158203125,0.02376952701051005,0.034500000476837156,0.00013460516427343805
2001-07-20,41.650001525878906,35.09575271606445,-0.023217654348355987,0.03440000057220459,0.0001342215030455396
2001-07-23,40.61000061035156,34.21940994262695,-0.024970052089419048,0.03460000038146973,0.00013498878856355034
2001-07-24,40.150001525878906,33.831809997558594,-0.011326903231768659,0.034700000286102296,0.0001353723759229819
2001-07-25,40.5,34.1266975402832,0.008716280410237864,0.03460000038146973,0.00013498878856355034
2001-07-26,41.099998474121094,34.63229751586914,0.014815379513037463,0.03480000019073486,0.00013575592635928224
2001-07-27,41.95000076293945,35.34853744506836,0.020681270968841314,0.03460000038146973,0.00013498878856355034
2001-07-30,41.70000076293945,35.137882232666016,-0.005959375624230656,0.034700000286102296,0.0001353723759229819
2001-07-31,41.7599983215332,35.188438415527344,0.0014387942485141192,0.03440000057220459,0.0001342215030455396
2001-08-01,43.099998474121094,36.31758117675781,0.03208845893917878,0.03430000066757202,0.0001338378048729716
2001-08-02,43.90999984741211,37.00010681152344,0.018793256947476022,0.03430000066757202,0.0001338378048729716
2001-08-03,43.18000030517578,36.384986877441406,-0.01662481509081637,0.03430000066757202,0.0001338378048729716
2001-08-06,42.5,35.81198501586914,-0.015748304747294717,0.03430000066757202,0.0001338378048729716
2001-08-07,42.279998779296875,35.626617431640625,-0.005176132631195207,0.034200000762939456,0.0001334540697486286
2001-08-08,40.5,34.1266975402832,-0.04210110303722847,0.034000000953674316,0.00013268648861530785
2001-08-09,40.66999816894531,34.269962310791016,0.004198026203347194,0.03369999885559082,0.00013153483044403558
2001-08-10,40.279998779296875,33.94133758544922,-0.009589293456512493,0.03349999904632568,0.000130766879469002
2001-08-13,41.099998474121094,34.63229751586914,0.020357474972233724,0.03349999904632568,0.000130766879469002
2001-08-14,40.599998474121094,34.210975646972656,-0.012165576618283214,0.03349999904632568,0.000130766879469002
2001-08-15,39.099998474121094,32.947021484375,-0.03694586718720205,0.033399999141693115,0.0001303828484713332
2001-08-16,39.560001373291016,33.33463668823242,0.011764802595015889,0.03309999942779541,0.00012923053335311963
2001-08-17,37.7599983215332,31.817901611328125,-0.04550027321700867,0.032899999618530275,0.0001284621380981399
2001-08-20,38.279998779296875,32.25606918334961,0.01377110211018695,0.033399999141693115,0.0001303828484713332
2001-08-21,36.689998626708984,30.916276931762695,-0.04153612902958759,0.03299999952316284,0.00012884635424792457
2001-08-22,37.689998626708984,31.758922576904297,0.02725572833370138,0.03299999952316284,0.00012884635424792457
2001-08-23,37.31999969482422,31.44715118408203,-0.009816812647447715,0.03309999942779541,0.00012923053335311963
2001-08-24,39.29999923706055,33.115543365478516,0.05305384171781502,0.03329999923706055,0.0001299987804577185
2001-08-27,39.349998474121094,33.157684326171875,0.0012725432353102306,0.03349999904632568,0.000130766879469002
2001-08-28,38.119998931884766,32.12125778198242,-0.03125750682689821,0.03329999923706055,0.0001299987804577185
2001-08-29,37.560001373291016,31.64939308166504,-0.014690106580510731,0.03329999923706055,0.0001299987804577185
2001-08-30,36.16999816894531,30.478113174438477,-0.03700797371388154,0.03279999971389771,0.00012807788489621608
2001-08-31,36.630001068115234,30.865718841552734,0.01271750862318255,0.03279999971389771,0.00012807788489621608
2001-09-04,35.470001220703125,29.888277053833008,-0.031667553013664196,0.03359999895095825,0.0001311508734573863
2001-09-05,35.33000183105469,29.77031707763672,-0.003946697094109108,0.03319999933242798,0.00012961467542060845
2001-09-06,33.900001525878906,28.56532859802246,-0.04047617217081767,0.032699999809265134,0.00012769359463526975
2001-09-07,33.70000076293945,28.396804809570312,-0.005899592153258637,0.03180000066757202,0.00012423331344368904
2001-09-10,34.099998474121094,28.73386001586914,0.01186947646255021,0.03180000066757202,0.00012423331344368904
2001-09-17,31.200000762939453,26.290212631225586,-0.08504417378291595,0.026099998950958252,0.00010224811136150258
2001-09-18,30.5,25.700366973876953,-0.0224359409192475,0.024500000476837158,9.605496680142878e-05
2001-09-19,29.969999313354492,25.253765106201172,-0.01737725644656074,0.024100000858306884,9.450517540177117e-05
2001-09-20,28.969999313354492,24.41114044189453,-0.03336629848116113,0.022100000381469725,8.674715408707456e-05
2001-09-21,28.190000534057617,23.753877639770508,-0.026924706925860242,0.02200000047683716,8.63588566799578e-05
2001-09-24,29.610000610351562,24.950420379638672,0.05037252266824943,0.02319999933242798,9.101592991300755e-05
2001-09-25,29.700000762939453,25.026256561279297,0.0030394751065001557,0.023399999141693117,9.179157985195197e-05
2001-09-26,28.670000076293945,24.158348083496094,-0.034679916097640984,0.023399999141693117,9.179157985195197e-05
2001-09-27,28.479999542236328,23.998241424560547,-0.006627384388294466,0.023299999237060547,9.140377375693731e-05
2001-09-28,28.979999542236328,24.419559478759766,0.01755620533794744,0.022999999523162843,9.024012894864875e-05
2001-10-01,28.729999542236328,24.208906173706055,-0.008626417083278604,0.022999999523162843,9.024012894864875e-05
2001-10-02,28.81999969482422,24.284738540649414,0.003132416078580391,0.022699999809265136,8.907614420028409e-05
2001-10-03,31.0,26.121686935424805,0.07564209067767336,0.021800000667572022,8.558214832365962e-05
2001-10-04,31.299999237060547,26.37447738647461,0.009677416763883784,0.021700000762939452,8.519373735960123e-05
2001-10-05,31.760000228881836,26.76209259033203,0.014696602255944491,0.021500000953674315,8.441680182280642e-05
2001-10-08,31.860000610351562,26.84636688232422,0.0031490172791133197,0.021500000953674315,8.441680182280642e-05
2001-10-09,31.09000015258789,26.197528839111328,-0.024168560537704997,0.021700000762939452,8.519373735960123e-05
2001-10-10,32.5,27.38564109802246,0.045352073709233,0.021800000667572022,8.558214832365962e-05
2001-10-11,34.70000076293945,29.23944664001465,0.06769261071365062,0.022200000286102296,8.713541365668043e-05
2001-10-12,34.54999923706055,29.113039016723633,-0.004323187946998486,0.02190000057220459,8.597052142800266e-05
2001-10-15,34.400001525878906,28.98664093017578,-0.004341631475685004,0.022100000381469725,8.674715408707456e-05
2001-10-16,34.959999084472656,29.4585018157959,0.01627856386522164,0.021600000858306885,8.48052885285e-05
2001-10-17,32.45000076293945,27.34351921081543,-0.07179532137124489,0.021700000762939452,8.519373735960123e-05
2001-10-18,33.33000183105469,28.085044860839844,0.027118881234976966,0.021500000953674315,8.441680182280642e-05
2001-10-19,33.54999923706055,28.270410537719727,0.006600155983312872,0.021500000953674315,8.441680182280642e-05
2001-10-22,34.45000076293945,29.028783798217773,0.02682568969015109,0.021800000667572022,8.558214832365962e-05
2001-10-23,34.630001068115234,29.180461883544922,0.005225092666006237,0.021500000953674315,8.441680182280642e-05
2001-10-24,35.380001068115234,29.81243324279785,0.021657345993186805,0.02119999885559082,8.325110511964162e-05
2001-10-25,36.79999923706055,31.008970260620117,0.040135503468551326,0.020999999046325685,8.247379065107197e-05
2001-10-26,36.0099983215332,30.343284606933594,-0.021467518853146572,0.020999999046325685,8.247379065107197e-05
2001-10-29,34.040000915527344,28.683305740356445,-0.0547066307448415,0.02059999942779541,8.091870662707557e-05
2001-10-30,33.380001068115234,28.127166748046875,-0.019388943427364524,0.01990000009536743,7.819584827828407e-05
2001-10-31,33.900001525878906,28.56532859802246,0.015577887879731467,0.020099999904632567,7.8973997698073e-05
2001-11-01,35.34000015258789,29.778730392456055,0.04247813184678706,0.020099999904632567,7.8973997698073e-05
2001-11-02,35.599998474121094,29.99779510498047,0.007356415456177823,0.019500000476837157,7.663909337174424e-05
2001-11-05,36.7599983215332,30.975257873535156,0.03258448713093598,0.019700000286102293,7.741754685586244e-05
2001-11-06,38.189998626708984,32.180240631103516,0.03890146007784745,0.018200000524520876,7.157543045144266e-05
2001-11-07,38.13999938964844,32.13810348510742,-0.0013094105317337235,0.01759999990463257,6.923618048348956e-05
2001-11-08,37.75,31.80948257446289,-0.010225273896352083,0.01809999942779541,7.118564694685858e-05
2001-11-09,37.72999954223633,31.792619705200195,-0.0005301208286937475,0.017999999523162842,7.079582995372924e-05
2001-11-12,38.0,32.020137786865234,0.007156317528241418,0.017999999523162842,7.079582995372924e-05
2001-11-13,39.36000061035156,33.16612243652344,0.035789497761883116,0.017999999523162842,7.079582995372924e-05
2001-11-14,39.63999938964844,33.40208435058594,0.0071145463119515195,0.018400000333786012,7.2354873792424e-05
2001-11-15,39.47999954223633,33.26722717285156,-0.004037388095872174,0.018700000047683716,7.352375297942082e-05
2001-11-16,39.369998931884766,33.174530029296875,-0.0027864403327949594,0.018899999856948853,7.430281530829141e-05
2001-11-19,40.4900016784668,34.11829376220703,0.02844844319050499,0.01899999976158142,7.469228935641503e-05
2001-11-20,38.619998931884766,32.54256820678711,-0.04618418395721069,0.01899999976158142,7.469228935641503e-05
2001-11-21,38.41999816894531,32.374046325683594,-0.005178505889045559,0.01909999966621399,7.508172533676749e-05
2001-11-23,39.279998779296875,33.09870910644531,0.02238406572572349,0.019299999475479127,7.586048312457905e-05
2001-11-26,40.25,33.91605758666992,0.02469427063140195,0.01940000057220459,7.624980958764738e-05
2001-11-27,40.20000076293945,33.87391662597656,-0.001242507640685231,0.018600000143051146,7.313416468379685e-05
2001-11-28,38.75,32.65211868286133,-0.03606898950026605,0.018300000429153442,7.196517118179813e-05
2001-11-29,39.95000076293945,33.66326141357422,0.030967140005025984,0.01759999990463257,6.923618048348956e-05
2001-11-30,39.650001525878906,33.410484313964844,-0.0075089901867750886,0.017300000190734865,6.806604259845805e-05
2001-12-03,38.970001220703125,32.837486267089844,-0.017150246655822876,0.01740000009536743,6.84561267449979e-05
2001-12-04,40.83000183105469,34.40480422973633,0.047729535382166954,0.017100000381469728,6.728575971393091e-05
2001-12-05,42.849998474121094,36.10691833496094,0.0494731518848015,0.017300000190734865,6.806604259845805e-05
2001-12-06,42.90999984741211,36.15746307373047,0.001399862993031853,0.017100000381469728,6.728575971393091e-05
2001-12-07,41.72999954223633,35.16315460205078,-0.027499398109102513,0.01649999976158142,6.494398913359234e-05
2001-12-10,41.0,34.54803466796875,-0.01749330914826841,0.016799999475479124,6.611504414300029e-05
2001-12-11,41.22999954223633,34.74183654785156,0.005609635446571337,0.016100000143051147,6.338204685252258e-05
2001-12-12,41.560001373291016,35.019901275634766,0.00800374290519179,0.016399999856948854,6.455356096424225e-05
2001-12-13,39.7599983215332,33.503173828125,-0.04331044326972544,0.01659999966621399,6.533437904820971e-05
2001-12-14,40.11000061035156,33.798091888427734,0.008802690211252795,0.016799999475479124,6.611504414300029e-05
2001-12-17,40.79999923706055,34.37949752807617,0.017202321408194887,0.017100000381469728,6.728575971393091e-05
2001-12-18,41.2599983215332,34.76711654663086,0.011274714478829662,0.016799999475479124,6.611504414300029e-05
2001-12-19,40.5099983215332,34.135135650634766,-0.01817754702632468,0.016699999570846558,6.572473071542184e-05
2001-12-20,38.790000915527344,32.68583297729492,-0.04245779739014732,0.016399999856948854,6.455356096424225e-05
2001-12-21,39.47999954223633,33.26722717285156,0.01778734523793557,0.01659999966621399,6.533437904820971e-05
2001-12-24,39.31999969482422,33.13240432739258,-0.004052722661809671,0.01690000057220459,6.650532399077314e-05
2001-12-26,39.689998626708984,33.444190979003906,0.009410323758289874,0.017100000381469728,6.728575971393091e-05
2001-12-27,40.0099983215332,33.71382522583008,0.008062214660699896,0.017000000476837158,6.689556096106664e-05
2001-12-28,40.33000183105469,33.98347473144531,0.007998187800079215,0.016799999475479124,6.611504414300029e-05
2001-12-31,38.90999984741211,32.78693771362305,-0.035209378301598315,0.016699999570846558,6.572473071542184e-05
2002-01-02,40.11000061035156,33.798091888427734,0.030840152979110025,0.017000000476837158,6.689556096106664e-05
2002-01-03,41.5,34.9693603515625,0.03465486948201946,0.01690000057220459,6.650532399077314e-05
2002-01-04,41.66999816894531,35.11260223388672,0.004096211108357339,0.016799999475479124,6.611504414300029e-05
2002-01-07,41.209999084472656,34.72499465942383,-0.011038987423404811,0.01659999966621399,6.533437904820971e-05
2002-01-08,41.4900016784668,34.960941314697266,0.0067947211392702656,0.01649999976158142,6.494398913359234e-05
2002-01-09,41.11000061035156,34.64073181152344,-0.009159064119340976,0.01649999976158142,6.494398913359234e-05
2002-01-10,41.380001068115234,34.868247985839844,0.0065678801347008875,0.01649999976158142,6.494398913359234e-05
2002-01-11,40.849998474121094,34.42164611816406,-0.012808268079805729,0.01590000033378601,6.260084603337823e-05
2002-01-14,39.959999084472656,33.67169952392578,-0.02178706363036309,0.015399999618530273,6.064716894726985e-05
2002-01-15,40.34000015258789,33.99189758300781,0.009509411868400486,0.01559999942779541,6.142875287884486e-05
2002-01-16,38.779998779296875,32.6773796081543,-0.038671509045456465,0.015700000524520873,6.181949201478076e-05
2002-01-17,39.650001525878906,33.410484313964844,0.022434623418446042,0.01600000023841858,6.299146558919055e-05
2002-01-18,38.59000015258789,32.51729202270508,-0.02673389235744872,0.015800000429153443,6.221018817775814e-05
2002-01-22,37.400001525878906,31.514554977416992,-0.030837040322666764,0.016399999856948854,6.455356096424225e-05
2002-01-23,38.43000030517578,32.38246536254883,0.02753998543700753,0.016699999570846558,6.572473071542184e-05
2002-01-24,38.939998626708984,32.81222152709961,0.013271261460154449,0.016699999570846558,6.572473071542184e-05
2002-01-25,38.83000183105469,32.719539642333984,-0.0028246147457305915,0.016799999475479124,6.611504414300029e-05
2002-01-28,39.04999923706055,32.904911041259766,0.005665464763628281,0.01690000057220459,6.650532399077314e-05
2002-01-29,37.97999954223633,32.00328063964844,-0.02740108917118078,0.017000000476837158,6.689556096106664e-05
2002-01-30,38.27000045776367,32.24763870239258,0.007635406678945467,0.01690000057220459,6.650532399077314e-05
2002-01-31,38.5099983215332,32.44987487792969,0.006271348342851146,0.017200000286102295,6.767592025735958e-05
2002-02-01,38.13999938964844,32.13810348510742,-0.009607784128447094,0.017100000381469728,6.728575971393091e-05
2002-02-04,36.91999816894531,31.110090255737305,-0.0319873644643186,0.017200000286102295,6.767592025735958e-05
2002-02-05,36.310001373291016,30.59609031677246,-0.016521968748388738,0.017200000286102295,6.767592025735958e-05
2002-02-06,36.060001373291016,30.38542366027832,-0.00688541098921569,0.017000000476837158,6.689556096106664e-05
2002-02-07,35.189998626708984,29.652339935302734,-0.02412616434681858,0.01690000057220459,6.650532399077314e-05
2002-02-08,36.16999816894531,30.478113174438477,0.027848501701297934,0.016699999570846558,6.572473071542184e-05
2002-02-11,36.630001068115234,30.865718841552734,0.01271750862318255,0.017000000476837158,6.689556096106664e-05
2002-02-12,36.33000183105469,30.612937927246094,-0.008189697949504304,0.017100000381469728,6.728575971393091e-05
2002-02-13,36.95000076293945,31.1353702545166,0.01706573634037034,0.017100000381469728,6.728575971393091e-05
2002-02-14,36.880001068115234,31.07638168334961,-0.001894583898787383,0.017100000381469728,6.728575971393091e-05
2002-02-15,35.779998779296875,30.149478912353516,-0.029826598876300903,0.017000000476837158,6.689556096106664e-05
2002-02-19,34.68000030517578,29.222578048706055,-0.03074351189756952,0.017000000476837158,6.689556096106664e-05
2002-02-20,35.150001525878906,29.61863136291504,0.013552990210133897,0.017200000286102295,6.767592025735958e-05
2002-02-21,33.47999954223633,28.211429595947266,-0.04751069520145712,0.017200000286102295,6.767592025735958e-05
2002-02-22,33.650001525878906,28.35466957092285,0.005077373852623301,0.017200000286102295,6.767592025735958e-05
2002-02-25,35.0099983215332,29.500659942626953,0.04041628377427098,0.017300000190734865,6.806604259845805e-05
2002-02-26,34.880001068115234,29.391109466552734,-0.003713492385840622,0.017300000190734865,6.806604259845805e-05
2002-02-27,34.400001525878906,28.98664093017578,-0.01376159470391003,0.017300000190734865,6.806604259845805e-05
2002-02-28,33.779998779296875,28.464216232299805,-0.0180229471615706,0.017200000286102295,6.767592025735958e-05
2002-03-01,35.7400016784668,30.115781784057617,0.05802251986421103,0.0175,6.884617270408455e-05
2002-03-04,37.150001525878906,31.303890228271484,0.03945135652572751,0.0175,6.884617270408455e-05
2002-03-05,37.41999816894531,31.531410217285156,0.007268105892097365,0.0175,6.884617270408455e-05
2002-03-06,37.599998474121094,31.683086395263672,0.004810320151661607,0.01740000009536743,6.84561267449979e-05
2002-03-07,37.68000030517578,31.750492095947266,0.0021274979287899676,0.0175,6.884617270408455e-05
2002-03-08,38.66999816894531,32.5847053527832,0.026274026062809153,0.017699999809265135,6.962615009076245e-05
2002-03-11,38.529998779296875,32.46673583984375,-0.003620395264043008,0.017899999618530272,7.04059748184438e-05
2002-03-12,38.0,32.020137786865234,-0.013755557539924967,0.017999999523162842,7.079582995372924e-05
2002-03-13,37.08000183105469,31.244909286499023,-0.024210654730043468,0.017899999618530272,7.04059748184438e-05
2002-03-14,36.86000061035156,31.05953598022461,-0.0059329122889952846,0.01809999942779541,7.118564694685858e-05
2002-03-15,37.22999954223633,31.37129783630371,0.010037556783771606,0.018200000524520876,7.157543045144266e-05
2002-03-18,37.439998626708984,31.54825782775879,0.005640824691999002,0.018200000524520876,7.157543045144266e-05
2002-03-19,37.380001068115234,31.497705459594727,-0.0016023822437377655,0.017999999523162842,7.079582995372924e-05
2002-03-20,36.060001373291016,30.38542366027832,-0.035313105608382855,0.01809999942779541,7.118564694685858e-05
2002-03-21,37.02000045776367,31.194381713867188,0.026623227723705734,0.01809999942779541,7.118564694685858e-05
2002-03-22,36.68000030517578,30.907865524291992,-0.009184865153067823,0.017999999523162842,7.079582995372924e-05
2002-03-25,35.560001373291016,29.96409797668457,-0.0305348665007511,0.017799999713897705,7.001608153323069e-05
2002-03-26,35.88999938964844,30.242168426513672,0.009280120831452132,0.017899999618530272,7.04059748184438e-05
2002-03-27,35.61000061035156,30.0062313079834,-0.0078015939598903294,0.017799999713897705,7.001608153323069e-05
2002-03-28,36.060001373291016,30.38542366027832,0.012637120216894226,0.01740000009536743,6.84561267449979e-05
2002-04-01,36.75,30.966835021972656,0.019134548466223755,0.01759999990463257,6.923618048348956e-05
2002-04-02,35.09000015258789,29.568063735961914,-0.04516997894742025,0.01759999990463257,6.923618048348956e-05
2002-04-03,35.029998779296875,29.51752281188965,-0.001709307870937593,0.0175,6.884617270408455e-05
2002-04-04,34.7599983215332,29.289995193481445,-0.007708221989297659,0.01740000009536743,6.84561267449979e-05
2002-04-05,34.369998931884766,28.961368560791016,-0.011219757139583453,0.017200000286102295,6.767592025735958e-05
2002-04-08,34.79999923706055,29.323707580566406,0.01251111524701698,0.017100000381469728,6.728575971393091e-05
2002-04-09,33.59000015258789,28.304128646850586,-0.034769782467464094,0.01690000057220459,6.650532399077314e-05
2002-04-10,33.84000015258789,28.51477813720703,0.0074423591337049455,0.016699999570846558,6.572473071542184e-05
2002-04-11,33.0,27.806955337524414,-0.024823016201519277,0.016699999570846558,6.572473071542184e-05
2002-04-12,33.52000045776367,28.245126724243164,0.015757618243355642,0.016699999570846558,6.572473071542184e-05
2002-04-15,33.790000915527344,28.472644805908203,0.008055126956458603,0.016699999570846558,6.572473071542184e-05
2002-04-16,35.20000076293945,29.660785675048828,0.04172920630450472,0.017000000476837158,6.689556096106664e-05
2002-04-17,35.02000045776367,29.509090423583984,-0.0051143369271048345,0.01690000057220459,6.650532399077314e-05
2002-04-18,34.349998474121094,28.94451332092285,-0.019132311249075884,0.016699999570846558,6.572473071542184e-05
2002-04-19,34.459999084472656,29.037214279174805,0.003202712625502757,0.017000000476837158,6.689556096106664e-05
2002-04-22,33.59000015258789,28.304128646850586,-0.025246417417182476,0.016799999475479124,6.611504414300029e-05
2002-04-23,33.0099983215332,27.815370559692383,-0.01726808457014939,0.017000000476837158,6.689556096106664e-05
2002-04-24,32.5,27.38564109802246,-0.015449352391251225,0.016799999475479124,6.611504414300029e-05
2002-04-25,32.41999816894531,27.318225860595703,-0.0024617001729284604,0.017000000476837158,6.689556096106664e-05
2002-04-26,31.040000915527344,26.155391693115234,-0.04256624033399481,0.017000000476837158,6.689556096106664e-05
2002-04-29,31.1200008392334,26.222801208496094,0.0025772703453186274,0.017200000286102295,6.767592025735958e-05
2002-04-30,31.729999542236328,26.736818313598633,0.019601914418510002,0.017300000190734865,6.806604259845805e-05
2002-05-01,31.559999465942383,26.59356689453125,-0.005357833433551229,0.017200000286102295,6.767592025735958e-05
2002-05-02,30.510000228881836,25.708797454833984,-0.03327005524329307,0.017300000190734865,6.806604259845805e-05
2002-05-03,29.739999771118164,25.059953689575195,-0.02523819974071906,0.017200000286102295,6.767592025735958e-05
2002-05-06,28.969999313354492,24.41114044189453,-0.025890440809177018,0.017300000190734865,6.806604259845805e-05
2002-05-07,28.700000762939453,24.183626174926758,-0.009320099874453702,0.017100000381469728,6.728575971393091e-05
2002-05-08,31.770000457763672,26.770524978637695,0.10696902048514945,0.017300000190734865,6.806604259845805e-05
2002-05-09,30.950000762939453,26.079561233520508,-0.02581061617837388,0.017300000190734865,6.806604259845805e-05
2002-05-10,29.559999465942383,24.90829086303711,-0.044911429298815975,0.017300000190734865,6.806604259845805e-05
2002-05-13,30.760000228881836,25.919452667236328,0.040595390898527706,0.017300000190734865,6.806604259845805e-05
2002-05-14,32.56999969482422,27.444623947143555,0.05884272710106764,0.01740000009536743,6.84561267449979e-05
2002-05-15,32.810001373291016,27.646854400634766,0.007368672781987939,0.017300000190734865,6.806604259845805e-05
2002-05-16,32.86000061035156,27.688989639282227,0.0015240518156920402,0.01740000009536743,6.84561267449979e-05
2002-05-17,32.93000030517578,27.74798011779785,0.0021304669937083354,0.017200000286102295,6.767592025735958e-05
2002-05-20,32.209999084472656,27.141277313232422,-0.021864755632294952,0.017100000381469728,6.728575971393091e-05
2002-05-21,31.329999923706055,26.399755477905273,-0.027320815699621748,0.017009999752044678,6.693457976481021e-05
2002-05-22,31.399999618530273,26.458740234375,0.0022342917728572775,0.016970000267028808,6.677849295266824e-05
2002-05-23,32.029998779296875,26.989604949951172,0.020063869665513323,0.017039999961853028,6.705164318732137e-05
2002-05-24,31.239999771118164,26.323917388916016,-0.024664590766318772,0.017070000171661378,6.716870317013957e-05
2002-05-28,31.100000381469727,26.205949783325195,-0.004481384888424422,0.017220000028610228,6.775394685143432e-05
2002-05-29,30.280000686645508,25.51499366760254,-0.026366383261648085,0.017170000076293945,6.755887517573278e-05
2002-05-30,30.540000915527344,25.73407554626465,0.008586397532220014,0.017130000591278075,6.740281281891747e-05
2002-05-31,30.040000915527344,25.312747955322266,-0.0163723616255389,0.01705000042915344,6.709066511412232e-05
2002-06-03,28.979999542236328,24.419559478759766,-0.035286112678836856,0.01715000033378601,6.748084476138061e-05
2002-06-04,29.360000610351562,24.739768981933594,0.013112828814637156,0.01715000033378601,6.748084476138061e-05
2002-06-05,29.65999984741211,24.992551803588867,0.010217671063940337,0.01718000054359436,6.759789213539591e-05
2002-06-06,28.8799991607666,24.33530616760254,-0.026297660244999466,0.01705000042915344,6.709066511412232e-05
2002-06-07,28.299999237060547,23.846574783325195,-0.0200832231536906,0.017070000171661378,6.716870317013957e-05
2002-06-10,28.25,23.804441452026367,-0.001766850446307755,0.017109999656677245,6.732477469695297e-05
2002-06-11,27.459999084472656,23.138757705688477,-0.027964686660657767,0.017139999866485595,6.744182665574527e-05
2002-06-12,27.860000610351562,23.4758243560791,0.014567188726288371,0.01702000021934509,6.697360283847154e-05
2002-06-13,27.68000030517578,23.324132919311523,-0.0064616021344655605,0.01684999942779541,6.631018651925835e-05
2002-06-14,27.6200008392334,23.273582458496094,-0.0021673028956877838,0.01674999952316284,6.591989220883221e-05
2002-06-17,28.559999465942383,24.065658569335938,0.034033269792149934,0.01690000057220459,6.650532399077314e-05
2002-06-18,29.020000457763672,24.453271865844727,0.016106490308255283,0.016920000314712524,6.658337351206356e-05
2002-06-19,27.34000015258789,23.037647247314453,-0.057891010507577834,0.016699999570846558,6.572473071542184e-05
2002-06-20,26.459999084472656,22.296123504638672,-0.03218747707677583,0.01690000057220459,6.650532399077314e-05
2002-06-21,25.81999969482422,21.756839752197266,-0.024187332489847835,0.01677999973297119,6.603698544682679e-05
2002-06-24,26.329999923706055,22.186586380004883,0.019752254128001967,0.016920000314712524,6.658337351206356e-05
2002-06-25,25.459999084472656,21.453493118286133,-0.03304218364928069,0.01690000057220459,6.650532399077314e-05
2002-06-26,25.649999618530273,21.61358070373535,0.00746207550288247,0.016619999408721924,6.541245151048258e-05
2002-06-27,26.209999084472656,22.085460662841797,0.021832567475730258,0.01659999966621399,6.533437904820971e-05
2002-06-28,26.100000381469727,21.992767333984375,-0.004197029451750378,0.01659000039100647,6.529534457011543e-05
2002-07-01,24.850000381469727,20.939489364624023,-0.047892016196287024,0.01677000045776367,6.599795785167117e-05
2002-07-02,23.950000762939453,20.181108474731445,-0.036217735623191305,0.016820000410079958,6.619310596267525e-05
2002-07-03,24.75,20.85521697998047,0.03340294741951699,0.016820000410079958,6.619310596267525e-05
2002-07-05,26.34000015258789,22.19500732421875,0.06424245528226269,0.01684999942779541,6.631018651925835e-05
2002-07-08,25.3799991607666,21.386072158813477,-0.036446717659902705,0.01690000057220459,6.650532399077314e-05
2002-07-09,24.65999984741211,20.77937889099121,-0.02836861595326845,0.016829999685287474,6.623213164624886e-05
2002-07-10,23.899999618530273,20.13898277282715,-0.03081882868220387,0.01687000036239624,6.63882445157693e-05
2002-07-11,24.799999237060547,20.897348403930664,0.03765660061672782,0.016820000410079958,6.619310596267525e-05
2002-07-12,24.799999237060547,20.897348403930664,0.0,0.016720000505447388,6.580280018231299e-05
2002-07-15,25.56999969482422,21.546180725097656,0.03104854781695421,0.01674999952316284,6.591989220883221e-05
2002-07-16,25.190000534057617,21.22597885131836,-0.014861189454626444,0.01674999952316284,6.591989220883221e-05
2002-07-17,25.649999618530273,21.61358070373535,0.01826072922865074,0.01690000057220459,6.650532399077314e-05
2002-07-18,24.729999542236328,20.838363647460938,-0.03586712756671728,0.01690000057220459,6.650532399077314e-05
2002-07-19,23.989999771118164,20.21481704711914,-0.029923011753265616,0.016720000505447388,6.580280018231299e-05
2002-07-22,23.399999618530273,19.7176570892334,-0.024593839099651627,0.016699999570846558,6.572473071542184e-05
2002-07-23,22.399999618530273,18.87502670288086,-0.04273481289075909,0.016619999408721924,6.541245151048258e-05
2002-07-24,23.6200008392334,19.903045654296875,0.054464503155331245,0.0164300000667572,6.467069436300044e-05
2002-07-25,22.25,18.748628616333008,-0.05800202933839127,0.01659999966621399,6.533437904820971e-05
2002-07-26,22.670000076293945,19.102537155151367,0.01887650270644592,0.01646999955177307,6.48268637690741e-05
2002-07-29,23.829999923706055,20.079994201660156,0.051168964550093676,0.01677000045776367,6.599795785167117e-05
2002-07-30,24.309999465942383,20.484455108642578,0.020142481263713874,0.016820000410079958,6.619310596267525e-05
2002-07-31,23.850000381469727,20.096837997436523,-0.01892250045950772,0.016649999618530274,6.552955966210305e-05
2002-08-01,22.729999542236328,19.15309715270996,-0.0469596682247696,0.016419999599456787,6.463164872783089e-05
2002-08-02,22.25,18.748628616333008,-0.021117657011400115,0.015920000076293947,6.267897207701267e-05
2002-08-05,21.440000534057617,18.066097259521484,-0.036404334993170195,0.016019999980926514,6.306958397384044e-05
2002-08-06,22.5,18.959291458129883,0.04944035149249815,0.01611999988555908,6.346015757974222e-05
2002-08-07,22.799999237060547,19.212080001831055,0.013333227365560418,0.015579999685287475,6.135060231637901e-05
2002-08-08,23.56999969482422,19.860912322998047,0.033772101776858854,0.015779999494552614,6.213204828409147e-05
2002-08-09,23.329999923706055,19.658679962158203,-0.010182430572721834,0.015750000476837157,6.201484488510545e-05
2002-08-12,23.399999618530273,19.7176570892334,0.0030000553032412114,0.016330000162124634,6.428023941107419e-05
2002-08-13,22.600000381469727,19.043554306030273,-0.03418777292618658,0.01597000002861023,6.287428281215313e-05
2002-08-14,24.040000915527344,20.256948471069336,0.06371679075973935,0.016019999980926514,6.306958397384044e-05
2002-08-15,24.530000686645508,20.669843673706055,0.02038289247891445,0.015820000171661377,6.228832188193145e-05
2002-08-16,24.700000762939453,20.813091278076172,0.006930270331572119,0.015850000381469727,6.240552189362703e-05
2002-08-19,25.299999237060547,21.31866455078125,0.024291118793950295,0.01625,6.396784696605096e-05
2002-08-20,25.190000534057617,21.22597885131836,-0.004347631590248646,0.015750000476837157,6.201484488510545e-05
2002-08-21,25.75,21.697856903076172,0.022231156219610693,0.015950000286102294,6.279616059834403e-05
2002-08-22,26.15999984741211,22.043336868286133,0.015922308214733505,0.016109999418258667,6.342110007961921e-05
2002-08-23,25.149999618530273,21.1922664642334,-0.038608964202564766,0.016169999837875367,6.365543002595508e-05
2002-08-26,25.25,21.276540756225586,0.003976653093448856,0.01625,6.396784696605096e-05
2002-08-27,24.3700008392334,20.53502655029297,-0.03485125775042386,0.016419999599456787,6.463164872783089e-05
2002-08-28,23.479999542236328,19.78508186340332,-0.036520268676202394,0.016369999647140504,6.443642412157224e-05
2002-08-29,23.790000915527344,20.04629135131836,0.013202345571195373,0.016399999856948854,6.455356096424225e-05
2002-08-30,23.489999771118164,19.793506622314453,-0.012610049638297927,0.016449999809265137,6.474877983109195e-05
2002-09-03,22.639999389648438,19.07726287841797,-0.03618579353135021,0.016050000190734864,6.318676100702803e-05
2002-09-04,22.729999542236328,19.15309715270996,0.003975112927640412,0.015920000076293947,6.267897207701267e-05
2002-09-05,22.170000076293945,18.681217193603516,-0.024637266513300116,0.015770000219345093,6.209298241999228e-05
2002-09-06,22.850000381469727,19.254209518432617,0.030672108722406666,0.01621999979019165,6.385069290248957e-05
2002-09-09,23.079999923706055,19.448020935058594,0.010065924360095568,0.016369999647140504,6.443642412157224e-05
2002-09-10,23.649999618530273,19.92831802368164,0.02469645061710235,0.0163100004196167,6.42021447596619e-05
2002-09-11,23.450000762939453,19.759794235229492,-0.008456498348324515,0.016549999713897704,6.51391888721875e-05
2002-09-12,22.809999465942383,19.22050666809082,-0.02729216512675936,0.016519999504089354,6.502206924574594e-05
2002-09-13,22.989999771118164,19.372190475463867,0.007891769451887853,0.01649999976158142,6.494398913359234e-05
2002-09-16,22.65999984741211,19.094104766845703,-0.014354892337569036,0.01656999945640564,6.52172651591787e-05
2002-09-17,22.18000030517578,18.689638137817383,-0.021182801391695594,0.01656999945640564,6.52172651591787e-05
2002-09-18,21.93000030517578,18.47898292541504,-0.011271230124894505,0.016419999599456787,6.463164872783089e-05
2002-09-19,21.579999923706055,18.18407440185547,-0.015959131774182622,0.016169999837875367,6.365543002595508e-05
2002-09-20,21.670000076293945,18.259904861450195,0.004170157794063378,0.01611999988555908,6.346015757974222e-05
2002-09-23,21.020000457763672,17.71218490600586,-0.029995772683387156,0.016169999837875367,6.365543002595508e-05
2002-09-24,21.030000686645508,17.720617294311523,0.0004760783805279889,0.016139999628067017,6.353826677552021e-05
2002-09-25,21.8700008392334,18.428442001342773,0.03994356941834454,0.01621999979019165,6.385069290248957e-05
2002-09-26,21.600000381469727,18.200927734375,-0.012345822123823402,0.016169999837875367,6.365543002595508e-05
2002-09-27,21.309999465942383,17.956558227539062,-0.013426211586698988,0.01597000002861023,6.287428281215313e-05
2002-09-30,20.719999313354492,17.459400177001953,-0.027686711687022747,0.015269999504089355,6.013905622959115e-05
2002-10-01,21.979999542236328,18.52112579345703,0.06081111640098702,0.015520000457763672,6.111614143122779e-05
2002-10-02,21.25,17.90599250793457,-0.03321252133278907,0.015399999618530273,6.064716894726985e-05
2002-10-03,20.739999771118164,17.476255416870117,-0.023999624196984648,0.015299999713897705,6.025631947892407e-05
2002-10-04,20.350000381469727,17.147619247436523,-0.01880472455880655,0.015670000314712523,6.170227476332002e-05
2002-10-07,20.15999984741211,16.987518310546875,-0.009336627702039912,0.015820000171661377,6.228832188193145e-05
2002-10-08,20.200000762939453,17.021223068237305,0.0019840895576550555,0.01572000026702881,6.189763338082521e-05
2002-10-09,20.059999465942383,16.903257369995117,-0.006930506566377059,0.01527999997138977,6.017814591618986e-05
2002-10-10,21.079999923706055,17.762739181518555,0.0508471114596587,0.015379999876022338,6.0569003052624026e-05
2002-10-11,22.219999313354492,18.723346710205078,0.054079920831467065,0.015460000038146973,6.0881662089284916e-05
2002-10-14,22.479999542236328,18.94243621826172,0.011701407416507825,0.015449999570846558,6.084257930427661e-05
2002-10-15,23.559999465942383,19.85248374938965,0.048042792418146574,0.01625,6.396784696605096e-05
2002-10-16,22.780000686645508,19.195236206054688,-0.03310656498359643,0.016200000047683717,6.377258983136791e-05
2002-10-17,23.549999237060547,19.84406089782715,0.03380133929103746,0.016269999742507934,6.404594620978976e-05
2002-10-18,23.809999465942383,20.063138961791992,0.011039981437913848,0.016319999694824217,6.424118994918793e-05
2002-10-21,24.290000915527344,20.467605590820312,0.020159688361755412,0.016619999408721924,6.541245151048258e-05
2002-10-22,24.139999389648438,20.341215133666992,-0.006175146212999416,0.01656999945640564,6.52172651591787e-05
2002-10-23,24.600000381469727,20.728824615478516,0.019055374974624062,0.016419999599456787,6.463164872783089e-05
2002-10-24,23.979999542236328,20.206382751464844,-0.025203641484985884,0.01621999979019165,6.385069290248957e-05
2002-10-25,24.700000762939453,20.813091278076172,0.03002558815567058,0.016019999980926514,6.306958397384044e-05
2002-10-28,24.489999771118164,20.63614273071289,-0.008501790771929807,0.015520000457763672,6.111614143122779e-05
2002-10-29,23.920000076293945,20.15582847595215,-0.023275389254111323,0.01472000002861023,5.798863522854525e-05
2002-10-30,24.559999465942383,20.69512176513672,0.026756195600096566,0.01468000054359436,5.78321975550633e-05
2002-10-31,24.549999237060547,20.686689376831055,-0.00040745777683071083,0.014170000553131104,5.583705296596797e-05
2002-11-01,25.25,21.276540756225586,0.02851357066612903,0.013969999551773072,5.5054366588702663e-05
2002-11-04,25.899999618530273,21.824249267578125,0.025742366563618946,0.01406999945640564,5.5445726663938544e-05
2002-11-05,26.100000381469727,21.992767333984375,0.007721597400218494,0.013949999809265137,5.4976090893443796e-05
2002-11-06,26.469999313354492,22.30453872680664,0.014176087442188345,0.012070000171661377,4.761120719987133e-05
2002-11-07,25.540000915527344,21.520898818969727,-0.035133652277466676,0.011950000524520873,4.714064699173903e-05
2002-11-08,25.06999969482422,21.124860763549805,-0.01840248675259004,0.011970000267028809,4.721907677351922e-05
2002-11-11,24.309999465942383,20.484455108642578,-0.030315260397466126,0.011970000267028809,4.721907677351922e-05
2002-11-12,24.93000030517578,21.006898880004883,0.025504401683688505,0.01190000057220459,4.694456344500608e-05
2002-11-13,25.229999542236328,21.259689331054688,0.012033687242166913,0.01187000036239624,4.682690774981957e-05
2002-11-14,26.100000381469727,21.992767333984375,0.034482065636719295,0.01190999984741211,4.698377812140109e-05
2002-11-15,26.440000534057617,22.279272079467773,0.013027225775297246,0.011970000267028809,4.721907677351922e-05
2002-11-18,26.049999237060547,21.950651168823242,-0.014750073946418696,0.012020000219345094,4.741514681083636e-05
2002-11-19,25.649999618530273,21.61358070373535,-0.015355829879280969,0.01190000057220459,4.694456344500608e-05
2002-11-20,26.739999771118164,22.53205680847168,0.04249532353413299,0.011959999799728394,4.717985973812233e-05
2002-11-21,27.729999542236328,23.36627197265625,0.037023480425050215,0.011970000267028809,4.721907677351922e-05
2002-11-22,27.719999313354492,23.357852935791016,-0.0003603072357920567,0.011979999542236329,4.725828874807547e-05
2002-11-25,27.989999771118164,23.585357666015625,0.00973996757535911,0.012020000219345094,4.741514681083636e-05
2002-11-26,27.049999237060547,22.79328155517578,-0.03358338347275325,0.012020000219345094,4.741514681083636e-05
2002-11-27,27.90999984741211,23.517953872680664,0.031793242045936365,0.012070000171661377,4.761120719987133e-05
2002-11-29,27.719999313354492,23.357852935791016,-0.006807604851867155,0.012020000219345094,4.741514681083636e-05
2002-12-02,28.0,23.593774795532227,0.010100323021544177,0.012050000429153442,4.7532785137027744e-05
2002-12-03,27.170000076293945,22.89440155029297,-0.029642278579843584,0.012000000476837159,4.73367208886355e-05
2002-12-04,26.56999969482422,22.388818740844727,-0.022083250716888547,0.011970000267028809,4.721907677351922e-05
2002-12-05,26.200000762939453,22.077037811279297,-0.013925742718915113,0.01187000036239624,4.682690774981957e-05
2002-12-06,26.469999313354492,22.30453872680664,0.010304865963997711,0.011829999685287475,4.667002652603003e-05
2002-12-09,25.219999313354492,21.251253128051758,-0.04722292676194173,0.011970000267028809,4.721907677351922e-05
2002-12-10,25.600000381469727,21.571447372436523,0.015067075925141893,0.011920000314712525,4.702299708680968e-05
2002-12-11,25.719999313354492,21.672569274902344,0.0046877662272690745,0.011820000410079957,4.663080876143866e-05
2002-12-12,25.860000610351562,21.79054832458496,0.005443703890670726,0.01184999942779541,4.674846557239931e-05
2002-12-13,25.040000915527344,21.099580764770508,-0.03170950769673275,0.01187000036239624,4.682690774981957e-05
2002-12-16,25.850000381469727,21.782115936279297,0.0323482811871032,0.012020000219345094,4.741514681083636e-05
2002-12-17,25.93000030517578,21.84952735900879,0.0030948059833442176,0.011920000314712525,4.702299708680968e-05
2002-12-18,25.3799991607666,21.386072158813477,-0.021211223134500634,0.011820000410079957,4.663080876143866e-05
2002-12-19,25.059999465942383,21.11642837524414,-0.012608382762713699,0.011770000457763672,4.643470012122286e-05
2002-12-20,25.31999969482422,21.335519790649414,0.010375401157428854,0.011770000457763672,4.643470012122286e-05
2002-12-23,25.670000076293945,21.630443572998047,0.013823135561847666,0.011619999408721923,4.584631160087227e-05
2002-12-24,25.350000381469727,21.36080551147461,-0.012465674160285656,0.011649999618530273,4.5963996256448425e-05
2002-12-26,25.280000686645508,21.301816940307617,-0.0027615330861612275,0.011549999713897705,4.5571703669811114e-05
2002-12-27,24.81999969482422,20.914199829101562,-0.0181964342427805,0.011349999904632568,4.4787002601021086e-05
2002-12-30,24.6299991607666,20.754098892211914,-0.007655130877485039,0.011649999618530273,4.5963996256448425e-05
2002-12-31,24.3700008392334,20.53502655029297,-0.010555618100150488,0.011820000410079957,4.663080876143866e-05
2003-01-02,25.399999618530273,21.402935028076172,0.04226478478893525,0.01190000057220459,4.694456344500608e-05
2003-01-03,25.68000030517578,21.63886833190918,0.011023408870022289,0.011920000314712525,4.702299708680968e-05
2003-01-06,26.31999969482422,22.17815589904785,0.024922170552857725,0.011820000410079957,4.663080876143866e-05
2003-01-07,26.649999618530273,22.456222534179688,0.012537860965427416,0.011720000505447388,4.6238581827617864e-05
2003-01-08,25.899999618530273,21.824249267578125,-0.028142456534693716,0.011670000553131103,4.6042453879957534e-05
2003-01-09,26.700000762939453,22.498355865478516,0.030887962726023233,0.011770000457763672,4.643470012122286e-05
2003-01-10,27.100000381469727,22.83541488647461,0.014981495670680411,0.011720000505447388,4.6238581827617864e-05
2003-01-13,26.940000534057617,22.700593948364258,-0.005904028404152495,0.011720000505447388,4.6238581827617864e-05
2003-01-14,27.079999923706055,22.81855583190918,0.0051964227814145225,0.011720000505447388,4.6238581827617864e-05
2003-01-15,26.739999771118164,22.53205680847168,-0.01255552829670592,0.011670000553131103,4.6042453879957534e-05
2003-01-16,26.440000534057617,22.279272079467773,-0.011218892760329946,0.011649999618530273,4.5963996256448425e-05
2003-01-17,25.309999465942383,21.327098846435547,-0.04273807643427163,0.011519999504089355,4.545400742617112e-05
2003-01-21,25.030000686645508,21.09115982055664,-0.011062874870031325,0.011519999504089355,4.545400742617112e-05
2003-01-22,24.93000030517578,21.006898880004883,-0.003995083308298342,0.011419999599456786,4.506166461970551e-05
2003-01-23,25.510000228881836,21.495622634887695,0.023264916810162628,0.011419999599456786,4.506166461970551e-05
2003-01-24,24.81999969482422,20.914199829101562,-0.027048428215448617,0.011269999742507935,4.4473077959406027e-05
2003-01-27,24.530000686645508,20.669843673706055,-0.011683743934371882,0.011419999599456786,4.506166461970551e-05
2003-01-28,24.780000686645508,20.8804988861084,0.01019142745962398,0.011499999761581422,4.537554289107959e-05
2003-01-29,25.149999618530273,21.1922664642334,0.014931040672232943,0.011519999504089355,4.545400742617112e-05
2003-01-30,24.5,20.64456558227539,-0.025844375016819132,0.011519999504089355,4.545400742617112e-05
2003-01-31,24.440000534057617,20.594005584716797,-0.0024490705487163478,0.011480000019073486,4.529707681055761e-05
2003-02-03,24.489999771118164,20.63614273071289,0.002046087917319195,0.011519999504089355,4.545400742617112e-05
2003-02-04,24.190000534057617,20.38335418701172,-0.012249796243410604,0.011469999551773071,4.525784085229745e-05
2003-02-05,24.079999923706055,20.29064178466797,-0.004548436998795147,0.011469999551773071,4.525784085229745e-05
2003-02-06,24.209999084472656,20.400203704833984,0.00539962813048156,0.011419999599456786,4.506166461970551e-05
2003-02-07,23.809999465942383,20.063138961791992,-0.016522616534565437,0.011369999647140503,4.486547872728508e-05
2003-02-10,24.020000457763672,20.240089416503906,0.008819679465356556,0.011499999761581422,4.537554289107959e-05
2003-02-11,24.149999618530273,20.349637985229492,0.005412454780770792,0.011519999504089355,4.545400742617112e-05
2003-02-12,23.81999969482422,20.071569442749023,-0.013664544926170197,0.011499999761581422,4.537554289107959e-05
2003-02-13,23.940000534057617,20.172685623168945,0.005037781460405455,0.011469999551773071,4.525784085229745e-05
2003-02-14,24.489999771118164,20.63614273071289,0.022974487195281945,0.011510000228881836,4.5414777690266916e-05
2003-02-18,25.25,21.276540756225586,0.03103283563548853,0.011549999713897705,4.5571703669811114e-05
2003-02-19,25.079999923706055,21.133285522460938,-0.006733013388124709,0.01156999945640564,4.565016434199265e-05
2003-02-20,24.979999542236328,21.049020767211914,-0.003987300278485595,0.01156999945640564,4.565016434199265e-05
2003-02-21,25.170000076293945,21.209131240844727,0.007606552124373334,0.011670000553131103,4.6042453879957534e-05
2003-02-24,24.739999771118164,20.8467960357666,-0.01708392488893351,0.011720000505447388,4.6238581827617864e-05
2003-02-25,24.770000457763672,20.872072219848633,0.001212473323894292,0.011749999523162842,4.635625022153533e-05
2003-02-26,24.219999313354492,20.40863037109375,-0.022203921291253703,0.011820000410079957,4.663080876143866e-05
2003-02-27,24.770000457763672,20.872072219848633,0.022708130841121443,0.011820000410079957,4.663080876143866e-05
2003-02-28,25.15999984741211,21.20069122314453,0.015744435906243748,0.011749999523162842,4.635625022153533e-05
2003-03-03,24.649999618530273,20.77095603942871,-0.020269866637493528,0.011720000505447388,4.6238581827617864e-05
2003-03-04,24.5,20.64456558227539,-0.0060849609865525345,0.011649999618530273,4.5963996256448425e-05
2003-03-05,24.549999237060547,20.686689376831055,0.00204043017460398,0.011519999504089355,4.545400742617112e-05
2003-03-06,24.489999771118164,20.63614273071289,-0.0024434381547187023,0.011469999551773071,4.525784085229745e-05
2003-03-07,24.540000915527344,20.67827033996582,0.002041447852084932,0.01097000002861023,4.329564372085315e-05
2003-03-10,24.010000228881836,20.231678009033203,-0.02159718020851431,0.01059999942779541,4.1842991701068755e-05
2003-03-11,23.799999237060547,20.05471420288086,-0.00874686746563147,0.01062000036239624,4.192153051629788e-05
2003-03-12,24.229999542236328,20.417051315307617,0.018067428374257677,0.010670000314712524,4.2117861420276625e-05
2003-03-13,25.6200008392334,21.58831787109375,0.057367077042510095,0.011019999980926514,4.349190692609639e-05
2003-03-14,25.719999313354492,21.672569274902344,0.0039026386544642744,0.01103000044822693,4.353116027866477e-05
2003-03-17,26.600000381469727,22.41409683227539,0.034215027667797715,0.011169999837875366,4.4080638540666683e-05
2003-03-18,26.93000030517578,22.69215965270996,0.012405711571396916,0.01125,4.439459410354729e-05
2003-03-19,26.700000762939453,22.498355865478516,-0.008540561594731266,0.011349999904632568,4.4787002601021086e-05
2003-03-20,26.799999237060547,22.582624435424805,0.003745543472160495,0.011369999647140503,4.486547872728508e-05
2003-03-21,27.170000076293945,22.89440155029297,0.01380606207926327,0.01156999945640564,4.565016434199265e-05
2003-03-24,26.040000915527344,21.942214965820312,-0.04159036795004023,0.011549999713897705,4.5571703669811114e-05
2003-03-25,26.40999984741211,22.253995895385742,0.014209182165569656,0.011519999504089355,4.545400742617112e-05
2003-03-26,26.559999465942383,22.380386352539062,0.005679450007426645,0.011490000486373901,4.5336312382460164e-05
2003-03-27,26.3700008392334,22.22028160095215,-0.007153797484320434,0.011319999694824218,4.466928317414798e-05
2003-03-28,26.079999923706055,21.975919723510742,-0.010997244851790544,0.011109999418258666,4.384515446242965e-05
2003-03-31,25.25,21.276540756225586,-0.03182478713448034,0.010900000333786011,4.302085992646809e-05
2003-04-01,25.450000762939453,21.445058822631836,0.007920369590951548,0.010950000286102294,4.321713666755045e-05
2003-04-02,26.149999618530273,22.034902572631836,0.027504879090259893,0.011019999980926514,4.349190692609639e-05
2003-04-03,26.479999542236328,22.312973022460938,0.012619545237947838,0.010870000123977661,4.290308830445788e-05
2003-04-04,26.049999237060547,21.950651168823242,-0.016238170201387847,0.010820000171661378,4.270679609130745e-05
2003-04-07,26.09000015258789,21.984350204467773,0.0015352180391074999,0.011319999694824218,4.466928317414798e-05
2003-04-08,26.059999465942383,21.95906639099121,-0.0011500823650191228,0.011269999742507935,4.4473077959406027e-05
2003-04-09,25.459999084472656,21.453493118286133,-0.02302344114741106,0.011100000143051148,4.380590888208857e-05
2003-04-10,25.770000457763672,21.714710235595703,0.012175971338062475,0.011169999837875366,4.4080638540666683e-05
2003-04-11,25.510000228881836,21.495622634887695,-0.010089363308604993,0.011469999551773071,4.525784085229745e-05
2003-04-14,26.030000686645508,21.93379783630371,0.020384392155491815,0.01156999945640564,4.565016434199265e-05
2003-04-15,26.280000686645508,22.144441604614258,0.009603615839018032,0.01159999966621399,4.576785479137868e-05
2003-04-16,26.219999313354492,22.093887329101562,-0.002282932955155692,0.011469999551773071,4.525784085229745e-05
2003-04-17,26.81999969482422,22.59947967529297,0.022883811194486015,0.011469999551773071,4.525784085229745e-05
2003-04-21,26.920000076293945,22.683734893798828,0.003728192848527101,0.011519999504089355,4.545400742617112e-05
2003-04-22,27.43000030517578,23.11348533630371,0.01894531233577257,0.011519999504089355,4.545400742617112e-05
2003-04-23,27.6299991607666,23.282005310058594,0.007290980624639731,0.011469999551773071,4.525784085229745e-05
2003-04-24,27.479999542236328,23.15561866760254,-0.005428511881725773,0.01128999948501587,4.455156026916818e-05
2003-04-25,26.950000762939453,22.709014892578125,-0.019287058637274312,0.011169999837875366,4.4080638540666683e-05
2003-04-28,27.479999542236328,23.15561866760254,0.01966636497166485,0.011119999885559083,4.3884404334892935e-05
2003-04-29,27.729999542236328,23.36627197265625,0.009097286843319896,0.011169999837875366,4.4080638540666683e-05
2003-04-30,27.450000762939453,23.130346298217773,-0.010096847058639113,0.0110099995136261,4.345265318672631e-05
2003-05-01,27.690000534057617,23.33255386352539,0.008742089837331823,0.010770000219345092,4.251049420678221e-05
2003-05-02,28.280000686645508,23.829721450805664,0.021307894120303317,0.010959999561309814,4.325638804791865e-05
2003-05-05,28.25,23.804441452026367,-0.001060860020184684,0.010920000076293946,4.309937084734372e-05
2003-05-06,28.610000610351562,24.10779571533203,0.012743599294989583,0.010800000429153443,4.262827743417574e-05
2003-05-07,28.290000915527344,23.83814239501953,-0.01118531629754127,0.010870000123977661,4.290308830445788e-05
2003-05-08,27.770000457763672,23.399980545043945,-0.018380704448981322,0.010670000314712524,4.2117861420276625e-05
2003-05-09,28.40999984741211,23.939279556274414,0.02304698545335726,0.010820000171661378,4.270679609130745e-05
2003-05-12,28.84000015258789,24.30160140991211,0.015135035822025467,0.010670000314712524,4.2117861420276625e-05
2003-05-13,28.65999984741211,24.14992332458496,-0.006241485191394891,0.01062000036239624,4.192153051629788e-05
2003-05-14,28.600000381469727,24.09937286376953,-0.002093193429064333,0.010369999408721924,4.0939726169364477e-05
2003-05-15,28.920000076293945,24.369003295898438,0.011188275879753906,0.010299999713897705,4.06647798387727e-05
2003-05-16,28.700000762939453,24.183626174926758,-0.007607086704398802,0.010219999551773072,4.035053021911317e-05
2003-05-19,27.690000534057617,23.33255386352539,-0.03519208845048005,0.010169999599456787,4.0154112205037507e-05
2003-05-20,27.770000457763672,23.399980545043945,0.002889811458828717,0.01,3.948621945371045e-05
2003-05-21,27.690000534057617,23.33255386352539,-0.002881484511867871,0.010470000505447387,4.133247975035559e-05
2003-05-22,28.09000015258789,23.669626235961914,0.014446441414347255,0.010499999523162842,4.145029312563331e-05
2003-05-23,28.100000381469727,23.67805290222168,0.0003560118007677193,0.010549999475479126,4.164664725148093e-05
2003-05-27,29.100000381469727,24.520679473876953,0.03558681852493928,0.010629999637603759,4.196079466267655e-05
2003-05-28,29.190000534057617,24.596521377563477,0.003092977246708095,0.010870000123977661,4.290308830445788e-05
2003-05-29,29.309999465942383,24.69763946533203,0.004111072708874675,0.010750000476837157,4.243197168096735e-05
2003-05-30,29.790000915527344,25.102102279663086,0.016376577806101578,0.010850000381469726,4.2824573515565234e-05
2003-06-02,29.579999923706055,24.92514991760254,-0.0070493044801235305,0.011019999980926514,4.349190692609639e-05
2003-06-03,29.860000610351562,25.161081314086914,0.009465595884651234,0.01062000036239624,4.192153051629788e-05
2003-06-04,30.420000076293945,25.632953643798828,0.018754056068636782,0.010219999551773072,4.035053021911317e-05
2003-06-05,30.639999389648438,25.818342208862305,0.007232430863788775,0.010169999599456787,4.0154112205037507e-05
2003-06-06,30.1299991607666,25.388593673706055,-0.016645086337446435,0.010269999504089355,4.0546938550711786e-05
2003-06-09,29.729999542236328,25.05154800415039,-0.013275476140481524,0.010069999694824219,3.9761247124570076e-05
2003-06-10,30.18000030517578,25.430723190307617,0.015135798637848863,0.009570000171661376,3.779634043366009e-05
2003-06-11,30.520000457763672,25.71722412109375,0.011265937214688604,0.009100000262260438,3.594844274990017e-05
2003-06-12,30.649999618530273,25.826766967773438,0.004259512852704761,0.008920000195503234,3.5240509819844945e-05
2003-06-13,29.959999084472656,25.24534797668457,-0.022512263800357202,0.008330000042915344,3.291918097780844e-05
2003-06-16,30.8799991607666,26.020566940307617,0.030707398620094306,0.00837000012397766,3.3076602228510055e-05
2003-06-17,30.760000228881836,25.919452667236328,-0.0038859365863644912,0.008669999837875366,3.425705987281091e-05
2003-06-18,30.920000076293945,26.054275512695312,0.005201608505777111,0.008619999885559082,3.406034121877788e-05
2003-06-19,30.420000076293945,25.632953643798828,-0.016170930129728256,0.007919999957084655,3.130525737105039e-05
2003-06-20,30.3799991607666,25.59925651550293,-0.0013146018505771906,0.008069999814033509,3.189579238216389e-05
2003-06-23,29.90999984741211,25.203216552734375,-0.015470760353087254,0.008199999928474427,3.2407519538812934e-05
2003-06-24,29.68000030517578,25.009414672851562,-0.007689569284829445,0.00800000011920929,3.162022120806185e-05
2003-06-25,29.520000457763672,24.874588012695312,-0.005391036212559097,0.00897000014781952,3.5437170213592495e-05
2003-06-26,30.219999313354492,25.464431762695312,0.023712704294799103,0.00875,3.457179045573966e-05
2003-06-27,29.829999923706055,25.13581085205078,-0.012905094985310117,0.008420000076293946,3.327336945924131e-05
2003-06-30,29.950000762939453,25.236923217773438,0.004022641891992418,0.008379999995231629,3.3115955982987444e-05
2003-07-01,30.350000381469727,25.573972702026367,0.013355411091299674,0.008679999709129334,3.4296401969058365e-05
2003-07-02,30.969999313354492,26.096410751342773,0.020428505786080242,0.008470000028610229,3.347012697263452e-05
2003-07-03,30.579999923706055,25.767778396606445,-0.012593009738682825,0.008420000076293946,3.327336945924131e-05
2003-07-07,31.889999389648438,26.87163543701172,0.042838657776979705,0.008619999885559082,3.406034121877788e-05
2003-07-08,32.279998779296875,27.200254440307617,0.012229214856170456,0.008849999904632568,3.4965167553080434e-05
2003-07-09,32.20000076293945,27.132856369018555,-0.0024778470891502202,0.008700000047683716,3.4375087341276256e-05
2003-07-10,31.600000381469727,26.627267837524414,-0.01863381151685317,0.008629999756813049,3.409968525769358e-05
2003-07-11,31.84000015258789,26.82950210571289,0.007595006345468169,0.008659999966621399,3.421771738820745e-05
2003-07-14,32.220001220703125,27.149709701538086,0.011934906378937793,0.008669999837875366,3.425705987281091e-05
2003-07-15,32.2599983215332,27.183406829833984,0.0012411598012036507,0.008880000114440918,3.508317404654626e-05
2003-07-16,32.15999984741211,27.09914779663086,-0.003099649493184531,0.008820000290870666,3.484715990875742e-05
2003-07-17,31.18000030517578,26.273359298706055,-0.030472858560794736,0.008709999918937682,3.441442827201158e-05
2003-07-18,31.280000686645508,26.357622146606445,0.003207159272721638,0.008769999742507934,3.465046804462801e-05
2003-07-21,30.8799991607666,26.020566940307617,-0.01278776986877106,0.008870000243186951,3.504383971852931e-05
2003-07-22,31.34000015258789,26.40818214416504,0.01489649340641308,0.009020000100135803,3.5633820900438096e-05
2003-07-23,31.600000381469727,26.627267837524414,0.008296129289148357,0.008920000195503234,3.5240509819844945e-05
2003-07-24,31.18000030517578,26.273359298706055,-0.013291207381014636,0.009010000228881836,3.5594492008517165e-05
2003-07-25,31.799999237060547,26.795808792114258,0.019885142492377605,0.009020000100135803,3.5633820900438096e-05
2003-07-28,31.889999389648438,26.87163543701172,0.002829794968524091,0.009369999766349793,3.701010400281035e-05
2003-07-29,31.649999618530273,26.669403076171875,-0.007525867240715023,0.009570000171661376,3.779634043366009e-05
2003-07-30,31.420000076293945,26.475603103637695,-0.00726675328955273,0.009470000267028808,3.740324278411755e-05
2003-07-31,31.799999237060547,26.795808792114258,0.012094368057382177,0.009269999861717225,3.6616928768662405e-05
2003-08-01,31.459999084472656,26.509305953979492,-0.010692076524261518,0.009179999828338623,3.6263037412442856e-05
2003-08-04,31.450000762939453,26.50086784362793,-0.00031830747912486856,0.009369999766349793,3.701010400281035e-05
2003-08-05,30.209999084472656,25.456010818481445,-0.03942727579005367,0.009350000023841858,3.69314729973258e-05
2003-08-06,30.190000534057617,25.439149856567383,-0.0006623568018686576,0.00921999990940094,3.6420326600783426e-05
2003-08-07,30.309999465942383,25.540267944335938,0.003974900432549333,0.009200000166893006,3.634168395461046e-05
2003-08-08,30.06999969482422,25.338041305541992,-0.007917952906159487,0.009269999861717225,3.6616928768662405e-05
2003-08-11,30.399999618530273,25.616121292114258,0.01097480200695089,0.009259999990463256,3.657760958009071e-05
2003-08-12,30.860000610351562,26.003719329833984,0.015131019770703746,0.009269999861717225,3.6616928768662405e-05
2003-08-13,30.8700008392334,26.012144088745117,0.00032398284277235234,0.009269999861717225,3.6616928768662405e-05
2003-08-14,30.899999618530273,26.037429809570312,0.0009720736875409308,0.009350000023841858,3.69314729973258e-05
2003-08-15,31.170000076293945,26.264936447143555,0.008737676461815003,0.009269999861717225,3.6616928768662405e-05
2003-08-18,31.969999313354492,26.939041137695312,0.02566557478288023,0.009369999766349793,3.701010400281035e-05
2003-08-19,32.369998931884766,27.27609634399414,0.01251177443829632,0.009369999766349793,3.701010400281035e-05
2003-08-20,32.290000915527344,27.20867919921875,-0.0024716566448935717,0.009369999766349793,3.701010400281035e-05
2003-08-21,32.63999938964844,27.50361442565918,0.010839748018672601,0.009459999799728393,3.7363929011435815e-05
2003-08-22,32.439998626708984,27.3350772857666,-0.006127817867288887,0.009509999752044678,3.756048462366657e-05
2003-08-25,32.5099983215332,27.394073486328125,0.002158259877766744,0.00972000002861023,3.838591419658144e-05
2003-08-26,32.540000915527344,27.41934585571289,0.0009225487913426811,0.009769999980926513,3.8582419398469625e-05
2003-08-27,32.79999923706055,27.63843536376953,0.00799032585275894,0.009769999980926513,3.8582419398469625e-05
2003-08-28,33.09000015258789,27.88279914855957,0.00884144784513996,0.009620000123977662,3.799287471517587e-05
2003-08-29,33.38999938964844,28.13558578491211,0.009066042293877752,0.009599999785423278,3.791426076027449e-05
2003-09-02,33.869998931884766,28.540048599243164,0.014375489368625427,0.009520000219345093,3.7599796457010726e-05
2003-09-03,33.849998474121094,28.52320098876953,-0.0005903147086470106,0.009520000219345093,3.7599796457010726e-05
2003-09-04,34.15999984741211,28.784427642822266,0.00915839194049739,0.009419999718666076,3.7206677070855676e-05
2003-09-05,33.939998626708984,28.599040985107422,-0.00644051915901378,0.009269999861717225,3.6616928768662405e-05
2003-09-08,34.5,29.070911407470703,0.01649951907859437,0.009319999814033508,3.681352123585668e-05
2003-09-09,34.09000015258789,28.72543716430664,-0.01188384630676842,0.009319999814033508,3.681352123585668e-05
2003-09-10,33.27000045776367,28.03446388244629,-0.024054404391064765,0.009319999814033508,3.681352123585668e-05
2003-09-11,33.63999938964844,28.346235275268555,0.011121004279931235,0.009319999814033508,3.681352123585668e-05
2003-09-12,33.81999969482422,28.497934341430664,0.005351647747539268,0.009319999814033508,3.681352123585668e-05
2003-09-15,33.4900016784668,28.219852447509766,-0.009757966685908892,0.009259999990463256,3.657760958009071e-05
2003-09-16,34.400001525878906,28.98664093017578,0.027171952230872876,0.009269999861717225,3.6616928768662405e-05
2003-09-17,34.2599983215332,28.868688583374023,-0.004069196809864506,0.009269999861717225,3.6616928768662405e-05
2003-09-18,34.779998779296875,29.30685043334961,0.015177753873722333,0.009319999814033508,3.681352123585668e-05
2003-09-19,34.58000183105469,29.138322830200195,-0.005750450855600553,0.009269999861717225,3.6616928768662405e-05
2003-09-22,33.91999816894531,28.582191467285156,-0.019085908484020253,0.00921999990940094,3.6420326600783426e-05
2003-09-23,34.52000045776367,29.0877628326416,0.01768833456787644,0.00925000011920929,3.6538290003163e-05
2003-09-24,33.220001220703125,27.992347717285156,-0.0376589675066793,0.009169999957084656,3.622371473088748e-05
2003-09-25,32.790000915527344,27.630006790161133,-0.012944285016161072,0.009169999957084656,3.622371473088748e-05
2003-09-26,32.58000183105469,27.453062057495117,-0.006404078508190025,0.009169999957084656,3.622371473088748e-05
2003-09-29,33.13999938964844,27.924924850463867,0.017187984057316585,0.009210000038146973,3.638100547176393e-05
2003-09-30,32.41999816894531,27.318225860595703,-0.021726074219250213,0.009259999990463256,3.657760958009071e-05
2003-10-01,33.150001525878906,27.933347702026367,0.022516902985194376,0.009100000262260438,3.594844274990017e-05
2003-10-02,33.2599983215332,28.02603530883789,0.0033181703747167113,0.009120000004768371,3.602709315830843e-05
2003-10-03,34.189998626708984,28.809690475463867,0.027961684840197565,0.009120000004768371,3.602709315830843e-05
2003-10-06,34.439998626708984,29.020357131958008,0.007312354038428781,0.009049999713897704,3.575180524739707e-05
2003-10-07,34.650001525878906,29.197290420532227,0.006096868062983818,0.009020000100135803,3.5633820900438096e-05
2003-10-08,34.43000030517578,29.011934280395508,-0.0063484021108469735,0.008769999742507934,3.465046804462801e-05
2003-10-09,34.689998626708984,29.231002807617188,0.0075509797142243595,0.008799999952316284,3.476848385930431e-05
2003-10-10,35.0099983215332,29.500659942626953,0.009225038798172713,0.008870000243186951,3.504383971852931e-05
2003-10-13,35.2400016784668,29.694475173950195,0.006569860867525534,0.008870000243186951,3.504383971852931e-05
2003-10-14,35.33000183105469,29.77031707763672,0.0025540745624308414,0.008870000243186951,3.504383971852931e-05
2003-10-15,35.18000030517578,29.643901824951172,-0.004246352242600393,0.009029999971389771,3.56731494044471e-05
2003-10-16,35.459999084472656,29.87982940673828,0.007958722275504648,0.009020000100135803,3.5633820900438096e-05
2003-10-17,34.61000061035156,29.163602828979492,-0.023970236510027387,0.009070000052452088,3.5830461881714015e-05
2003-10-20,35.040000915527344,29.52593421936035,0.012424095627197929,0.009120000004768371,3.602709315830843e-05
2003-10-21,35.25,29.702892303466797,0.005993310246908745,0.009359999895095825,3.697078869402404e-05
2003-10-22,34.56999969482422,29.129901885986328,-0.019290728041780336,0.009319999814033508,3.681352123585668e-05
2003-10-23,34.16999816894531,28.79283905029297,-0.01157102543676991,0.009300000071525573,3.6734886350364704e-05
2003-10-24,34.20000076293945,28.818134307861328,0.0008785259947508006,0.009269999861717225,3.6616928768662405e-05
2003-10-27,34.209999084472656,28.8265438079834,0.0002918127881643695,0.00940999984741211,3.716736370185103e-05
2003-10-28,35.36000061035156,29.79557991027832,0.03361610426660144,0.009449999928474426,3.732461719407887e-05
2003-10-29,35.31999969482422,29.761877059936523,-0.001131135908187919,0.009369999766349793,3.701010400281035e-05
2003-10-30,35.38999938964844,29.820863723754883,0.001981953749071952,0.009319999814033508,3.681352123585668e-05
2003-10-31,35.18000030517578,29.643901824951172,-0.00593416409541303,0.009319999814033508,3.681352123585668e-05
2003-11-03,35.7599983215332,30.13263702392578,0.016486871460464902,0.009210000038146973,3.638100547176393e-05
2003-11-04,35.52000045776367,29.930416107177734,-0.006711026206816184,0.009279999732971191,3.665624756954422e-05
2003-11-05,35.84000015258789,30.200050354003906,0.009008703583025301,0.009330000281333923,3.68528404399715e-05
2003-11-06,35.939998626708984,30.28430938720703,0.0027900295600651326,0.009269999861717225,3.6616928768662405e-05
2003-11-07,35.630001068115234,30.023086547851562,-0.008625682561076209,0.009319999814033508,3.681352123585668e-05
2003-11-10,35.189998626708984,29.652339935302734,-0.012348717443089074,0.00921999990940094,3.6420326600783426e-05
2003-11-11,35.060001373291016,29.542797088623047,-0.0036942395412535856,0.00921999990940094,3.6420326600783426e-05
2003-11-12,35.810001373291016,30.174758911132812,0.021391401112561992,0.009279999732971191,3.665624756954422e-05
2003-11-13,35.77000045776367,30.141054153442383,-0.0011169851527129682,0.009269999861717225,3.6616928768662405e-05
2003-11-14,35.040000915527344,29.52593421936035,-0.020408043161017964,0.009269999861717225,3.6616928768662405e-05
2003-11-17,34.68000030517578,29.222578048706055,-0.010274227680673542,0.009279999732971191,3.665624756954422e-05
2003-11-18,33.880001068115234,28.54848289489746,-0.023067614112795343,0.009359999895095825,3.697078869402404e-05
2003-11-19,34.209999084472656,28.8265438079834,0.009739954102276904,0.009269999861717225,3.6616928768662405e-05
2003-11-20,33.880001068115234,28.54848289489746,-0.009646002480843019,0.00921999990940094,3.6420326600783426e-05
2003-11-21,34.22999954223633,28.843400955200195,0.010330428464044417,0.009120000004768371,3.602709315830843e-05
2003-11-24,35.18000030517578,29.643901824951172,0.02775334541839647,0.009169999957084656,3.622371473088748e-05
2003-11-25,35.18000030517578,29.643901824951172,0.0,0.009200000166893006,3.634168395461046e-05
2003-11-26,35.34000015258789,29.778730392456055,0.004548273311018702,0.009120000004768371,3.602709315830843e-05
2003-11-28,35.380001068115234,29.81243324279785,0.0011317759319360299,0.009079999923706054,3.5869788444609085e-05
2003-12-01,35.900001525878906,30.25059700012207,0.014697349718345132,0.00897000014781952,3.5437170213592495e-05
2003-12-02,35.70000076293945,30.08207130432129,-0.005570987435391861,0.009169999957084656,3.622371473088748e-05
2003-12-03,35.25,29.702892303466797,-0.012604816903017735,0.009120000004768371,3.602709315830843e-05
2003-12-04,35.630001068115234,30.023086547851562,0.010779901199971409,0.009010000228881836,3.5594492008517165e-05
2003-12-05,35.040000915527344,29.52593421936035,-0.016559001277195007,0.008949999809265136,3.535850581437572e-05
2003-12-08,35.2400016784668,29.694475173950195,0.005708234440193527,0.008920000195503234,3.5240509819844945e-05
2003-12-09,34.43000030517578,29.011934280395508,-0.022985450645494288,0.008920000195503234,3.5240509819844945e-05
2003-12-10,34.560001373291016,29.121471405029297,0.003775588472493041,0.008870000243186951,3.504383971852931e-05
2003-12-11,35.29999923706055,29.745023727416992,0.021412115950982136,0.00871999979019165,3.4453768814390884e-05
2003-12-12,35.2400016784668,29.694475173950195,-0.0016993952981857463,0.008769999742507934,3.465046804462801e-05
2003-12-15,34.779998779296875,29.30685043334961,-0.013053766343061435,0.008799999952316284,3.476848385930431e-05
2003-12-16,34.849998474121094,29.365825653076172,0.002012335643527541,0.008780000209808349,3.468980860099613e-05
2003-12-17,34.90999984741211,29.41638946533203,0.0017218590361876007,0.00871999979019165,3.4453768814390884e-05
2003-12-18,35.560001373291016,29.96409797668457,0.0186191616750937,0.008629999756813049,3.409968525769358e-05
2003-12-19,35.459999084472656,29.87982940673828,-0.002812317928337471,0.008579999804496766,3.390295883298755e-05
2003-12-22,35.56999969482422,29.972524642944336,0.0031022679194128155,0.008610000014305114,3.4020996791506164e-05
2003-12-23,35.84000015258789,30.200050354003906,0.00759114268050598,0.008820000290870666,3.484715990875742e-05
2003-12-24,35.900001525878906,30.26242446899414,0.002065364602346298,0.00871999979019165,3.4453768814390884e-05
2003-12-26,35.849998474121094,30.220272064208984,-0.0013928958279051384,0.008470000028610229,3.347012697263452e-05
2003-12-29,36.439998626708984,30.71763038635254,0.016457771163900015,0.008569999933242797,3.38636128514036e-05
2003-12-30,36.560001373291016,30.818777084350586,0.003292789734294921,0.009120000004768371,3.602709315830843e-05
2003-12-31,36.459999084472656,30.734477996826172,-0.0027353157879590473,0.009070000052452088,3.5830461881714015e-05
2004-01-02,36.36000061035156,30.650175094604492,-0.002742942379902691,0.009020000100135803,3.5633820900438096e-05
2004-01-05,37.09000015258789,31.265546798706055,0.020077265536074806,0.009020000100135803,3.5633820900438096e-05
2004-01-06,37.34000015258789,31.476287841796875,0.006740360066229245,0.009010000228881836,3.5594492008517165e-05
2004-01-07,37.68000030517578,31.762907028198242,0.009105876393110446,0.008859999775886536,3.500450265780941e-05
2004-01-08,37.97999954223633,32.01579284667969,0.007961671085613853,0.008470000028610229,3.347012697263452e-05
2004-01-09,37.72999954223633,31.805042266845703,-0.006582706879796674,0.008420000076293946,3.327336945924131e-05
2004-01-12,38.33000183105469,32.31083679199219,0.015902966608339897,0.008470000028610229,3.347012697263452e-05
2004-01-13,37.95000076293945,31.99051284790039,-0.00991382384040218,0.008619999885559082,3.406034121877788e-05
2004-01-14,38.08000183105469,32.100093841552734,0.0034254215983766656,0.008579999804496766,3.390295883298755e-05
2004-01-15,38.18000030517578,32.18438720703125,0.0026259538646395963,0.008519999980926514,3.366687476957786e-05
2004-01-16,38.56999969482422,32.51314163208008,0.010214717556499053,0.008619999885559082,3.406034121877788e-05
2004-01-20,38.540000915527344,32.487850189208984,-0.0007778836987607507,0.008569999933242797,3.38636128514036e-05
2004-01-21,38.380001068115234,32.352970123291016,-0.004151707950277639,0.008669999837875366,3.425705987281091e-05
2004-01-22,38.150001525878906,32.159088134765625,-0.005992710647169108,0.008519999980926514,3.366687476957786e-05
2004-01-23,38.0099983215332,32.04106903076172,-0.0036698523138882777,0.008669999837875366,3.425705987281091e-05
2004-01-26,38.59000015258789,32.529998779296875,0.01525947052720844,0.008820000290870666,3.484715990875742e-05
2004-01-27,37.7400016784668,31.8134822845459,-0.022026330207149947,0.00897000014781952,3.5437170213592495e-05
2004-01-28,37.099998474121094,31.273988723754883,-0.016958016603328185,0.009169999957084656,3.622371473088748e-05
2004-01-29,37.2400016784668,31.39199447631836,0.003773287558738625,0.009169999957084656,3.622371473088748e-05
2004-01-30,37.06999969482422,31.24869728088379,-0.004564768751557757,0.00897000014781952,3.5437170213592495e-05
2004-02-02,36.970001220703125,31.164390563964844,-0.002697927409937795,0.009020000100135803,3.5633820900438096e-05
2004-02-03,36.93000030517578,31.130678176879883,-0.001081759869995369,0.009120000004768371,3.602709315830843e-05
2004-02-04,36.33000183105469,30.62489128112793,-0.01624721738723922,0.009120000004768371,3.602709315830843e-05
2004-02-05,36.470001220703125,30.74290657043457,0.0038535741473590956,0.009110000133514404,3.5987768148171284e-05
2004-02-06,37.130001068115234,31.299272537231445,0.018097376886671235,0.009070000052452088,3.5830461881714015e-05
2004-02-09,37.119998931884766,31.29084587097168,-0.00026922882152424776,0.009120000004768371,3.602709315830843e-05
2004-02-10,37.18000030517578,31.341421127319336,0.0016162955950824731,0.009210000038146973,3.638100547176393e-05
2004-02-11,37.58000183105469,31.67860221862793,0.01075832170911628,0.009100000262260438,3.594844274990017e-05
2004-02-12,37.25,31.400436401367188,-0.008780874084689638,0.008980000019073486,3.547650065871544e-05
2004-02-13,36.939998626708984,31.139110565185547,-0.00832236319397972,0.00897000014781952,3.5437170213592495e-05
2004-02-17,37.439998626708984,31.560575485229492,0.013534905538219011,0.00897000014781952,3.5437170213592495e-05
2004-02-18,37.54999923706055,31.653301239013672,0.0029380248097052863,0.009120000004768371,3.602709315830843e-05
2004-02-19,36.97999954223633,31.17281150817871,-0.01517976678662325,0.009120000004768371,3.602709315830843e-05
2004-02-20,36.86000061035156,31.0716552734375,-0.0032450148012690416,0.009160000085830688,3.618439166142018e-05
2004-02-23,36.45000076293945,30.72604751586914,-0.01112292713493801,0.009269999861717225,3.6616928768662405e-05
2004-02-24,36.36000061035156,30.650175094604492,-0.0024693192713921563,0.009380000233650208,3.70494212671435e-05
2004-02-25,36.58000183105469,30.835630416870117,0.006050710043032481,0.009380000233650208,3.70494212671435e-05
2004-02-26,36.66999816894531,30.911500930786133,0.0024604820102691605,0.009319999814033508,3.681352123585668e-05
2004-02-27,36.56999969482422,30.82720947265625,-0.002726863969453319,0.009269999861717225,3.6616928768662405e-05
2004-03-01,37.04999923706055,31.231834411621094,0.013125577886760942,0.009359999895095825,3.697078869402404e-05
2004-03-02,36.619998931884766,30.869346618652344,-0.011606356136220741,0.009419999718666076,3.7206677070855676e-05
2004-03-03,36.41999816894531,30.70076560974121,-0.005461113608710821,0.009419999718666076,3.7206677070855676e-05
2004-03-04,36.7599983215332,30.987369537353516,0.009335400011046158,0.00940999984741211,3.716736370185103e-05
2004-03-05,36.630001068115234,30.877779006958008,-0.0035366193398056467,0.009309999942779541,3.6774203987066656e-05
2004-03-08,35.77000045776367,30.1528377532959,-0.023477765466834555,0.009269999861717225,3.6616928768662405e-05
2004-03-09,35.65999984741211,30.060123443603516,-0.0030748120774221066,0.009319999814033508,3.681352123585668e-05
2004-03-10,35.189998626708984,29.66391944885254,-0.013180384820917435,0.009369999766349793,3.701010400281035e-05
2004-03-11,34.869998931884766,29.3941650390625,-0.009093687375168247,0.009369999766349793,3.701010400281035e-05
2004-03-12,35.5099983215332,29.933673858642578,0.01835428286066687,0.009319999814033508,3.681352123585668e-05
2004-03-15,34.88999938964844,29.41101837158203,-0.017460452383115777,0.009319999814033508,3.681352123585668e-05
2004-03-16,34.95000076293945,29.461610794067383,0.001720186014852132,0.009380000233650208,3.70494212671435e-05
2004-03-17,35.5,29.925247192382812,0.015736967050314465,0.009179999828338623,3.6263037412442856e-05
2004-03-18,35.34000015258789,29.790369033813477,-0.004507169404557754,0.009169999957084656,3.622371473088748e-05
2004-03-19,34.75,29.293012619018555,-0.016695208247685667,0.009169999957084656,3.622371473088748e-05
2004-03-22,34.310001373291016,28.922115325927734,-0.01266163019538713,0.009229999780654908,3.6459647341668955e-05
2004-03-23,34.029998779296875,28.686079025268555,-0.008161100873820937,0.009229999780654908,3.6459647341668955e-05
2004-03-24,34.41999816894531,29.014833450317383,0.011460416906724724,0.009179999828338623,3.6263037412442856e-05
2004-03-25,35.34000015258789,29.790369033813477,0.02672893452323466,0.009169999957084656,3.622371473088748e-05
2004-03-26,35.220001220703125,29.689199447631836,-0.003396050114948479,0.00921999990940094,3.6420326600783426e-05
2004-03-29,35.790000915527344,30.169706344604492,0.016184568998575122,0.009229999780654908,3.6459647341668955e-05
2004-03-30,35.90999984741211,30.270843505859375,0.003352275295611884,0.009330000281333923,3.68528404399715e-05
2004-03-31,35.84000015258789,30.21186637878418,-0.0019483146237329052,0.009229999780654908,3.6459647341668955e-05
2004-04-01,36.15999984741211,30.48157501220703,0.008927241701699451,0.009160000085830688,3.618439166142018e-05
2004-04-02,37.099998474121094,31.273988723754883,0.025996481849461794,0.009269999861717225,3.6616928768662405e-05
2004-04-05,37.45000076293945,31.569005966186523,0.009433310379355353,0.009120000004768371,3.602709315830843e-05
2004-04-06,36.97999954223633,31.17281150817871,-0.012550108750087885,0.009179999828338623,3.6263037412442856e-05
2004-04-07,36.939998626708984,31.139110565185547,-0.0010811005283987152,0.009179999828338623,3.6263037412442856e-05
2004-04-08,36.939998626708984,31.139110565185547,0.0,0.00912999987602234,3.606641778031161e-05
2004-04-12,37.16999816894531,31.33298683166504,0.006226133725741434,0.009120000004768371,3.602709315830843e-05
2004-04-13,36.630001068115234,30.877779006958008,-0.014528069958750334,0.00921999990940094,3.6420326600783426e-05
2004-04-14,36.810001373291016,31.029521942138672,0.004914308608351403,0.009340000152587891,3.6892156912715635e-05
2004-04-15,36.150001525878906,30.473167419433594,-0.017929845124347144,0.009269999861717225,3.6616928768662405e-05
2004-04-16,36.09000015258789,30.422576904296875,-0.0016601659565081972,0.009169999957084656,3.622371473088748e-05
2004-04-19,36.529998779296875,30.793500900268555,0.012192392417595954,0.00921999990940094,3.6420326600783426e-05
2004-04-20,35.68000030517578,30.076974868774414,-0.023268742122396713,0.009470000267028808,3.740324278411755e-05
2004-04-21,35.9900016784668,30.338281631469727,0.008687933671367887,0.009670000076293945,3.818939930244625e-05
2004-04-22,36.91999816894531,31.122249603271484,0.025840882530029363,0.009369999766349793,3.701010400281035e-05
2004-04-23,37.209999084472656,31.366708755493164,0.007854803407141286,0.009520000219345093,3.7599796457010726e-05
2004-04-26,36.939998626708984,31.139110565185547,-0.007256043089562514,0.009430000185966491,3.724599239540716e-05
2004-04-27,36.869998931884766,31.08009147644043,-0.0018953363687626013,0.009620000123977662,3.799287471517587e-05
2004-04-28,36.20000076293945,30.515316009521484,-0.018171615336044278,0.009480000138282776,3.744255382587269e-05
2004-04-29,35.63999938964844,30.043258666992188,-0.015469521678294407,0.009490000009536743,3.748186447971591e-05
2004-04-30,34.77000045776367,29.309877395629883,-0.024410843027758977,0.009520000219345093,3.7599796457010726e-05
2004-05-03,35.099998474121094,29.588050842285156,0.009490774829946869,0.009589999914169312,3.7874954372574265e-05
2004-05-04,35.25,29.714500427246094,0.0042736706664106006,0.009860000014305115,3.893610480854015e-05
2004-05-05,35.529998779296875,29.95051383972168,0.007942701680395015,0.009670000076293945,3.818939930244625e-05
2004-05-06,35.2599983215332,29.72291374206543,-0.007599205104601436,0.009710000157356262,3.834661246182591e-05
2004-05-07,34.970001220703125,29.47846221923828,-0.008224345868258154,0.010369999408721924,4.0939726169364477e-05
2004-05-10,34.66999816894531,29.225568771362305,-0.008578922672259792,0.010269999504089355,4.0546938550711786e-05
2004-05-11,35.189998626708984,29.66391944885254,0.01499887584462578,0.01031000018119812,4.070406105438629e-05
2004-05-12,35.2599983215332,29.72291374206543,0.0019887558457880594,0.010069999694824219,3.9761247124570076e-05
2004-05-13,35.0099983215332,29.512182235717773,-0.007089867035795283,0.009800000190734863,3.8700318804485434e-05
2004-05-14,34.75,29.293012619018555,-0.007426411742401218,0.00968999981880188,3.826800548623055e-05
2004-05-17,34.41999816894531,29.014833450317383,-0.009496434262980635,0.009769999980926513,3.8582419398469625e-05
2004-05-18,34.72999954223633,29.276155471801758,0.009006497381135903,0.010269999504089355,4.0546938550711786e-05
2004-05-19,34.689998626708984,29.242429733276367,-0.0011519865905164073,0.010160000324249267,4.011483025001539e-05
2004-05-20,34.849998474121094,29.37729835510254,0.004612086719753661,0.010039999485015869,3.964337910922211e-05
2004-05-21,35.02000045776367,29.520618438720703,0.004878599859175603,0.010039999485015869,3.964337910922211e-05
2004-05-24,35.2599983215332,29.72291374206543,0.006852678366635612,0.010119999647140504,3.9957684507152536e-05
2004-05-25,35.959999084472656,30.312992095947266,0.019852641601779686,0.010570000410079956,4.1725189937391605e-05
2004-05-26,36.189998626708984,30.506874084472656,0.006396003004642825,0.010520000457763672,4.152883968244758e-05
2004-05-27,36.41999816894531,30.70076560974121,0.006355666750112565,0.010390000343322754,4.1018282792126826e-05
2004-05-28,36.54999923706055,30.810359954833984,0.003569759350170676,0.010520000457763672,4.152883968244758e-05
2004-06-01,36.5,30.768192291259766,-0.001368619634305901,0.010930000543594361,4.3138628067262985e-05
2004-06-02,36.41999816894531,30.70076560974121,-0.002191441111660919,0.011419999599456786,4.506166461970551e-05
2004-06-03,35.97999954223633,30.329843521118164,-0.012081851421495315,0.011469999551773071,4.525784085229745e-05
2004-06-04,36.189998626708984,30.506874084472656,0.005836843939904579,0.011770000457763672,4.643470012122286e-05
2004-06-07,37.04999923706055,31.231834411621094,0.0237638351651841,0.01184000015258789,4.670924857985703e-05
2004-06-08,37.099998474121094,31.273988723754883,0.0013497225804355306,0.012419999837875366,4.8983359848486785e-05
2004-06-09,36.58000183105469,30.835630416870117,-0.014016706047853766,0.012419999837875366,4.8983359848486785e-05
2004-06-10,36.84000015258789,31.054807662963867,0.007107921684449847,0.012669999599456788,4.996317964089947e-05
2004-06-14,36.31999969482422,30.616456985473633,-0.01411538858162098,0.013389999866485596,5.278371883443711e-05
2004-06-15,36.790000915527344,31.01265525817871,0.012940696335080881,0.01312000036239624,5.1726252947581486e-05
2004-06-16,36.72999954223633,30.96207046508789,-0.0016311016476887596,0.012769999504089356,5.035504009920366e-05
2004-06-17,36.38999938964844,30.67546272277832,-0.009256736968955015,0.012419999837875366,4.8983359848486785e-05
2004-06-18,36.439998626708984,30.71763038635254,0.0013746382232371346,0.01246999979019165,4.917934308457106e-05
2004-06-21,36.150001525878906,30.473167419433594,-0.007958392748535603,0.012380000352859497,4.882656818727682e-05
2004-06-22,36.68000030517578,30.919931411743164,0.01466089777148194,0.012929999828338623,5.0981938547911554e-05
2004-06-23,37.119998931884766,31.29084587097168,0.011995966429849458,0.012569999694824219,4.957128063853844e-05
2004-06-24,37.04999923706055,31.231834411621094,-0.0018859016977016418,0.012539999485015869,4.945370248621295e-05
2004-06-25,37.33000183105469,31.467863082885742,0.007557310536227213,0.012719999551773071,5.0159114687531314e-05
2004-06-28,37.02000045776367,31.206558227539062,-0.008303863997959016,0.01281999945640564,5.055095587658265e-05
2004-06-29,37.369998931884766,31.501569747924805,0.009453510324166414,0.013519999980926513,5.3292770377577625e-05
2004-06-30,37.7400016784668,31.8134822845459,0.009901491865866197,0.013029999732971191,5.137369882679543e-05
2004-07-01,37.040000915527344,31.223411560058594,-0.018547819418496814,0.011970000267028809,4.721907677351922e-05
2004-07-02,36.81999969482422,31.0379638671875,-0.005939379574662507,0.012630000114440917,4.980642653440448e-05
2004-07-06,36.029998779296875,30.37201499938965,-0.02145594571369014,0.012539999485015869,4.945370248621295e-05
2004-07-07,36.099998474121094,30.431007385253906,0.0019423270357743494,0.012680000066757202,5.0002369289758875e-05
2004-07-08,35.70000076293945,30.093833923339844,-0.011079930994247977,0.012510000467300416,4.933612553625899e-05
2004-07-09,35.75,30.135963439941406,0.001399938496001507,0.01246999979019165,4.917934308457106e-05
2004-07-12,35.599998474121094,30.009521484375,-0.004195716384458592,0.012619999647140502,4.9767234958197903e-05
2004-07-13,35.54999923706055,29.967384338378906,-0.001404125887779717,0.01315000057220459,5.184376405575897e-05
2004-07-14,35.189998626708984,29.66391944885254,-0.010126505740366665,0.013170000314712525,5.1922101312662505e-05
2004-07-15,35.06999969482422,29.56277084350586,-0.0034098193099898477,0.013170000314712525,5.1922101312662505e-05
2004-07-16,34.66999816894531,29.225568771362305,-0.01140630808690346,0.01312000036239624,5.1726252947581486e-05
2004-07-19,34.599998474121094,29.16657257080078,-0.00201865021081582,0.013020000457763671,5.133452733430133e-05
2004-07-20,35.43000030517578,29.866230010986328,0.02398833248189014,0.013320000171661376,5.250958865210542e-05
2004-07-21,34.400001525878906,28.99797248840332,-0.029071547438817014,0.013220000267028808,5.211794005099968e-05
2004-07-22,34.869998931884766,29.3941650390625,0.013662767313046498,0.013339999914169311,5.258791281903541e-05
2004-07-23,34.209999084472656,28.837806701660156,-0.01892750947893873,0.013380000591278076,5.274456120218929e-05
2004-07-26,34.060001373291016,28.711360931396484,-0.004384722166002719,0.013919999599456787,5.485867213450568e-05
2004-07-27,34.529998779296875,29.10755729675293,0.013799288940121057,0.01437000036239624,5.6619580955930005e-05
2004-07-28,34.380001068115234,28.981121063232422,-0.004343759671465497,0.014199999570846557,5.5954438231031745e-05
2004-07-29,34.779998779296875,29.31830596923828,0.011634639849513517,0.014119999408721924,5.56413922867538e-05
2004-07-30,34.88999938964844,29.41101837158203,0.0031622700998150677,0.014119999408721924,5.56413922867538e-05
2004-08-02,34.959999084472656,29.47001075744629,0.002005792017091723,0.014320000410079955,5.642396336646982e-05
2004-08-03,34.22999954223633,28.85467529296875,-0.020880055645112416,0.014570000171661377,5.740195528525227e-05
2004-08-04,34.2400016784668,28.863096237182617,0.00029183985362402076,0.014520000219345092,5.720637610528989e-05
2004-08-05,33.599998474121094,28.323598861694336,-0.018691597431369056,0.014440000057220459,5.689342851433743e-05
2004-08-06,32.720001220703125,27.581806182861328,-0.026189916135135993,0.01406000018119812,5.540659518521451e-05
2004-08-09,32.79999923706055,27.649234771728516,0.0024446763355578938,0.014440000057220459,5.689342851433743e-05
2004-08-10,33.209999084472656,27.994848251342773,0.01249992929162902,0.01472000002861023,5.798863522854525e-05
2004-08-11,32.91999816894531,27.750391006469727,-0.00873222253888517,0.014149999618530274,5.5758787981252667e-05
2004-08-12,32.470001220703125,27.37105369567871,-0.013669620392108284,0.014079999923706055,5.548486242323847e-05
2004-08-13,32.52000045776367,27.41320037841797,0.0015398268261010983,0.014010000228881835,5.521091803095679e-05
2004-08-16,32.88999938964844,27.72511100769043,0.011378118022222106,0.014270000457763672,5.6228336172248206e-05
2004-08-17,33.2599983215332,28.0369815826416,0.011248668215058322,0.014539999961853027,5.728460799669932e-05
2004-08-18,33.849998474121094,28.534345626831055,0.01773957166977569,0.014470000267028809,5.7010787324562884e-05
2004-08-19,33.66999816894531,28.382610321044922,-0.005317637480477422,0.014420000314712524,5.681518894173898e-05
2004-08-20,34.0099983215332,28.669214248657227,0.010097870645808582,0.014539999961853027,5.728460799669932e-05
2004-08-23,34.09000015258789,28.73666000366211,0.002352549826441175,0.014769999980926514,5.818417601388681e-05
2004-08-24,34.08000183105469,28.72821807861328,-0.00029376848415063606,0.015169999599456786,5.9748156911343386e-05
2004-08-25,34.54999923706055,29.124420166015625,0.013791390970305129,0.015119999647140503,5.9552692869502266e-05
2004-08-26,34.400001525878906,28.99797248840332,-0.00434163759798567,0.015160000324249268,5.9709067666169346e-05
2004-08-27,34.560001373291016,29.132858276367188,0.004651559277732531,0.015219999551773071,5.994361136441029e-05
2004-08-30,33.97999954223633,28.6439266204834,-0.016782824783121764,0.015420000553131103,6.072533796741553e-05
2004-08-31,34.02000045776367,28.677658081054688,0.0011776130073999358,0.015679999589920043,6.174134445835477e-05
2004-09-01,34.27000045776367,28.888397216796875,0.007348547609660194,0.015470000505447388,6.092074449082219e-05
2004-09-02,34.779998779296875,29.31830596923828,0.0148817100933325,0.01562999963760376,6.154597817742413e-05
2004-09-03,34.13999938964844,28.7788028717041,-0.018401578116424733,0.01611999988555908,6.346015757974222e-05
2004-09-07,34.43000030517578,29.023265838623047,0.008494549547761299,0.01597000002861023,6.287428281215313e-05
2004-09-08,34.29999923706055,28.913673400878906,-0.0037760201885447264,0.01611999988555908,6.346015757974222e-05
2004-09-09,34.59000015258789,29.158126831054688,0.008454596093222522,0.016080000400543214,6.330393459408334e-05
2004-09-10,35.119998931884766,29.604909896850586,0.015322762960206848,0.016230000257492064,6.388974619153664e-05
2004-09-13,35.58000183105469,29.992671966552734,0.01309789731004729,0.016160000562667847,6.361637909568785e-05
2004-09-14,35.630001068115234,30.034814834594727,0.0014051054900674487,0.016230000257492064,6.388974619153664e-05
2004-09-15,35.25,29.714500427246094,-0.010664770504251186,0.016319999694824217,6.424118994918793e-05
2004-09-16,35.31999969482422,29.773508071899414,0.0019858198456943477,0.016319999694824217,6.424118994918793e-05
2004-09-17,35.43000030517578,29.866230010986328,0.003114242999615602,0.016679999828338624,6.564666437203215e-05
2004-09-20,35.43000030517578,29.866230010986328,0.0,0.016629999876022337,6.545148949466117e-05
2004-09-21,35.56999969482422,29.984228134155273,0.003950887779459844,0.016829999685287474,6.623213164624886e-05
2004-09-22,34.95000076293945,29.461610794067383,-0.0174297413209904,0.01674000024795532,6.588086346659416e-05
2004-09-23,34.91999816894531,29.43631935119629,-0.0008584541778070554,0.016859999895095824,6.634921570869423e-05
2004-09-24,34.79999923706055,29.335159301757812,-0.0034365726309585343,0.016909999847412108,6.654434661634845e-05
2004-09-27,34.5,29.082273483276367,-0.008620570826976648,0.016820000410079958,6.619310596267525e-05
2004-09-28,34.56999969482422,29.14127540588379,0.002028793334927892,0.01687000036239624,6.63882445157693e-05
2004-09-29,35.08000183105469,29.571189880371094,0.014752767972554315,0.016799999475479124,6.611504414300029e-05
2004-09-30,35.13999938964844,29.621776580810547,0.0017106751755373573,0.01674000024795532,6.588086346659416e-05
2004-10-01,36.099998474121094,30.431007385253906,0.027318780230338735,0.01656999945640564,6.52172651591787e-05
2004-10-04,36.310001373291016,30.608043670654297,0.005817628156673527,0.016510000228881837,6.4983031707877e-05
2004-10-05,36.36000061035156,30.650175094604492,0.0013764820909016873,0.016710000038146974,6.576376564004782e-05
2004-10-06,36.650001525878906,30.894638061523438,0.007975907679626193,0.016729999780654908,6.584182968927266e-05
2004-10-07,36.2400016784668,30.549026489257812,-0.011186781718477312,0.016619999408721924,6.541245151048258e-05
2004-10-08,35.58000183105469,29.992671966552734,-0.018211857680660026,0.01656999945640564,6.52172651591787e-05
2004-10-11,35.75,30.135963439941406,0.0047775494476940406,0.01656999945640564,6.52172651591787e-05
2004-10-12,35.689998626708984,30.085390090942383,-0.0016781726291847932,0.01652999997138977,6.506111105508694e-05
2004-10-13,35.61000061035156,30.017959594726562,-0.0022413037029598293,0.01687000036239624,6.63882445157693e-05
2004-10-14,35.45000076293945,29.883092880249023,-0.004492867479947926,0.016970000267028808,6.677849295266824e-05
2004-10-15,35.630001068115234,30.034814834594727,0.005077183775913152,0.01712000012397766,6.73637939490046e-05
2004-10-18,36.13999938964844,30.464723587036133,0.014313680800396522,0.01736999988555908,6.833910458103887e-05
2004-10-19,35.880001068115234,30.245561599731445,-0.00719395948821111,0.01781999945640564,7.009406231306414e-05
2004-10-20,36.04999923706055,30.38886260986328,0.004737918641692707,0.017869999408721925,7.028900990935227e-05
2004-10-21,36.599998474121094,30.85249137878418,0.015256535753675138,0.01797000050544739,7.067888113643228e-05
2004-10-22,35.79999923706055,30.178133010864258,-0.021857501218966235,0.018070000410079955,7.106870957107603e-05
2004-10-25,35.630001068115234,30.034814834594727,-0.004749073649385038,0.018320000171661376,7.204311382413842e-05
2004-10-26,35.81999969482422,30.19498062133789,0.005332671022785229,0.018739999532699586,7.367957577453232e-05
2004-10-27,36.72999954223633,30.96207046508789,0.02540454830455885,0.018769999742507936,7.379644119365203e-05
2004-10-28,36.959999084472656,31.155948638916016,0.006261796156259658,0.018669999837875366,7.340687956181036e-05
2004-10-29,36.900001525878906,31.105392456054688,-0.0016226815446145348,0.018669999837875366,7.340687956181036e-05
2004-11-01,37.040000915527344,31.223411560058594,0.003794168621104488,0.01881999969482422,7.399120772744183e-05
2004-11-02,37.15999984741211,31.324560165405273,0.003239511645039883,0.019429999589920043,7.636659500387388e-05
2004-11-03,37.40999984741211,31.53529930114746,0.006727600790862098,0.019179999828338623,7.539324764582744e-05
2004-11-04,37.619998931884766,31.712331771850586,0.005613787553196969,0.01937000036239624,7.613301610720491e-05
2004-11-05,37.959999084472656,31.998926162719727,0.009037316868749867,0.019819999933242797,7.788454502510866e-05
2004-11-08,38.0,32.032649993896484,0.0010539050906042124,0.02002000093460083,7.866275987700178e-05
2004-11-09,37.91999816894531,31.965227127075195,-0.002104817017453575,0.020369999408721924,8.002425747899444e-05
2004-11-10,37.790000915527344,31.85561752319336,-0.0034290262805295457,0.020290000438690184,7.971310169097023e-05
2004-11-11,38.290000915527344,32.277122497558594,0.013231731391122548,0.020290000438690184,7.971310169097023e-05
2004-11-12,38.65999984741211,32.58901596069336,0.009662988488467583,0.020360000133514404,7.998536665265732e-05
2004-11-15,38.83000183105469,32.73232650756836,0.004397510714893915,0.02056999921798706,8.080204992721995e-05
2004-11-16,38.59000015258789,32.529998779296875,-0.006181281621540191,0.020910000801086424,8.212395614703993e-05
2004-11-17,39.11000061035156,32.96833801269531,0.013474923143169892,0.020799999237060548,8.169632450649722e-05
2004-11-18,39.290000915527344,33.12006378173828,0.004602166144515474,0.020869998931884765,8.196845398722452e-05
2004-11-19,38.68000030517578,32.605838775634766,-0.015526087434259317,0.020959999561309815,8.231831141158885e-05
2004-11-22,39.04999923706055,32.917762756347656,0.009566506871952596,0.02121999979019165,8.332883193262752e-05
2004-11-23,38.9900016784668,32.867183685302734,-0.0015365282087759224,0.021340000629425048,8.37951424437211e-05
2004-11-24,39.33000183105469,33.15380096435547,0.008720469687851562,0.021319999694824218,8.371742472679244e-05
2004-11-26,39.209999084472656,33.05263900756836,-0.0030512928787824745,0.021519999504089355,8.449449663672226e-05
2004-11-29,39.20000076293945,33.04419708251953,-0.00025540850299110573,0.021570000648498535,8.46887455676626e-05
2004-11-30,39.119998931884766,32.976776123046875,-0.0020403267570486827,0.021819999217987062,8.565982041708331e-05
2004-12-01,39.91999816894531,33.651145935058594,0.02044984050276555,0.021719999313354492,8.527141702519003e-05
2004-12-02,40.06999969482422,33.777584075927734,0.0037573205118526243,0.021719999313354492,8.527141702519003e-05
2004-12-03,40.130001068115234,33.82817077636719,0.0014976411671641099,0.021670000553131105,8.507720576056421e-05
2004-12-06,40.27000045776367,33.94618606567383,0.003488668958390395,0.021840000152587892,8.573750025608895e-05
2004-12-07,39.58000183105469,33.36453628540039,-0.0171344662740065,0.0220199990272522,8.643651363393623e-05
2004-12-08,39.810001373291016,33.55842208862305,0.005811134360272696,0.02197000026702881,8.624235915255518e-05
2004-12-09,40.04999923706055,33.76071548461914,0.00602809617990574,0.02197000026702881,8.624235915255518e-05
2004-12-10,39.93000030517578,33.6595573425293,-0.0029963269627958367,0.02200999975204468,8.639768534624004e-05
2004-12-13,40.279998779296875,33.954612731933594,0.00876587253960981,0.021789999008178712,8.55433024489205e-05
2004-12-14,40.47999954223633,34.12317657470703,0.00496438713950953,0.021770000457763672,8.54656280839805e-05
2004-12-15,40.33000183105469,33.99674606323242,-0.0037051213915507697,0.021670000553131105,8.507720576056421e-05
2004-12-16,39.95000076293945,33.67643737792969,-0.009421745384307512,0.021549999713897705,8.461104527923702e-05
2004-12-17,39.470001220703125,33.590476989746094,-0.0025525380615210036,0.021519999504089355,8.449449663672226e-05
2004-12-20,39.20000076293945,33.360679626464844,-0.006841146178168223,0.021579999923706055,8.472759051270096e-05
2004-12-21,39.68000030517578,33.76919937133789,0.012245546237282579,0.021719999313354492,8.527141702519003e-05
2004-12-22,39.72999954223633,33.811729431152344,0.0012594334661826245,0.02147000074386597,8.430024749817022e-05
2004-12-23,39.7599983215332,33.837276458740234,0.000755567018241754,0.02147000074386597,8.430024749817022e-05
2004-12-27,39.59000015258789,33.692604064941406,-0.004275533049334923,0.021819999217987062,8.565982041708331e-05
2004-12-28,39.970001220703125,34.015995025634766,0.009598277416314582,0.022109999656677246,8.678597896949469e-05
2004-12-29,40.02000045776367,34.058555603027344,0.0012511930743317468,0.021819999217987062,8.565982041708331e-05
2004-12-30,39.9900016784668,34.03300476074219,-0.0007502033434114708,0.021700000762939452,8.519373735960123e-05
2004-12-31,39.91999816894531,33.97346115112305,-0.0017495842649728477,0.021819999217987062,8.565982041708331e-05
2005-01-03,39.5,33.61600875854492,-0.010521518281227826,0.02203999996185303,8.651417833216435e-05
2005-01-04,38.779998779296875,33.00325012207031,-0.018228179343832696,0.022920000553131103,8.992976996236024e-05
2005-01-05,38.540000915527344,32.79901123046875,-0.006188447830020927,0.022820000648498536,8.95417826054512e-05
2005-01-06,38.349998474121094,32.63731002807617,-0.004930063325883638,0.022669999599456786,8.895972609579417e-05
2005-01-07,38.54999923706055,32.80752182006836,0.005215251864990167,0.022769999504089356,8.934777013269724e-05
2005-01-10,38.529998779296875,32.79048156738281,-0.0005194007879961715,0.022730000019073486,8.919255890327271e-05
2005-01-11,38.2599983215332,32.56071090698242,-0.007007236533816186,0.023020000457763673,9.031771954237655e-05
2005-01-12,38.58000183105469,32.833038330078125,0.008363681735133799,0.022920000553131103,8.992976996236024e-05
2005-01-13,38.06999969482422,32.39901351928711,-0.013219148542625403,0.023020000457763673,9.031771954237655e-05
2005-01-14,38.43000030517578,32.70539093017578,0.00945638084648115,0.02319999933242798,9.101592991300755e-05
2005-01-18,38.720001220703125,32.952205657958984,0.0075466068670495545,0.023020000457763673,9.031771954237655e-05
2005-01-19,38.08000183105469,32.407527923583984,-0.016529325533735317,0.023269999027252197,9.12874236429495e-05
2005-01-20,37.349998474121094,31.78626823425293,-0.019170227695119668,0.02306999921798706,9.051167554408046e-05
2005-01-21,37.04999923706055,31.530960083007812,-0.008032026577124207,0.023020000457763673,9.031771954237655e-05
2005-01-24,36.529998779296875,31.088438034057617,-0.014034525044122392,0.023010001182556153,9.027892905888457e-05
2005-01-25,36.709999084472656,31.241607666015625,0.004926900212555152,0.023610000610351563,9.260585628156903e-05
2005-01-26,37.150001525878906,31.616060256958008,0.0119857017265379,0.02365000009536743,9.27609346073055e-05
2005-01-27,37.099998474121094,31.573509216308594,-0.001345867900794162,0.023870000839233397,9.361377138761284e-05
2005-01-28,36.91999816894531,31.42033576965332,-0.004851327915623482,0.024070000648498534,9.438891581847741e-05
2005-01-31,37.400001525878906,31.828811645507812,0.013000366350286008,0.02421999931335449,9.497017057680246e-05
2005-02-01,37.52000045776367,31.93097686767578,0.0032098346399429545,0.024619998931884764,9.651978115754467e-05
2005-02-02,37.58000183105469,31.982013702392578,0.0015983486796629087,0.024579999446868898,9.636484906350162e-05
2005-02-03,37.150001525878906,31.616060256958008,-0.01144247666328757,0.02431999921798706,9.53576297255676e-05
2005-02-04,37.75,32.126686096191406,0.01615083710883991,0.02421999931335449,9.497017057680246e-05
2005-02-07,37.66999816894531,32.05861282348633,-0.002118901168370102,0.02437000036239624,9.555134979022384e-05
2005-02-08,37.7400016784668,32.11817932128906,0.0018580497581321964,0.024649999141693114,9.663597858300399e-05
2005-02-09,37.11000061035156,31.582042694091797,-0.016692622014283787,0.024670000076293944,9.671344472894638e-05
2005-02-10,37.150001525878906,31.616060256958008,0.0010771172465222634,0.024670000076293944,9.671344472894638e-05
2005-02-11,37.70000076293945,32.084136962890625,0.014805029536518743,0.0249399995803833,9.775903954101217e-05
2005-02-14,37.869998931884766,32.22880172729492,0.004508918677526452,0.024820001125335694,9.729436973926475e-05
2005-02-15,38.119998931884766,32.44157028198242,0.00660181400747839,0.025320000648498535,9.9230159582131e-05
2005-02-16,37.97999954223633,32.32243728637695,-0.0036722327116093245,0.025269999504089355,9.903661829935295e-05
2005-02-17,37.470001220703125,31.888389587402344,-0.013428680984943875,0.025269999504089355,9.903661829935295e-05
2005-02-18,37.349998474121094,31.78626823425293,-0.0032024619139048305,0.025520000457763672,0.00010000421226297185
2005-02-22,36.88999938964844,31.394798278808594,-0.01231569407768629,0.02572999954223633,0.00010081680300344509
2005-02-23,36.939998626708984,31.437347412109375,0.0013552924571424985,0.02625,0.00010282823004925667
2005-02-24,37.40999984741211,31.837329864501953,0.012723161631585711,0.0263700008392334,0.00010329226419436566
2005-02-25,37.619998931884766,32.01606369018555,0.005613970343752994,0.026749999523162843,0.0001047613338716058
2005-02-28,37.220001220703125,31.675643920898438,-0.010632780237486372,0.02690000057220459,0.00010534108678950105
2005-03-01,37.630001068115234,32.024574279785156,0.011015730564407189,0.02691999912261963,0.00010541837466271353
2005-03-02,37.61000061035156,32.00756072998047,-0.0005312654480914558,0.026770000457763673,0.00010483864220645067
2005-03-03,37.29999923706055,31.743724822998047,-0.008242924514247463,0.02691999912261963,0.00010541837466271353
2005-03-04,37.52000045776367,31.93097686767578,0.005898868066739116,0.02691999912261963,0.00010541837466271353
2005-03-07,38.060001373291016,32.390506744384766,0.01439135039974837,0.026770000457763673,0.00010483864220645067
2005-03-08,37.68000030517578,32.067115783691406,-0.009984127857135872,0.02691999912261963,0.00010541837466271353
2005-03-09,37.56999969482422,31.973512649536133,-0.0029189757752668966,0.02691999912261963,0.00010541837466271353
2005-03-10,37.52000045776367,31.93097686767578,-0.0013303443486673006,0.02687000036239624,0.00010522514295407959
2005-03-11,37.16999816894531,31.633081436157227,-0.009329355401591855,0.02691999912261963,0.00010541837466271353
2005-03-14,37.34000015258789,31.77776336669922,0.004573753930169344,0.027119998931884767,0.00010619122622546051
2005-03-15,37.040000915527344,31.5224609375,-0.008033996170629054,0.027369999885559083,0.0001071570845261327
2005-03-16,36.619998931884766,31.16499900817871,-0.011339911881563913,0.027320001125335693,0.000106963937121618
2005-03-17,36.709999084472656,31.241607666015625,0.0024581633330651442,0.027269999980926513,0.0001067707711430721
2005-03-18,36.5099983215332,31.071399688720703,-0.005448118391169543,0.027420001029968263,0.00010735023177765868
2005-03-21,36.58000183105469,31.130970001220703,0.0019172072419262332,0.02756999969482422,0.00010792959894612153
2005-03-22,36.130001068115234,30.748003005981445,-0.012301800914788052,0.02802000045776367,0.00010966721357252851
2005-03-23,36.2599983215332,30.858646392822266,0.003598392611685819,0.027609999179840087,0.0001080840820171236
2005-03-24,36.27000045776367,30.867149353027344,0.0002755454693910142,0.027699999809265137,0.00010843165393481513
2005-03-28,36.34000015258789,30.92672348022461,0.0019300171362091056,0.027720000743865967,0.00010850889109059736
2005-03-29,36.04999923706055,30.67991828918457,-0.007980321329475903,0.027720000743865967,0.00010850889109059736
2005-03-30,36.72999954223633,31.25861358642578,0.018862348060594947,0.027620000839233397,0.0001081227087549319
2005-03-31,36.56999969482422,31.12246322631836,-0.004355610965629864,0.027219998836517333,0.00010657759579935089
2005-04-01,36.20000076293945,30.807584762573242,-0.010117401744693666,0.027269999980926513,0.0001067707711430721
2005-04-04,36.459999084472656,31.028846740722656,0.007182061815446783,0.02687999963760376,0.00010526378820263638
2005-04-05,36.560001373291016,31.113954544067383,0.0027428606694888114,0.027279999256134033,0.00010680940140361805
2005-04-06,36.5,31.062877655029297,-0.0016416071112318464,0.027019999027252196,0.00010580481918243123
2005-04-07,36.939998626708984,31.437347412109375,0.01205521784680652,0.02700000047683716,0.00010572753880477848
2005-04-08,36.63999938964844,31.182044982910156,-0.008120991439019343,0.027119998931884767,0.00010619122622546051
2005-04-11,36.47999954223633,31.04586410522461,-0.0043672850116207584,0.02697000026702881,0.00010561160621436194
2005-04-12,36.65999984741211,31.199045181274414,0.004934025206405179,0.027070000171661376,0.00010599803199440316
2005-04-13,36.060001373291016,30.688432693481445,-0.016366285725289975,0.027170000076293947,0.00010638442030153072
2005-04-14,35.54999923706055,30.25440216064453,-0.014143131295496492,0.027119998931884767,0.00010619122622546051
2005-04-15,34.7400016784668,29.565061569213867,-0.02278480294439167,0.027239999771118163,0.00010665486890282239
2005-04-18,34.75,29.573575973510742,0.0002879887219899846,0.02812000036239624,0.00011005324624902002
2005-04-19,34.9900016784668,29.77781867980957,0.0069062566691890925,0.028469998836517334,0.0001114040615666223
2005-04-20,34.70000076293945,29.531028747558594,-0.008287710221645872,0.02806999921798706,0.00010986022998382694
2005-04-21,35.619998931884766,30.3139591217041,0.026512126646120793,0.028169999122619627,0.00011024624396172023
2005-04-22,35.09000015258789,29.86292266845703,-0.01487883688950875,0.028580000400543214,0.0001118285168453248
2005-04-25,35.380001068115234,30.109722137451172,0.008264411080393774,0.028320000171661378,0.00011082519941973956
2005-04-26,35.04999923706055,29.828889846801758,-0.009326963874572214,0.028519999980926514,0.00011159700306206943
2005-04-27,35.099998474121094,29.871431350708008,0.0014261846191641059,0.028199999332427977,0.00011036204178349607
2005-04-28,34.75,29.573575973510742,-0.009971245559018294,0.02811000108718872,0.00011001464742532718
2005-04-29,34.97999954223633,29.76932144165039,0.006618931316083598,0.028369998931884764,0.00011101815974590146
2005-05-02,35.119998931884766,29.888460159301758,0.0040020635970787755,0.028220000267028807,0.00011043924152898121
2005-05-03,35.29999923706055,30.04164695739746,0.005125282375847862,0.028499999046325684,0.00011151982574508779
2005-05-04,35.72999954223633,30.40757942199707,0.012180838990570209,0.027950000762939454,0.0001093969693644059
2005-05-05,35.7599983215332,30.433124542236328,0.0008400905538958892,0.02746999979019165,0.00010754336045804003
2005-05-06,35.86000061035156,30.518230438232422,0.0027964889335625465,0.02802000045776367,0.00010966721357252851
2005-05-09,36.029998779296875,30.662906646728516,0.004740648668634773,0.02796999931335449,0.00010947417860585062
2005-05-10,35.77000045776367,30.441633224487305,-0.007216322470355863,0.028220000267028807,0.00011043924152898121
2005-05-11,35.95000076293945,30.594823837280273,0.005032273126191589,0.02802000045776367,0.00010966721357252851
2005-05-12,35.849998474121094,30.509708404541016,-0.0027820206840198924,0.028169999122619627,0.00011024624396172023
2005-05-13,36.2400016784668,30.84162139892578,0.010878930404177867,0.02756999969482422,0.00010792959894612153
2005-05-16,36.47999954223633,31.04586410522461,0.006622307681461326,0.02746999979019165,0.00010754336045804003
2005-05-17,36.70000076293945,31.233102798461914,0.006031035006875296,0.02812000036239624,0.00011005324624902002
2005-05-18,37.20000076293945,31.658620834350586,0.013623943757186563,0.027869999408721924,0.00010908808982024176
2005-05-19,37.5099983215332,31.92243003845215,0.008332934194509312,0.02802000045776367,0.00010966721357252851
2005-05-20,37.65999984741211,32.050106048583984,0.00399957052072919,0.028250000476837157,0.00011055503374191034
2005-05-23,37.849998474121094,32.21179962158203,0.005045024585969893,0.028450000286102294,0.00011132688971260407
2005-05-24,37.970001220703125,32.31391525268555,0.0031701312035699036,0.028819999694824218,0.00011275442828706517
2005-05-25,37.810001373291016,32.17774963378906,-0.0042138384603570556,0.02869999885559082,0.0001122914948623599
2005-05-26,38.189998626708984,32.50114822387695,0.010050379338780724,0.02867000102996826,0.00011217576230015958
2005-05-27,38.209999084472656,32.518157958984375,0.0005233579746246608,0.028870000839233398,0.0001129473044065854
2005-05-31,38.08000183105469,32.407527923583984,-0.003402100313920964,0.028819999694824218,0.00011275442828706517
2005-06-01,38.38999938964844,32.67134475708008,0.008140603446155081,0.029070000648498535,0.00011371869714449367
2005-06-02,38.65999984741211,32.90113067626953,0.007033255621951673,0.029079999923706055,0.00011375726010309783
2005-06-03,38.099998474121094,32.424564361572266,-0.014484800519059315,0.02930000066757202,0.00011460561513021439
2005-06-06,38.11000061035156,32.43305969238281,0.00026200292826805693,0.029319999217987062,0.0001146827235087855
2005-06-07,37.790000915527344,32.16072463989258,-0.008396835052666751,0.02947000026702881,0.0001152610347454619
2005-06-08,37.709999084472656,32.092647552490234,-0.0021167771611060315,0.02947000026702881,0.0001152610347454619
2005-06-09,37.95000076293945,32.29690933227539,0.006364753155721159,0.02927000045776367,0.00011448994057139394
2005-06-10,37.54999923706055,31.956470489501953,-0.010540910873884313,0.029370000362396242,0.00011487550631139598
2005-06-13,37.72999954223633,32.10966491699219,0.004793846915621014,0.029370000362396242,0.00011487550631139598
2005-06-14,37.58000183105469,31.982013702392578,-0.003975476384746046,0.029619998931884765,0.0001158392528686214
2005-06-15,37.70000076293945,32.084136962890625,0.003193146668260205,0.029549999237060545,0.00011556942696100414
2005-06-16,37.900001525878906,32.25435256958008,0.005305288619305237,0.029019999504089355,0.00011352585836266194
2005-06-17,37.869998931884766,32.25858688354492,0.00013127883921115746,0.029130001068115235,0.00011395008768655401
2005-06-20,37.869998931884766,32.25858688354492,0.0,0.02920000076293945,0.00011422002327177161
2005-06-21,37.849998474121094,32.24156188964844,-0.0005277662644661563,0.02950000047683716,0.00011537668692129799
2005-06-22,37.810001373291016,32.20749282836914,-0.001056681478270316,0.029619998931884765,0.0001158392528686214
2005-06-23,37.38999938964844,31.849727630615234,-0.011108135602494906,0.03,0.00011730371383444904
2005-06-24,36.970001220703125,31.49197006225586,-0.011232672772230723,0.03,0.00011730371383444904
2005-06-27,36.79999923706055,31.347135543823242,-0.004599093614857885,0.030350000858306886,0.00011865208296235608
2005-06-28,37.150001525878906,31.645280838012695,0.009511085750487425,0.03075000047683716,0.00012019251249162366
2005-06-29,37.06999969482422,31.577146530151367,-0.0021530637762419147,0.03062999963760376,0.00011973044248803077
2005-06-30,36.779998779296875,31.330127716064453,-0.007822708548128277,0.03059999942779541,0.00011961491661427459
2005-07-01,36.72999954223633,31.287513732910156,-0.001360159892755508,0.030899999141693116,0.0001207700154748359
2005-07-05,37.11000061035156,31.611207962036133,0.010345795830542182,0.0313700008392334,0.0001225790056333942
2005-07-06,36.93000030517578,31.457866668701172,-0.004850852062316613,0.03119999885559082,0.00012192477957517767
2005-07-07,37.060001373291016,31.568626403808594,0.0035208914919084844,0.030799999237060546,0.00012038501972644333
2005-07-08,37.77000045776367,32.17342758178711,0.01915829881991793,0.030950000286102296,0.00012096250398929698
2005-07-11,38.119998931884766,32.471561431884766,0.009266462186528823,0.030950000286102296,0.00012096250398929698
2005-07-12,38.29999923706055,32.62489700317383,0.004722149614231341,0.03134999990463257,0.00012250204073849247
2005-07-13,38.38999938964844,32.70156478881836,0.002349977860070185,0.03144999980926513,0.0001228868319997911
2005-07-14,38.77000045776367,33.02525329589844,0.009898257443348824,0.031519999504089354,0.00012315616285718534
2005-07-15,38.88999938964844,33.12748336791992,0.003095512125388611,0.031779999732971194,0.00012415638049678712
2005-07-18,38.72999954223633,32.99114990234375,-0.004115418731390763,0.03180000066757202,0.00012423331344368904
2005-07-19,39.18000030517578,33.374488830566406,0.011619447317155362,0.032219998836517334,0.0001258484797934667
2005-07-20,39.459999084472656,33.61301803588867,0.00714705194537113,0.032279999256134034,0.00012607916702522814
2005-07-21,39.470001220703125,33.621524810791016,0.0002530797708573118,0.03267999887466431,0.00012761672847005912
2005-07-22,39.41999816894531,33.578922271728516,-0.0012671209679587792,0.03292999982833862,0.00012857740774929738
2005-07-25,39.27000045776367,33.451141357421875,-0.0038053905742598815,0.03315000057220459,0.0001294226135954979
2005-07-26,39.41999816894531,33.578922271728516,0.0038199268880338977,0.033589999675750735,0.0001311124784701967
2005-07-27,39.720001220703125,33.83446502685547,0.007610213128909971,0.033250000476837155,0.00012980673714646507
2005-07-28,39.90999984741211,33.996315002441406,0.004783583114362111,0.03315000057220459,0.0001294226135954979
2005-07-29,39.58000183105469,33.71521759033203,-0.008268467099719179,0.033320000171661375,0.000130075600685009
2005-08-01,39.650001525878906,33.77485275268555,0.0017687906712668955,0.03355000019073486,0.00013095888566638791
2005-08-02,40.08000183105469,34.141143798828125,0.010845081955640934,0.034019999504089356,0.00013276324789246452
2005-08-03,40.060001373291016,34.12409973144531,-0.0004992236781299342,0.03384999990463257,0.00013211070113738899
2005-08-04,39.66999816894531,33.791873931884766,-0.009735811411147655,0.03380000114440918,0.00013191875958895594
2005-08-05,39.47999954223633,33.630027770996094,-0.004789499428617394,0.03437000036239624,0.00013410639655853096
2005-08-08,39.189998626708984,33.38298416137695,-0.007345923449763037,0.03427999973297119,0.00013376105714502096
2005-08-09,39.45000076293945,33.6044807434082,0.00663501444210346,0.03434999942779541,0.00013402965400377553
2005-08-10,39.11000061035156,33.314857482910156,-0.00861859055967884,0.03434000015258789,0.00013399128674618233
2005-08-11,39.43000030517578,33.587440490722656,0.008182025330660148,0.03421999931335449,0.00013353081424050117
2005-08-12,39.209999084472656,33.40005111694336,-0.005579150153792067,0.03433000087738037,0.00013395291911932894
2005-08-15,39.45000076293945,33.6044807434082,0.006120638131632772,0.03427000045776367,0.0001337226873010522
2005-08-16,38.810001373291016,33.05931854248047,-0.016222902091253766,0.034519999027252196,0.0001346818865981536
2005-08-17,39.040000915527344,33.25523376464844,0.005926172432024535,0.03434999942779541,0.00013402965400377553
2005-08-18,38.84000015258789,33.08485412597656,-0.005123393204139681,0.03410000085830688,0.0001330702976651832
2005-08-19,38.81999969482422,33.06784439086914,-0.0005141245309002729,0.03427999973297119,0.00013376105714502096
2005-08-22,38.84000015258789,33.08485412597656,0.0005143889908989507,0.03421999931335449,0.00013353081424050117
2005-08-23,38.72999954223633,32.99114990234375,-0.0028322392861706014,0.03440000057220459,0.0001342215030455396
2005-08-24,38.5,32.795249938964844,-0.005937954995772654,0.03430000066757202,0.0001338378048729716
2005-08-25,38.59000015258789,32.87191390991211,0.0023376547240818724,0.03434999942779541,0.00013402965400377553
2005-08-26,38.459999084472656,32.761165618896484,-0.0033690855761894234,0.03467000007629394,0.00013525730267782698
2005-08-29,38.7599983215332,33.016719818115234,0.007800522185063663,0.03484999895095825,0.00013594768316149697
2005-08-30,38.619998931884766,32.89746856689453,-0.003611844298211375,0.034769999980926516,0.00013564086419037835
2005-08-31,38.97999954223633,33.204124450683594,0.009321564763121515,0.03430000066757202,0.0001338378048729716
2005-09-01,38.91999816894531,33.15302276611328,-0.0015390161739157193,0.03365000009536743,0.00013134286115268345
2005-09-02,38.77000045776367,33.02525329589844,-0.00385393124229505,0.03377000093460083,0.00013180358656028623
2005-09-06,39.34000015258789,33.51078796386719,0.014701921091065495,0.03410000085830688,0.0001330702976651832
2005-09-07,39.40999984741211,33.57041931152344,0.001779467188910866,0.0340499997138977,0.0001328783931859867
2005-09-08,39.400001525878906,33.56190490722656,-0.00025362817836338536,0.03398000001907349,0.00013260971870843186
2005-09-09,39.619998931884766,33.74927520751953,0.005582826743920188,0.03397000074386597,0.00013257133777577756
2005-09-12,39.72999954223633,33.84300994873047,0.002777385310783087,0.034149999618530276,0.000133262183752203
2005-09-13,39.630001068115234,33.757808685302734,-0.0025175439051315918,0.03404000043869018,0.00013284001484148433
2005-09-14,39.18000030517578,33.374488830566406,-0.011354998137163341,0.033450000286102295,0.00013057487317480465
2005-09-15,39.15999984741211,33.35745620727539,-0.0005103485892319348,0.03355000019073486,0.00013095888566638791
2005-09-16,39.400001525878906,33.56190490722656,0.006129025507244146,0.034089999198913576,0.00013303191201852194
2005-09-19,39.09000015258789,33.29781723022461,-0.007868673656395764,0.03440000057220459,0.0001342215030455396
2005-09-20,38.93000030517578,33.161521911621094,-0.004093220815681531,0.03525000095367432,0.00013748145115588528
2005-09-21,38.5,32.795249938964844,-0.011045089354837279,0.03342000007629395,0.00013045966129454634
2005-09-22,38.63999938964844,32.914512634277344,0.0036365844301982087,0.03380000114440918,0.00013191875958895594
2005-09-23,38.75,33.008209228515625,0.0028466650951017858,0.03390000104904175,0.00013230264259234126
2005-09-26,38.7599983215332,33.016719818115234,0.00025783251495692383,0.03424999952316284,0.00013364593735576413
2005-09-27,38.66999816894531,32.94007110595703,-0.0023215120272531697,0.0340499997138977,0.0001328783931859867
2005-09-28,38.68000030517578,32.94857406616211,0.0002581342395324704,0.033870000839233395,0.0001321874806594625
2005-09-29,39.20000076293945,33.39152526855469,0.013443713876755803,0.034579999446868896,0.0001349120630016465
2005-09-30,39.459999084472656,33.61301803588867,0.00663320305234949,0.034700000286102296,0.0001353723759229819
2005-10-03,39.560001373291016,33.69818878173828,0.0025338619031076703,0.03484999895095825,0.00013594768316149697
2005-10-04,39.29999923706055,33.47669982910156,-0.00657272573524037,0.03535000085830688,0.0001378647986403081
2005-10-05,38.7599983215332,33.016719818115234,-0.013740303355304517,0.03490000009536743,0.0001361394398791127
2005-10-06,38.25,32.582298278808594,-0.013157622613627629,0.035120000839233396,0.00013698304336928757
2005-10-07,38.34000015258789,32.65895462036133,0.0023526990299083117,0.03532999992370606,0.00013778812843812105
2005-10-10,38.130001068115234,32.480064392089844,-0.005477524628420105,0.03532999992370606,0.00013778812843812105
2005-10-11,37.939998626708984,32.31822967529297,-0.004982586082442841,0.03559999942779541,0.00013882300146050852
2005-10-12,37.4900016784668,31.934917449951172,-0.01186055762314342,0.03615000009536743,0.00014093025153427696
2005-10-13,37.779998779296875,32.18196105957031,0.007735846194257823,0.036619999408721925,0.00014273010506049566
2005-10-14,38.060001373291016,32.420440673828125,0.007410350594122539,0.0370199990272522,0.0001442612559499068
2005-10-17,38.18000030517578,32.522674560546875,0.0031533774555161376,0.03697000026702881,0.00014406989882442822
2005-10-18,37.90999984741211,32.292667388916016,-0.007072209611871272,0.03769999980926514,0.00014686286839560303
2005-10-19,38.66999816894531,32.94007110595703,0.020048009947398304,0.03756999969482422,0.00014636563275383097
2005-10-20,38.310001373291016,32.63341522216797,-0.009309508859366322,0.037599999904632565,0.00014648038564923915
2005-10-21,38.54999923706055,32.83784866333008,0.0062645432532981715,0.037650001049041745,0.00014667163617132495
2005-10-24,39.15999984741211,33.35745620727539,0.015823434393421598,0.037650001049041745,0.00014667163617132495
2005-10-25,39.0099983215332,33.22967529296875,-0.0038306552367974867,0.038369998931884766,0.00014942455527955367
2005-10-26,38.810001373291016,33.05931854248047,-0.005126645054046808,0.03805000066757202,0.00014820127351566903
2005-10-27,38.029998779296875,32.3949089050293,-0.02009749948709383,0.037920000553131106,0.00014770420487275615
2005-10-28,38.31999969482422,32.64191436767578,0.007624823498365796,0.03825000047683716,0.00014896587204393796
2005-10-31,38.869998931884766,33.110435485839844,0.014353359085704342,0.03805000066757202,0.00014820127351566903
2005-11-01,38.84000015258789,33.08485412597656,-0.0007726071701540382,0.03861999988555908,0.00015037999174771777
2005-11-02,39.349998474121094,33.5192985534668,0.013131217862893063,0.038369998931884766,0.00014942455527955367
2005-11-03,39.939998626708984,34.02188491821289,0.014993940399570693,0.03846999883651733,0.00014980675553610823
2005-11-04,40.08000183105469,34.141143798828125,0.0035053578278194664,0.03865000009536743,0.0001504946290948883
2005-11-07,40.130001068115234,34.1837158203125,0.001246941863905393,0.0382699990272522,0.00014904231835988213
2005-11-08,40.13999938964844,34.192237854003906,0.00024930097524222816,0.03861999988555908,0.00015037999174771777
2005-11-09,40.15999984741211,34.20927429199219,0.000498254547158572,0.03877000093460083,0.00015095314550506167
2005-11-10,40.599998474121094,34.58409881591797,0.010956810154067576,0.03871999979019165,0.00015076210037623383
2005-11-11,40.709999084472656,34.67778396606445,0.002708908236850327,0.03871999979019165,0.00015076210037623383
2005-11-14,40.709999084472656,34.67778396606445,0.0,0.03881999969482422,0.00015114417236605782
2005-11-15,40.52000045776367,34.515953063964844,-0.004666702527992506,0.03914999961853027,0.0001524047509791071
2005-11-16,40.77000045776367,34.72888946533203,0.006169216911744435,0.03911999940872193,0.0001522901685730993
2005-11-17,41.310001373291016,35.18888854980469,0.013245430290302007,0.03911999940872193,0.0001522901685730993
2005-11-18,41.45000076293945,35.30812454223633,0.003388455769578469,0.03911999940872193,0.0001522901685730993
2005-11-21,41.54999923706055,35.3933219909668,0.002412970097818601,0.03894999980926514,0.0001516408121000623
2005-11-22,41.70000076293945,35.52108383178711,0.0036097725116879253,0.03832000017166138,0.00014923344595962895
2005-11-23,41.79999923706055,35.60626220703125,0.0023979666737510286,0.03851999998092651,0.00014999784647362624
2005-11-25,41.88999938964844,35.68293380737305,0.002153317860099868,0.03851999998092651,0.00014999784647362624
2005-11-28,41.540000915527344,35.3847770690918,-0.00835572377234417,0.038299999237060546,0.00014915699419715267
2005-11-29,41.34000015258789,35.21442794799805,-0.0048141922940797555,0.0388700008392334,0.00015133519917776006
2005-11-30,41.2400016784668,35.1292610168457,-0.002418523773213388,0.03857000112533569,0.0001501889282473634
2005-12-01,42.0099983215332,35.785160064697266,0.018671017518331334,0.03877000093460083,0.00015095314550506167
2005-12-02,42.11000061035156,35.870330810546875,0.0023800577025678837,0.03891999959945679,0.0001515262077240731
2005-12-05,41.79999923706055,35.60626220703125,-0.007361755454956098,0.03910000085830689,0.00015221378454288725
2005-12-06,41.939998626708984,35.72550964355469,0.003349057978343284,0.03931999921798706,0.00015305398298015582
2005-12-07,41.86000061035156,35.657379150390625,-0.0019070544785455557,0.03930000066757202,0.0001529776135904548
2005-12-08,41.560001373291016,35.40182113647461,-0.0071670442417587354,0.03845000028610229,0.00014973032388487795
2005-12-09,41.720001220703125,35.53812026977539,0.003850059938310668,0.038420000076293946,0.00014961566454663178
2005-12-12,41.869998931884766,35.66590118408203,0.003595601380619984,0.03825000047683716,0.00014896587204393796
2005-12-13,42.040000915527344,35.81069564819336,0.0040597450030492865,0.0382699990272522,0.00014904231835988213
2005-12-14,41.900001525878906,35.69144821166992,-0.003329939124750103,0.03802000045776367,0.00014808657016951443
2005-12-15,41.970001220703125,35.7510871887207,0.0016709598528221736,0.03839999914169311,0.00014953922011717857
2005-12-16,41.58000183105469,35.504302978515625,-0.006902844909369321,0.03832000017166138,0.00014923344595962895
2005-12-19,40.91999816894531,34.94076156616211,-0.015872482067723626,0.03859999895095825,0.00015030356198053596
2005-12-20,40.95000076293945,34.966373443603516,0.0007330085634484895,0.0388700008392334,0.00015133519917776006
2005-12-21,41.130001068115234,35.12007141113281,0.0043955936058737155,0.03891999959945679,0.0001515262077240731
2005-12-22,41.400001525878906,35.350616455078125,0.006564481069711858,0.03901999950408935,0.00015190820645738512
2005-12-23,41.400001525878906,35.350616455078125,0.0,0.03894999980926514,0.0001516408121000623
2005-12-27,41.040000915527344,35.04323196411133,-0.008695307799155505,0.03877000093460083,0.00015095314550506167
2005-12-28,40.9900016784668,35.00052261352539,-0.0012187617463388367,0.03861999988555908,0.00015037999174771777
2005-12-29,40.720001220703125,34.76997375488281,-0.006587011890887728,0.03911999940872193,0.0001522901685730993
2005-12-30,40.40999984741211,34.505279541015625,-0.007612724005292559,0.039849998950958254,0.0001550773842582398
2006-01-03,41.310001373291016,35.273765563964844,0.022271548967911947,0.040199999809265134,0.00015641303351876523
2006-01-04,41.7400016784668,35.64094543457031,0.010409432186638368,0.04081999778747559,0.00015877792885543585
2006-01-05,41.91999816894531,35.79464340209961,0.004312398721618038,0.04090000152587891,0.00015908298967914902
2006-01-06,42.68000030517578,36.443580627441406,0.01812945076870731,0.0410699987411499,0.00015973112549305668
2006-01-09,42.849998474121094,36.5887336730957,0.003982952365141568,0.04117000102996826,0.00016011234758295245
2006-01-10,42.880001068115234,36.614349365234375,0.0007000978051752149,0.04177000045776367,0.00016239886002789028
2006-01-11,43.209999084472656,36.896141052246094,0.007696209051833769,0.04191999912261963,0.00016297027864919933
2006-01-12,43.0,36.71682357788086,-0.004860060408792166,0.04204999923706055,0.00016346544668977003
2006-01-13,42.97999954223633,36.699729919433594,-0.00046555384648150344,0.0421999979019165,0.00016403671239095807
2006-01-17,42.70000076293945,36.46065139770508,-0.006514449077782314,0.0423199987411499,0.00016449367325477304
2006-01-18,42.209999084472656,36.04225158691406,-0.011475379477651093,0.04247000217437744,0.00016506480972910964
2006-01-19,42.52000045776367,36.30693817138672,0.007343786051611678,0.04242000102996826,0.0001648744399997959
2006-01-20,41.25,35.2225341796875,-0.029867679466120123,0.042519998550415036,0.0001652551522102197
2006-01-23,41.2599983215332,35.231082916259766,0.00024270645969570737,0.04247000217437744,0.00016506480972910964
2006-01-24,41.439998626708984,35.38474655151367,0.004361592733869379,0.04295000076293945,0.00016689184934981505
2006-01-25,41.2599983215332,35.231082916259766,-0.0043426518550924165,0.04307000160217285,0.00016734848292765392
2006-01-26,41.54999923706055,35.47869110107422,0.007028117341808304,0.043319997787475584,0.00016829961368380886
2006-01-27,42.11000061035156,35.95685958862305,0.013477624813908351,0.043369998931884764,0.0001684898198499596
2006-01-30,42.189998626708984,36.025177001953125,0.001899982760221297,0.043420000076293944,0.00016868001693737256
2006-01-31,42.0,35.86295700073242,-0.004502961948303796,0.04369999885559082,0.00016974492387822337
2006-02-01,42.150001525878906,35.99102020263672,0.0035709047054228726,0.043619999885559084,0.00016944069638191728
2006-02-02,41.43000030517578,35.376220703125,-0.017082024795359363,0.043619999885559084,0.00016944069638191728
2006-02-03,40.91999816894531,34.94076156616211,-0.012309374158908537,0.043619999885559084,0.00016944069638191728
2006-02-06,40.810001373291016,34.846824645996094,-0.002688462298915284,0.043470001220703124,0.0001688702049467139
2006-02-07,40.630001068115234,34.69313049316406,-0.0044105640727207795,0.04381999969482422,0.0001702012306417089
2006-02-08,41.099998474121094,35.094444274902344,0.011567528673071426,0.04392000198364258,0.0001705814524093352
2006-02-09,40.709999084472656,34.76142883300781,-0.009489121391578426,0.04396999835968018,0.00017077153156064284
2006-02-10,40.959999084472656,34.974910736083984,0.006141344307270202,0.04425000190734863,0.00017183589789704357
2006-02-13,40.4900016784668,34.57359313964844,-0.01147444233564554,0.04421999931335449,0.00017172186382974353
2006-02-14,40.900001525878906,34.92366409301758,0.010125385346994253,0.04447000026702881,0.0001726719695058776
2006-02-15,41.15999984741211,35.14567947387695,0.006357161730454308,0.04432000160217285,0.00017210194053429717
2006-02-16,41.540000915527344,35.47014617919922,0.009232050999709251,0.04429999828338623,0.00017202591721998672
2006-02-17,41.209999084472656,35.188377380371094,-0.00794382964774365,0.04427000045776367,0.00017191190671361767
2006-02-21,40.75,34.79560470581055,-0.011162000177355247,0.04445000171661377,0.0001725959751863737
2006-02-22,41.2599983215332,35.231082916259766,0.01251532238428088,0.04452000141143799,0.00017286196708332646
2006-02-23,41.150001525878906,35.137142181396484,-0.002666416331469801,0.044770002365112305,0.0001738118009897427
2006-02-24,41.2599983215332,35.231082916259766,0.002673545115829512,0.044819998741149905,0.00017400172611425901
2006-02-27,41.720001220703125,35.62385940551758,0.011148578378683327,0.04489999771118164,0.00017430560559783537
2006-02-28,41.099998474121094,35.094444274902344,-0.014861251404255094,0.04506999969482422,0.0001749512884112736
2006-03-01,41.65999984741211,35.57261657714844,0.013625299164177207,0.044869999885559085,0.00017419166029930544
2006-03-02,41.689998626708984,35.598236083984375,0.0007202030466433307,0.044869999885559085,0.00017419166029930544
2006-03-03,41.45000076293945,35.393310546875,-0.005756620542262558,0.044920001029968265,0.00017438158543159332
2006-03-06,41.09000015258789,35.08591842651367,-0.008685034420677251,0.044650001525878905,0.000173355907521211
2006-03-07,40.849998474121094,34.8809928894043,-0.005840677579484921,0.044819998741149905,0.00017400172611425901
2006-03-08,40.869998931884766,34.898040771484375,0.000488744174631961,0.044850001335144045,0.00017411569495684454
2006-03-09,40.52000045776367,34.599205017089844,-0.008563109784624712,0.044749999046325685,0.00017373581029045404
2006-03-10,40.560001373291016,34.633358001708984,0.000987103160383862,0.04489999771118164,0.00017430560559783537
2006-03-13,40.68000030517578,34.73580551147461,0.002958058810253572,0.044920001029968265,0.00017438158543159332
2006-03-14,41.369998931884766,35.32499313354492,0.016961968015271278,0.044770002365112305,0.0001738118009897427
2006-03-15,41.720001220703125,35.62385940551758,0.00846047643499337,0.045,0.00017468543594945096
2006-03-16,41.369998931884766,35.32499313354492,-0.008389497290862469,0.044920001029968265,0.00017438158543159332
2006-03-17,41.45000076293945,35.418121337890625,0.0026363261839468244,0.04517000198364258,0.00017533105722389308
2006-03-20,41.54999923706055,35.50358963012695,0.0024131232546458214,0.0453000020980835,0.00017582469171339987
2006-03-21,41.11000061035156,35.12761306762695,-0.010589818280824281,0.045669999122619626,0.0001772293042707762
2006-03-22,41.209999084472656,35.21305465698242,0.002432319816065398,0.045669999122619626,0.0001772293042707762
2006-03-23,41.09000015258789,35.11051940917969,-0.0029118532544691877,0.04546999931335449,0.0001764701103417199
2006-03-24,41.29999923706055,35.28995895385742,0.0051107060703527996,0.04534999847412109,0.00017601452092419478
2006-03-27,41.310001373291016,35.29850387573242,0.0002421346504304367,0.04517000198364258,0.00017533105722389308
2006-03-28,41.13999938964844,35.15324401855469,-0.004115184532724636,0.04526999950408936,0.00017571077174016736
2006-03-29,41.91999816894531,35.81973648071289,0.018959628926605188,0.04501999855041504,0.00017476139043126615
2006-03-30,42.04999923706055,35.930816650390625,0.003101088410785602,0.044850001335144045,0.00017411569495684454
2006-03-31,41.93000030517578,35.82828903198242,-0.002853473089849401,0.04514999866485596,0.0001752550954920995
2006-04-03,41.97999954223633,35.871002197265625,0.0011921631324642856,0.04526999950408936,0.00017571077174016736
2006-04-04,42.209999084472656,36.06753921508789,0.005478994334795706,0.04552000045776367,0.00017665992691018317
2006-04-05,42.61000061035156,36.409339904785156,0.00947668449624306,0.04546999931335449,0.0001764701103417199
2006-04-06,42.72999954223633,36.51187515258789,0.002816179806359509,0.04552000045776367,0.00017665992691018317
2006-04-07,42.31999969482422,36.161537170410156,-0.009595179122234287,0.04561999797821045,0.00017703951482372915
2006-04-10,42.2599983215332,36.110267639160156,-0.001417791810353508,0.045669999122619626,0.0001772293042707762
2006-04-11,41.91999816894531,35.81973648071289,-0.008045666162058485,0.045720000267028806,0.00017741908467905354
2006-04-12,41.93000030517578,35.82828903198242,0.00023876644860676421,0.045819997787475586,0.00017779860028577232
2006-04-13,42.099998474121094,35.97356414794922,0.004054760076237951,0.045770001411437986,0.00017760885604922727
2006-04-17,41.65999984741211,35.59757614135742,-0.010451786346369896,0.045770001411437986,0.00017760885604922727
2006-04-18,42.459999084472656,36.281166076660156,0.019203271947174416,0.045970001220703126,0.00017836783307179083
2006-04-19,42.650001525878906,36.44348907470703,0.004474029244371458,0.046020002365112306,0.00017855755926499128
2006-04-20,42.5,36.315338134765625,-0.0035164289478074595,0.046020002365112306,0.00017855755926499128
2006-04-21,42.0,35.888092041015625,-0.011764893725193959,0.04625,0.0001794301544804089
2006-04-24,41.959999084472656,35.85390090942383,-0.0009527152224397817,0.04622000217437744,0.00017931635562762338
2006-04-25,41.869998931884766,35.77702713012695,-0.0021440841121047605,0.04655000209808349,0.0001805680547186661
2006-04-26,41.86000061035156,35.76847839355469,-0.00023894485534448062,0.04657000064849853,0.0001806438971545532
2006-04-27,42.2599983215332,36.110267639160156,0.00955559925823013,0.04657000064849853,0.0001806438971545532
2006-04-28,41.849998474121094,35.75992202758789,-0.009702105093021496,0.04650000095367432,0.00018037842422891082
2006-05-01,41.439998626708984,35.40958786010742,-0.009796838125379459,0.04646999835968017,0.0001802646343689318
2006-05-02,41.54999923706055,35.50358963012695,0.0026546982244159967,0.04682000160217285,0.00018159187814359434
2006-05-03,41.4900016784668,35.45231628417969,-0.0014441735745998052,0.04697000026702881,0.0001821605512735136
2006-05-04,41.83000183105469,35.74284362792969,0.008194876222506364,0.04671999931335449,0.00018121270557824865
2006-05-05,42.15999984741211,36.02481460571289,0.007888879259815518,0.046950001716613766,0.0001820847376987622
2006-05-08,42.20000076293945,36.058990478515625,0.0009486758829098108,0.04699999809265137,0.00018227426893102638
2006-05-09,42.040000915527344,35.92227554321289,-0.0037914243712450224,0.04755000114440918,0.00018435868032362634
2006-05-10,41.66999816894531,35.60609817504883,-0.008801707669763736,0.04751999855041504,0.00018424500406921673
2006-05-11,40.7400016784668,34.81145095825195,-0.022317728072595355,0.046950001716613766,0.0001820847376987622
2006-05-12,40.189998626708984,34.34150695800781,-0.013499695856048266,0.04706999778747559,0.00018253961558678533
2006-05-15,40.15999984741211,34.31583786010742,-0.0007474656814501213,0.04697000026702881,0.0001821605512735136
2006-05-16,39.86000061035156,34.05952072143555,-0.007469353938457823,0.04706999778747559,0.00018253961558678533
2006-05-17,39.31999969482422,33.59808349609375,-0.013547965901099412,0.04706999778747559,0.00018253961558678533
2006-05-18,39.04999923706055,33.367401123046875,-0.006865938441807162,0.04706999778747559,0.00018253961558678533
2006-05-19,39.349998474121094,33.623714447021484,0.007681548917442438,0.04697000026702881,0.0001821605512735136
2006-05-22,38.970001220703125,33.29903030395508,-0.009656403178714523,0.04682000160217285,0.00018159187814359434
2006-05-23,38.59000015258789,32.97431945800781,-0.009751360414501309,0.04711999893188477,0.00018272914325900835
2006-05-24,38.849998474121094,33.196475982666016,0.006737258821705616,0.04702000141143799,0.00018235009697531446
2006-05-25,39.36000061035156,33.63228988647461,0.013128318320178245,0.04697000026702881,0.0001821605512735136
2006-05-26,39.4900016784668,33.74335861206055,0.003302443156884216,0.04711999893188477,0.00018272914325900835
2006-05-30,38.63999938964844,33.01703643798828,-0.021524892718078892,0.04697000026702881,0.0001821605512735136
2006-05-31,38.81999969482422,33.17085647583008,0.004658808131695835,0.04715000152587891,0.00018284286276482042
2006-06-01,39.7400016784668,33.95698547363281,0.02369938799667559,0.04706999778747559,0.00018253961558678533
2006-06-02,39.63999938964844,33.87153244018555,-0.0025165082310860676,0.04682000160217285,0.00018159187814359434
2006-06-05,38.779998779296875,33.13667678833008,-0.021695376586611914,0.04702000141143799,0.00018235009697531446
2006-06-06,38.75,33.111026763916016,-0.0007740674956003835,0.04736999988555908,0.0001836766283567215
2006-06-07,38.459999084472656,32.863243103027344,-0.007483418217604232,0.0473199987411499,0.00018348714574534242
2006-06-08,38.400001525878906,32.81196975708008,-0.001560203470683752,0.04735000133514404,0.00018360084362134543
2006-06-09,38.150001525878906,32.598350524902344,-0.006510405615976156,0.04747000217437744,0.00018405556655132216
2006-06-12,37.400001525878906,31.957500457763672,-0.019658972212385994,0.047820000648498534,0.0001853815304011519
2006-06-13,37.25,31.829320907592773,-0.004010937912378498,0.047719998359680174,0.00018500271828525428
2006-06-14,37.630001068115234,32.15403366088867,0.010201686496504436,0.04760000228881836,0.00018454812149792943
2006-06-15,38.650001525878906,33.025569915771484,0.027105036465235877,0.04719999790191651,0.00018303235794192574
2006-06-16,38.34000015258789,32.782752990722656,-0.007352391667066138,0.04744999885559082,0.0001839797709544122
2006-06-19,38.029998779296875,32.5177001953125,-0.008085129259436052,0.04755000114440918,0.00018435868032362634
2006-06-20,38.08000183105469,32.560447692871094,0.0013145916624435205,0.048000001907348634,0.00018606329063852733
2006-06-21,38.68000030517578,33.07347106933594,0.015756029563966045,0.047849998474121094,0.00018549515617705126
2006-06-22,38.189998626708984,32.65449905395508,-0.012667917876007517,0.047750000953674314,0.00018511637292650818
2006-06-23,38.150001525878906,32.62028503417969,-0.0010477582191311674,0.04835000038146973,0.00018738858668698732
2006-06-26,38.25,32.70580291748047,0.0026216166784309713,0.04849999904632568,0.00018795643322544464
2006-06-27,37.529998779296875,32.090171813964844,-0.018823298882736927,0.049099998474121095,0.00019022702856874574
2006-06-28,37.810001373291016,32.3295783996582,0.007460433277866496,0.04869999885559082,0.00018871344210591445
2006-06-29,38.959999084472656,33.312896728515625,0.03041543928292678,0.04864999771118164,0.0001885241988557329
2006-06-30,38.77000045776367,33.150428771972656,-0.004877028793593197,0.04860000133514404,0.0001883349646663035
2006-07-03,39.0,33.34710693359375,0.005932899479942133,0.04885000228881836,0.00018928111793803382
2006-07-05,38.150001525878906,32.62028503417969,-0.02179565084495727,0.04869999885559082,0.00018871344210591445
2006-07-06,38.11000061035156,32.58610916137695,-0.0010476877429772546,0.04869999885559082,0.00018871344210591445
2006-07-07,37.689998626708984,32.226966857910156,-0.011021331257690448,0.04875,0.00018890267636906266
2006-07-10,37.36000061035156,31.944805145263672,-0.008755453589242346,0.04875,0.00018890267636906266
2006-07-11,37.63999938964844,32.1842155456543,0.0074945018228143034,0.049149999618530275,0.00019041619096893392
2006-07-12,36.93000030517578,31.577116012573242,-0.01886326954962958,0.049250001907348635,0.00019079448883219108
2006-07-13,36.310001373291016,31.047019958496094,-0.016787348593395146,0.049149999618530275,0.00019041619096893392
2006-07-14,35.939998626708984,30.730628967285156,-0.010190704023571029,0.049149999618530275,0.00019041619096893392
2006-07-17,36.029998779296875,30.807584762573242,0.0025042050187131792,0.04940000057220459,0.00019136185026291663
2006-07-18,36.150001525878906,30.910192489624023,0.0033305995209151895,0.05,0.00019363050654397362
2006-07-19,36.619998931884766,31.31207847595215,0.013001730301842374,0.0496999979019165,0.00019249633083839868
2006-07-20,36.08000183105469,30.85034942626953,-0.014746036422884745,0.04945000171661377,0.0001915509588013009
2006-07-21,35.70000076293945,30.525426864624023,-0.010532216577386011,0.04945000171661377,0.0001915509588013009
2006-07-24,36.40999984741211,31.13252067565918,0.019888135020274422,0.04945000171661377,0.0001915509588013009
2006-07-25,36.619998931884766,31.31207847595215,0.005767531712694174,0.05,0.00019363050654397362
2006-07-26,36.59000015258789,31.286401748657227,-0.0008200262820189375,0.0496999979019165,0.00019249633083839868
2006-07-27,36.349998474121094,31.081195831298828,-0.006558949124509161,0.04954999923706055,0.00019192913092402897
2006-07-28,37.11000061035156,31.731042861938477,0.02090804466362428,0.049200000762939455,0.00019060534438963828
2006-07-31,37.099998474121094,31.72249412536621,-0.000269412405052738,0.04934999942779541,0.00019117273274971147
2006-08-01,36.47999954223633,31.192354202270508,-0.016711798290531932,0.04985000133514404,0.00019306346805647578
2006-08-02,36.88999938964844,31.542938232421875,0.011239421939041927,0.04965000152587891,0.00019230728519104012
2006-08-03,37.119998931884766,31.73959732055664,0.006234647092344225,0.0496999979019165,0.00019249633083839868
2006-08-04,36.95000076293945,31.594242095947266,-0.004579617792291102,0.04945000171661377,0.0001915509588013009
2006-08-07,36.709999084472656,31.389019012451172,-0.006495584950981237,0.0496999979019165,0.00019249633083839868
2006-08-08,36.47999954223633,31.192354202270508,-0.006265401607570276,0.04974999904632568,0.00019268538554650938
2006-08-09,36.529998779296875,31.235118865966797,0.0013709982715308655,0.04934999942779541,0.00019117273274971147
2006-08-10,36.790000915527344,31.457435607910156,0.007117525081218545,0.049149999618530275,0.00019041619096893392
2006-08-11,36.529998779296875,31.235118865966797,-0.007067223937588074,0.04934999942779541,0.00019117273274971147
2006-08-14,36.77000045776367,31.440345764160156,0.006570389537302823,0.04954999923706055,0.00019192913092402897
2006-08-15,37.70000076293945,32.23551559448242,0.025291383125585876,0.04960000038146973,0.00019211821254327965
2006-08-16,38.59000015258789,32.996524810791016,0.023607787940542524,0.04929999828338623,0.0001909836062605752
2006-08-17,38.72999954223633,33.11623001098633,0.0036278123493831416,0.04954999923706055,0.00019192913092402897
2006-08-18,38.790000915527344,33.167537689208984,0.001549321230273959,0.04960000038146973,0.00019211821254327965
2006-08-21,38.41999816894531,32.85117721557617,-0.00953825624914384,0.04954999923706055,0.00019192913092402897
2006-08-22,38.43000030517578,32.85969543457031,0.0002592972220825107,0.04965000152587891,0.00019230728519104012
2006-08-23,38.13999938964844,32.61174392700195,-0.007545764021522294,0.04960000038146973,0.00019211821254327965
2006-08-24,38.25,32.70580291748047,0.00288420609118778,0.04954999923706055,0.00019192913092402897
2006-08-25,38.31999969482422,32.765655517578125,0.0018300299872981984,0.04965000152587891,0.00019230728519104012
2006-08-28,38.61000061035156,33.01363754272461,0.007568352325911798,0.04960000038146973,0.00019211821254327965
2006-08-29,38.72999954223633,33.11623001098633,0.003107578440241454,0.04934999942779541,0.00019117273274971147
2006-08-30,38.90999984741211,33.270137786865234,0.004647502926143687,0.049200000762939455,0.00019060534438963828
2006-08-31,38.869998931884766,33.23594284057617,-0.0010277969543776022,0.049050002098083495,0.0001900378752293097
2006-09-01,39.08000183105469,33.41550064086914,0.005402518627326325,0.04885000228881836,0.00018928111793803382
2006-09-05,39.459999084472656,33.74042510986328,0.009723764802635815,0.04849999904632568,0.00018795643322544464
2006-09-06,38.66999816894531,33.064937591552734,-0.020020124705336984,0.04829999923706055,0.00018719928050603407
2006-09-07,38.4900016784668,32.9110107421875,-0.004655289275506069,0.04829999923706055,0.00018719928050603407
2006-09-08,38.720001220703125,33.1076774597168,0.0059757118694989675,0.048000001907348634,0.00018606329063852733
2006-09-11,38.959999084472656,33.312896728515625,0.00619854017390753,0.04809999942779541,0.00018644198389283773
2006-09-12,39.68000030517578,33.92853546142578,0.01848049234287008,0.047800002098083494,0.00018530577808362203
2006-09-13,39.95000076293945,34.15940475463867,0.006804575855488215,0.047800002098083494,0.00018530577808362203
2006-09-14,39.9900016784668,34.19359588623047,0.0010009287877639217,0.04809999942779541,0.00018644198389283773
2006-09-15,40.11000061035156,34.31593322753906,0.003577785200352679,0.04815000057220459,0.00018663132605323263
2006-09-18,40.119998931884766,34.32447814941406,0.0002490074164192002,0.04804999828338623,0.00018625263273541748
2006-09-19,39.849998474121094,34.0934944152832,-0.00672941721430953,0.04820000171661377,0.00018682065921726831
2006-09-20,40.43000030517578,34.58971405029297,0.014554672189522666,0.04809999942779541,0.00018644198389283773
2006-09-21,40.18000030517578,34.37582015991211,-0.006183742660313962,0.047849998474121094,0.00018549515617705126
2006-09-22,39.869998931884766,34.1106071472168,-0.007715103565866133,0.047899999618530274,0.00018568454333123263
2006-09-25,40.56999969482422,34.7094841003418,0.017556912738032615,0.047699999809265134,0.00018492695876615173
2006-09-26,40.77000045776367,34.88060760498047,0.00493016560384385,0.04755000114440918,0.00018435868032362634
2006-09-27,40.720001220703125,34.83781814575195,-0.0012267406495065636,0.0475,0.00018416923014275
2006-09-28,40.83000183105469,34.93193817138672,0.0027016624646525322,0.04739999771118164,0.00018379030275750274
2006-09-29,40.650001525878906,34.77793884277344,-0.004408553795604342,0.04760000228881836,0.00018454812149792943
2006-10-02,40.13999938964844,34.341617584228516,-0.01254592057676196,0.04760000228881836,0.00018454812149792943
2006-10-03,40.310001373291016,34.487037658691406,0.004234514408246071,0.047750000953674314,0.00018511637292650818
2006-10-04,41.29999923706055,35.334041595458984,0.02456006645598663,0.047950000762939454,0.00018587392148483595
2006-10-05,41.5,35.505149841308594,0.004842589132843411,0.048000001907348634,0.00018606329063852733
2006-10-06,41.40999984741211,35.42815017700195,-0.002168690025272202,0.04809999942779541,0.00018644198389283773
2006-10-09,41.54999923706055,35.547916412353516,0.00338053877363631,0.04809999942779541,0.00018644198389283773
2006-10-10,41.619998931884766,35.607810974121094,0.0016848965512579195,0.04855000019073486,0.000188145703440723
2006-10-11,41.540000915527344,35.53938293457031,-0.0019217143002840942,0.04885000228881836,0.00018928111793803382
2006-10-12,42.20000076293945,36.104034423828125,0.015888049893757694,0.049200000762939455,0.00019060534438963828
2006-10-13,42.43000030517578,36.30078887939453,0.005449652890773704,0.049200000762939455,0.00019060534438963828
2006-10-16,42.470001220703125,36.33502197265625,0.0009430399260867972,0.04929999828338623,0.0001909836062605752
2006-10-17,42.0,35.93291091918945,-0.011066762358624804,0.04949999809265137,0.00019174004033239989
2006-10-18,41.79999923706055,35.761810302734375,-0.004761668678606945,0.04949999809265137,0.00019174004033239989
2006-10-19,41.900001525878906,35.84735107421875,0.002391958649750947,0.04960000038146973,0.00019211821254327965
2006-10-20,42.0,35.93291091918945,0.0023867829116175354,0.04949999809265137,0.00019174004033239989
2006-10-23,42.43000030517578,36.30078887939453,0.010237911452050552,0.0496999979019165,0.00019249633083839868
2006-10-24,42.13999938964844,36.05269241333008,-0.006834464862147449,0.04989999771118164,0.00019325247783363864
2006-10-25,42.43000030517578,36.30078887939453,0.006881496206167403,0.04985000133514404,0.00019306346805647578
2006-10-26,42.81999969482422,36.63447570800781,0.009192274848955018,0.04974999904632568,0.00019268538554650938
2006-10-27,42.209999084472656,36.11259841918945,-0.014245523614912381,0.04965000152587891,0.00019230728519104012
2006-10-30,42.47999954223633,36.34358596801758,0.006396314830266592,0.04945000171661377,0.0001915509588013009
2006-10-31,42.58000183105469,36.42914581298828,0.0023541938059166156,0.04940000057220459,0.00019136185026291663
2006-11-01,42.0,35.93291091918945,-0.013621919557112006,0.04934999942779541,0.00019117273274971147
2006-11-02,42.040000915527344,35.96712875366211,0.0009522700387287752,0.04934999942779541,0.00019117273274971147
2006-11-03,41.93000030517578,35.87303924560547,-0.00261598607720559,0.04954999923706055,0.00019192913092402897
2006-11-06,42.540000915527344,36.394920349121094,0.014548003584044178,0.04940000057220459,0.00019136185026291663
2006-11-07,42.83000183105469,36.64302444458008,0.006816997896383015,0.04945000171661377,0.0001915509588013009
2006-11-08,43.029998779296875,36.81413269042969,0.0046695994242613725,0.04960000038146973,0.00019211821254327965
2006-11-09,42.83000183105469,36.64302444458008,-0.004647895613580255,0.04960000038146973,0.00019211821254327965
2006-11-10,43.029998779296875,36.81413269042969,0.0046695994242613725,0.04954999923706055,0.00019192913092402897
2006-11-13,43.470001220703125,37.19058609008789,0.010225784831705775,0.04945000171661377,0.0001915509588013009
2006-11-14,43.93000030517578,37.58413314819336,0.010581899869826383,0.04954999923706055,0.00019192913092402897
2006-11-15,44.11000061035156,37.73813247680664,0.004097455913272485,0.04949999809265137,0.00019174004033239989
2006-11-16,44.29999923706055,37.90068054199219,0.004307263092190539,0.04954999923706055,0.00019192913092402897
2006-11-17,44.29999923706055,37.90068054199219,0.0,0.04945000171661377,0.0001915509588013009
2006-11-20,44.38999938964844,37.977664947509766,0.002031214332214537,0.049250001907348635,0.00019079448883219108
2006-11-21,44.45000076293945,38.02900695800781,0.0013519001383841545,0.04929999828338623,0.0001909836062605752
2006-11-22,44.72999954223633,38.26856231689453,0.006299279893141607,0.049200000762939455,0.00019060534438963828
2006-11-24,44.650001525878906,38.20011520385742,-0.0017885990194852486,0.049050002098083495,0.0001900378752293097
2006-11-27,43.63999938964844,37.336002349853516,-0.02262068712077203,0.049050002098083495,0.0001900378752293097
2006-11-28,43.77000045776367,37.44723129272461,0.002979133701268566,0.049050002098083495,0.0001900378752293097
2006-11-29,44.06999969482422,37.70390319824219,0.006854229182157168,0.049050002098083495,0.0001900378752293097
2006-11-30,44.040000915527344,37.67824172973633,-0.0006806050920228346,0.048899998664855955,0.00018947030720206648
2006-12-01,43.65999984741211,37.35313415527344,-0.00862852297606842,0.048899998664855955,0.00018947030720206648
2006-12-04,44.2599983215332,37.86643981933594,0.013741970404109516,0.04869999885559082,0.00018871344210591445
2006-12-05,44.41999816894531,38.00334548950195,0.0036154883009653638,0.04849999904632568,0.00018795643322544464
2006-12-06,44.2599983215332,37.86643981933594,-0.0036024636358352735,0.04855000019073486,0.000188145703440723
2006-12-07,43.70000076293945,37.3873405456543,-0.012652345347686889,0.04840000152587891,0.00018757788387491203
2006-12-08,43.900001525878906,37.55845642089844,0.00457683998772751,0.04829999923706055,0.00018719928050603407
2006-12-11,44.060001373291016,37.69535446166992,0.0036449325615870443,0.04815000057220459,0.00018663132605323263
2006-12-12,43.79999923706055,37.4729118347168,-0.005901062083905173,0.04804999828338623,0.00018625263273541748
2006-12-13,43.880001068115234,37.54134750366211,0.0018262703802460756,0.04815000057220459,0.00018663132605323263
2006-12-14,44.369998931884766,37.9605712890625,0.011166988221706697,0.04815000057220459,0.00018663132605323263
2006-12-15,44.43000030517578,38.058223724365234,0.00257247011798456,0.047750000953674314,0.00018511637292650818
2006-12-18,43.9900016784668,37.681331634521484,-0.0099030394212134,0.04804999828338623,0.00018625263273541748
2006-12-19,43.849998474121094,37.561405181884766,-0.0031826490050804734,0.04829999923706055,0.00018719928050603407
2006-12-20,43.689998626708984,37.42435073852539,-0.0036488103332585897,0.04835000038146973,0.00018738858668698732
2006-12-21,43.380001068115234,37.15879440307617,-0.007095816766591212,0.04835000038146973,0.00018738858668698732
2006-12-22,42.93000030517578,36.773345947265625,-0.010373007574719262,0.04849999904632568,0.00018795643322544464
2006-12-26,43.11000061035156,36.927528381347656,0.004192776863523262,0.04849999904632568,0.00018795643322544464
2006-12-27,43.33000183105469,37.11598205566406,0.005103338419248038,0.0484499979019165,0.00018776715401980226
2006-12-28,43.119998931884766,36.936092376708984,-0.004846690535772247,0.04864999771118164,0.0001885241988557329
2006-12-29,43.15999984741211,36.970359802246094,0.0009277490750136952,0.04885000228881836,0.00018928111793803382
2007-01-03,43.2400016784668,37.03888702392578,0.0018535719437473563,0.049149999618530275,0.00019041619096893392
2007-01-04,44.060001373291016,37.74127960205078,0.018963652381651652,0.049000000953674315,0.00018984869486904365
2007-01-05,43.849998474121094,37.561405181884766,-0.004765986263916777,0.049099998474121095,0.00019022702856874574
2007-01-08,43.880001068115234,37.587093353271484,0.0006838980400847294,0.049099998474121095,0.00019022702856874574
2007-01-09,44.099998474121094,37.77553176879883,0.005013380889984154,0.04945000171661377,0.0001915509588013009
2007-01-10,44.619998931884766,38.22096252441406,0.011791515162286714,0.04949999809265137,0.00019174004033239989
2007-01-11,45.08000183105469,38.61500549316406,0.010309603493064756,0.04965000152587891,0.00019230728519104012
2007-01-12,45.310001373291016,38.81201934814453,0.005102002510794623,0.04954999923706055,0.00019192913092402897
2007-01-16,45.279998779296875,38.78632354736328,-0.0006620578164397983,0.04954999923706055,0.00019192913092402897
2007-01-17,44.90999984741211,38.46936798095703,-0.008171838354805838,0.04980000019073486,0.00019287443128557236
2007-01-18,44.08000183105469,37.75841522216797,-0.018481009595504583,0.04980000019073486,0.00019287443128557236
2007-01-19,44.16999816894531,37.835514068603516,0.002041898368400963,0.05,0.00019363050654397362
2007-01-22,43.689998626708984,37.42435073852539,-0.01086712683043245,0.04989999771118164,0.00019325247783363864
2007-01-23,43.58000183105469,37.33011245727539,-0.0025181006320835753,0.05005000114440918,0.00019381950745178678
2007-01-24,44.29999923706055,37.946868896484375,0.01652168714773805,0.04989999771118164,0.00019325247783363864
2007-01-25,43.72999954223633,37.45861053466797,-0.012866894582220456,0.05,0.00019363050654397362
2007-01-26,43.56999969482422,37.32155227661133,-0.0036589253071678263,0.04994999885559082,0.00019344149667177568
2007-01-29,43.61000061035156,37.355804443359375,0.0009177583636978959,0.04994999885559082,0.00019344149667177568
2007-01-30,43.630001068115234,37.37296676635742,0.0004594285480872262,0.04994999885559082,0.00019344149667177568
2007-01-31,44.06999969482422,37.749855041503906,0.010084515834738461,0.04974999904632568,0.00019268538554650938
2007-02-01,44.0,37.68989181518555,-0.0015884359357786204,0.04989999771118164,0.00019325247783363864
2007-02-02,44.15999984741211,37.82693862915039,0.0036361689398543007,0.05,0.00019363050654397362
2007-02-05,44.119998931884766,37.792667388916016,-0.0009060008945044329,0.04994999885559082,0.00019344149667177568
2007-02-06,44.060001373291016,37.74127960205078,-0.0013597290272320262,0.05010000228881836,0.00019400849939543718
2007-02-07,44.459999084472656,38.08391571044922,0.009078550383326611,0.05010000228881836,0.00019400849939543718
2007-02-08,44.45000076293945,38.07536697387695,-0.0002244710506467129,0.050149998664855956,0.0001941974643542288
2007-02-09,43.880001068115234,37.587093353271484,-0.01282387168954846,0.050149998664855956,0.0001941974643542288
2007-02-12,43.709999084472656,37.441463470458984,-0.003874465137374772,0.050199999809265136,0.00019438643837355052
2007-02-13,43.86000061035156,37.569969177246094,0.0034321763861739907,0.050250000953674316,0.00019457540343159607
2007-02-14,44.599998474121094,38.20384216308594,0.0168717994643377,0.05010000228881836,0.00019400849939543718
2007-02-15,44.86000061035156,38.426551818847656,0.005829509367434982,0.050199999809265136,0.00019438643837355052
2007-02-16,44.709999084472656,38.29805374145508,-0.003343991883485886,0.050300002098083496,0.0001947643595290316
2007-02-20,45.04999923706055,38.58930206298828,0.007604781263804705,0.050349998474121097,0.00019495328864826966
2007-02-21,45.189998626708984,38.70923614501953,0.003107961938142445,0.050349998474121097,0.00019495328864826966
2007-02-22,45.41999816894531,38.90623474121094,0.005089188416257384,0.050450000762939456,0.0001953311560503046
2007-02-23,45.2599983215332,38.76917266845703,-0.0035228819664917532,0.050399999618530276,0.00019514222682825988
2007-02-26,45.040000915527344,38.58073425292969,-0.004860521970350362,0.050450000762939456,0.0001953311560503046
2007-02-27,43.189998626708984,36.996063232421875,-0.041074154009587804,0.04989999771118164,0.00019325247783363864
2007-02-28,43.33000183105469,37.11598205566406,0.003241394158314037,0.04994999885559082,0.00019344149667177568
2007-03-01,43.130001068115234,36.94466018676758,-0.004615851700745743,0.04989999771118164,0.00019325247783363864
2007-03-02,42.47999954223633,36.38785934448242,-0.015071212983698956,0.0496999979019165,0.00019249633083839868
2007-03-05,42.150001525878906,36.10519027709961,-0.007768224690185677,0.04960000038146973,0.00019211821254327965
2007-03-06,42.849998474121094,36.704811096191406,0.016607607230147092,0.04974999904632568,0.00019268538554650938
2007-03-07,42.68000030517578,36.55917739868164,-0.003967700504658778,0.04954999923706055,0.00019192913092402897
2007-03-08,42.970001220703125,36.80760192871094,0.0067951345655346,0.04945000171661377,0.0001915509588013009
2007-03-09,42.93000030517578,36.773345947265625,-0.000930676807243791,0.04949999809265137,0.00019174004033239989
2007-03-12,43.209999084472656,37.013187408447266,0.00652215497402886,0.04949999809265137,0.00019174004033239989
2007-03-13,42.369998931884766,36.29365539550781,-0.019439882466735114,0.04934999942779541,0.00019117273274971147
2007-03-14,42.9900016784668,36.824729919433594,0.014632709715745928,0.049149999618530275,0.00019041619096893392
2007-03-15,42.88999938964844,36.73907470703125,-0.002326024185099085,0.048949999809265135,0.0001896595055268513
2007-03-16,42.83000183105469,36.71079635620117,-0.0007697077581724221,0.04885000228881836,0.00018928111793803382
2007-03-19,43.27000045776367,37.08793640136719,0.010273273331002253,0.048949999809265135,0.0001896595055268513
2007-03-20,43.58000183105469,37.35363006591797,0.007163883740401111,0.049099998474121095,0.00019022702856874574
2007-03-21,44.41999816894531,38.073612213134766,0.019274757123905806,0.049099998474121095,0.00019022702856874574
2007-03-22,44.2599983215332,37.93647003173828,-0.003602027058235646,0.049200000762939455,0.00019060534438963828
2007-03-23,44.119998931884766,37.81647491455078,-0.0031630543666057997,0.049250001907348635,0.00019079448883219108
2007-03-26,44.29999923706055,37.97077560424805,0.004080250474057134,0.04929999828338623,0.0001909836062605752
2007-03-27,43.9900016784668,37.70506286621094,-0.006997822241149643,0.049200000762939455,0.00019060534438963828
2007-03-28,43.52000045776367,37.302215576171875,-0.010684169695419632,0.049099998474121095,0.00019022702856874574
2007-03-29,43.56999969482422,37.3450813293457,0.001149147644763815,0.049050002098083495,0.0001900378752293097
2007-03-30,43.529998779296875,37.31077575683594,-0.0009186101968081672,0.048949999809265135,0.0001896595055268513
2007-04-02,43.59000015258789,37.3621940612793,0.0013781086938118303,0.049050002098083495,0.0001900378752293097
2007-04-03,44.15999984741211,37.85076141357422,0.013076516638546476,0.049050002098083495,0.0001900378752293097
2007-04-04,44.34000015258789,38.005062103271484,0.004076554445267444,0.049050002098083495,0.0001900378752293097
2007-04-05,44.560001373291016,38.19361114501953,0.004961155996422217,0.048949999809265135,0.0001896595055268513
2007-04-09,44.45000076293945,38.09934616088867,-0.0024680825223082348,0.04885000228881836,0.00018928111793803382
2007-04-10,44.68000030517578,38.296478271484375,0.00517415993868342,0.04880000114440918,0.0001890919016460657
2007-04-11,44.209999084472656,37.89361572265625,-0.010519571694614482,0.04885000228881836,0.00018928111793803382
2007-04-12,44.560001373291016,38.19361114501953,0.007916780086623332,0.04885000228881836,0.00018928111793803382
2007-04-13,44.650001525878906,38.270751953125,0.002019730677274012,0.04869999885559082,0.00018871344210591445
2007-04-16,45.060001373291016,38.622188568115234,0.009182903315322344,0.04864999771118164,0.0001885241988557329
2007-04-17,45.15999984741211,38.707908630371094,0.0022194511868398603,0.04860000133514404,0.0001883349646663035
2007-04-18,45.0099983215332,38.57932662963867,-0.0033218534734148486,0.04849999904632568,0.00018795643322544464
2007-04-19,45.150001525878906,38.6993408203125,0.0031108420275440807,0.0484499979019165,0.00018776715401980226
2007-04-20,45.400001525878906,38.91360855102539,0.005536728176011252,0.04835000038146973,0.00018738858668698732
2007-04-23,45.470001220703125,38.97361373901367,0.0015420103717598277,0.04840000152587891,0.00018757788387491203
2007-04-24,45.70000076293945,39.17073440551758,0.005057798022629401,0.04835000038146973,0.00018738858668698732
2007-04-25,46.310001373291016,39.69359588623047,0.013348268513424744,0.04820000171661377,0.00018682065921726831
2007-04-26,46.54999923706055,39.89931106567383,0.005182578570935625,0.048000001907348634,0.00018606329063852733
2007-04-27,46.56999969482422,39.91645431518555,0.00042966279501666094,0.047950000762939454,0.00018587392148483595
2007-04-30,45.959999084472656,39.393592834472656,-0.01309889592357849,0.04724999904632568,0.00018322186218000525
2007-05-01,45.91999816894531,39.359317779541016,-0.0008700667409459184,0.04755000114440918,0.00018435868032362634
2007-05-02,46.41999816894531,39.78787612915039,0.010888358177593815,0.04755000114440918,0.00018435868032362634
2007-05-03,46.59000015258789,39.933597564697266,0.0036624582592412747,0.0475,0.00018416923014275
2007-05-04,46.630001068115234,39.96787643432617,0.0008583967315585195,0.0475,0.00018416923014275
2007-05-07,46.630001068115234,39.96787643432617,0.0,0.04730000019073486,0.00018341135740618242
2007-05-08,46.72999954223633,40.053592681884766,0.0021446285168400525,0.04755000114440918,0.00018435868032362634
2007-05-09,46.83000183105469,40.13930892944336,0.002140038928327259,0.04730000019073486,0.00018341135740618242
2007-05-10,46.189998626708984,39.590728759765625,-0.013666906190189398,0.04719999790191651,0.00018303235794192574
2007-05-11,46.779998779296875,40.096435546875,0.012773363940279392,0.04715000152587891,0.00018284286276482042
2007-05-14,46.459999084472656,39.82215881347656,-0.006840426827411927,0.04699999809265137,0.00018227426893102638
2007-05-15,46.099998474121094,39.51359558105469,-0.0077485310092594295,0.046900000572204587,0.00018189517937372557
2007-05-16,46.54999923706055,39.89931106567383,0.009761589117545988,0.046100001335144046,0.00017886109153120167
2007-05-17,46.33000183105469,39.71073913574219,-0.004726195137085276,0.04659999847412109,0.00018075765810188216
2007-05-18,46.709999084472656,40.03645324707031,0.0082021669305814,0.046849999427795413,0.00018170561203079139
2007-05-21,47.0099983215332,40.293575286865234,0.006422198245388699,0.04710000038146973,0.00018265334050160398
2007-05-22,47.04999923706055,40.327877044677734,0.0008512959589288549,0.047750000953674314,0.00018511637292650818
2007-05-23,46.83000183105469,40.13930892944336,-0.004675875078310354,0.047649998664855954,0.0001847375356016645
2007-05-24,46.15999984741211,39.56503677368164,-0.014306976654011927,0.047649998664855954,0.0001847375356016645
2007-05-25,46.45000076293945,39.8135986328125,0.006282361382669022,0.04739999771118164,0.00018379030275750274
2007-05-29,46.810001373291016,40.122154235839844,0.007750005365579904,0.046849999427795413,0.00018170561203079139
2007-05-30,47.189998626708984,40.44788360595703,0.008118441701872037,0.04704999923706055,0.00018246380922382066
2007-05-31,47.40999984741211,40.63642501831055,0.004661341843995803,0.045900001525878906,0.00017810220846214975
2007-06-01,47.439998626708984,40.662147521972656,0.0006329913039968549,0.04655000209808349,0.0001805680547186661
2007-06-04,47.58000183105469,40.78214645385742,0.0029511213548159,0.04625,0.0001794301544804089
2007-06-05,47.58000183105469,40.78214645385742,0.0,0.046900000572204587,0.00018189517937372557
2007-06-06,47.06999969482422,40.34501266479492,-0.010718753843844131,0.04655000209808349,0.0001805680547186661
2007-06-07,46.34000015258789,39.719322204589844,-0.015508495818395307,0.04659999847412109,0.00018075765810188216
2007-06-08,46.90999984741211,40.207881927490234,0.012300303625119025,0.04630000114440918,0.0001796198301016183
2007-06-11,46.81999969482422,40.1307487487793,-0.0019183596601789477,0.045900001525878906,0.00017810220846214975
2007-06-12,46.540000915527344,39.89072799682617,-0.005980968694495825,0.045900001525878906,0.00017810220846214975
2007-06-13,47.04999923706055,40.327877044677734,0.010958663072941244,0.04514999866485596,0.0001752550954920995
2007-06-14,47.36000061035156,40.59357833862305,0.006588526682199225,0.04510000228881836,0.00017506523009891417
2007-06-15,47.7599983215332,40.96843719482422,0.009234437355440273,0.04429999828338623,0.00017202591721998672
2007-06-18,47.77000045776367,40.977027893066406,0.0002096906504227558,0.04409999847412109,0.00017126573117609567
2007-06-19,47.7599983215332,40.96843719482422,-0.0002096466894720983,0.04514999866485596,0.0001752550954920995
2007-06-20,47.310001373291016,40.58244705200195,-0.009421646742019951,0.045999999046325686,0.0001784816590157945
2007-06-21,47.7400016784668,40.95127487182617,0.009088358308004585,0.04559999942779541,0.00017696360375363263
2007-06-22,47.290000915527344,40.56526184082031,-0.00942615418479753,0.045850000381469726,0.0001779124605867377
2007-06-25,47.09000015258789,40.39370346069336,-0.004229194447213369,0.04639999866485596,0.00017999913617394725
2007-06-26,46.81999969482422,40.162109375,-0.00573342045546088,0.04675000190734863,0.00018132646836854782
2007-06-27,47.540000915527344,40.77971649169922,0.015377855553664332,0.04635000228881836,0.00017980949669471613
2007-06-28,47.52000045776367,40.762569427490234,-0.00042048022115293016,0.04639999866485596,0.00017999913617394725
2007-06-29,47.599998474121094,40.8311882019043,0.0016833770632669331,0.04670000076293945,0.00018113687396792422
2007-07-02,48.029998779296875,41.20003128051758,0.009033366278478283,0.04730000019073486,0.00018341135740618242
2007-07-03,48.310001373291016,41.440223693847656,0.005829908518629079,0.04815000057220459,0.00018663132605323263
2007-07-05,48.65999984741211,41.740447998046875,0.007244755878182962,0.04809999942779541,0.00018644198389283773
2007-07-06,48.86000061035156,41.91200256347656,0.004110031723610463,0.047899999618530274,0.00018568454333123263
2007-07-09,48.88999938964844,41.937747955322266,0.0006142725298490248,0.047849998474121094,0.00018549515617705126
2007-07-10,48.47999954223633,41.58603286743164,-0.008386599305840625,0.04804999828338623,0.00018625263273541748
2007-07-11,48.810001373291016,41.8691291809082,0.006807485445390338,0.04804999828338623,0.00018625263273541748
2007-07-12,49.560001373291016,42.512447357177734,0.015364976269028219,0.04815000057220459,0.00018663132605323263
2007-07-13,49.900001525878906,42.80412673950195,0.006861034837011504,0.04820000171661377,0.00018682065921726831
2007-07-16,49.849998474121094,42.76123809814453,-0.0010019744502307582,0.047899999618530274,0.00018568454333123263
2007-07-17,50.22999954223633,43.08719253540039,0.007622661357646665,0.04809999942779541,0.00018644198389283773
2007-07-18,50.16999816894531,43.03572463989258,-0.0011945056634991014,0.04815000057220459,0.00018663132605323263
2007-07-19,50.31999969482422,43.164390563964844,0.0029897468939792393,0.04829999923706055,0.00018719928050603407
2007-07-20,50.04999923706055,42.93279266357422,-0.005365485238287393,0.04824999809265137,0.00018700996533138614
2007-07-23,50.06999969482422,42.949947357177734,0.00039957087669417746,0.04855000019073486,0.000188145703440723
2007-07-24,49.33000183105469,42.315162658691406,-0.014779638568759412,0.04875,0.00018890267636906266
2007-07-25,49.400001525878906,42.3752326965332,0.0014195865989294898,0.04835000038146973,0.00018738858668698732
2007-07-26,48.97999954223633,42.01494216918945,-0.008502384634060722,0.047699999809265134,0.00018492695876615173
2007-07-27,47.9900016784668,41.16572189331055,-0.020212339516241462,0.04704999923706055,0.00018246380922382066
2007-07-30,48.54999923706055,41.646095275878906,0.011669256859222488,0.04719999790191651,0.00018303235794192574
2007-07-31,47.529998779296875,40.771141052246094,-0.021009273926806293,0.04809999942779541,0.00018644198389283773
2007-08-01,47.900001525878906,41.08852005004883,0.007784403124652117,0.04739999771118164,0.00018379030275750274
2007-08-02,48.34000015258789,41.4659538269043,0.009185869347343889,0.04744999885559082,0.0001839797709544122
2007-08-03,47.41999816894531,40.67678451538086,-0.01903174143341191,0.04699999809265137,0.00018227426893102638
2007-08-06,47.970001220703125,41.14857864379883,0.011598609232240875,0.04715000152587891,0.00018284286276482042
2007-08-07,48.310001373291016,41.440223693847656,0.007087609333324529,0.047849998474121094,0.00018549515617705126
2007-08-08,48.84000015258789,41.89486312866211,0.010970969610908599,0.04804999828338623,0.00018625263273541748
2007-08-09,47.709999084472656,40.92554473876953,-0.023136927000232288,0.04719999790191651,0.00018303235794192574
2007-08-10,47.279998779296875,40.55669403076172,-0.009012725679333311,0.04414999961853027,0.00017145579581478998
2007-08-13,47.599998474121094,40.8311882019043,0.0067681594297202,0.0453000020980835,0.00017582469171339987
2007-08-14,46.790000915527344,40.1363639831543,-0.01701699728438455,0.045,0.00017468543594945096
2007-08-15,45.900001525878906,39.372928619384766,-0.0190210394765693,0.04130000114440918,0.0001606078708757952
2007-08-16,45.45000076293945,38.98693084716797,-0.009803633759332686,0.03700000047683716,0.00014418471785226927
2007-08-17,46.310001373291016,39.72462844848633,0.018921663882961015,0.03619999885559082,0.0001411217594933234
2007-08-20,46.529998779296875,39.9133415222168,0.004750530869664038,0.02950000047683716,0.00011537668692129799
2007-08-21,47.02000045776367,40.333656311035156,0.010530684046696548,0.034200000762939456,0.0001334540697486286
2007-08-22,47.65999984741211,40.88265609741211,0.01361145595488078,0.03565000057220459,0.00013901461985876828
2007-08-23,47.529998779296875,40.771141052246094,-0.0027276859140538123,0.037100000381469725,0.00014456742101098818
2007-08-24,48.20000076293945,41.34585952758789,0.014096207771210567,0.04079999923706055,0.00015870166909159877
2007-08-27,47.880001068115234,41.07136917114258,-0.00663888378622679,0.04380000114440918,0.0001701251891867983
2007-08-28,46.7400016784668,40.09349822998047,-0.02380906604518984,0.042699999809265136,0.0001659403643192725
2007-08-29,48.08000183105469,41.242919921875,0.0286685308750394,0.038499999046325686,0.00014992140937586385
2007-08-30,48.33000183105469,41.457374572753906,0.005199793110796769,0.037300000190734865,0.0001453327170759522
2007-08-31,48.869998931884766,41.92060089111328,0.011173556529646023,0.039900000095367434,0.0001552682226080293
2007-09-04,49.68000030517578,42.61540985107422,0.016574403639052493,0.042800002098083496,0.00016632099285529556
2007-09-05,49.18000030517578,42.18650436401367,-0.01006456323098659,0.0421999979019165,0.00016403671239095807
2007-09-06,49.13999938964844,42.15219497680664,-0.0008132787422012733,0.041599998474121096,0.00016175113985772427
2007-09-07,48.22999954223633,41.37158966064453,-0.0185187347086343,0.03940000057220459,0.00015335947321393206
2007-09-10,48.20000076293945,41.34585952758789,-0.0006219275901093724,0.03869999885559082,0.00015068567793785625
2007-09-11,48.93000030517578,41.972049713134766,0.015145172762197623,0.039900000095367434,0.0001552682226080293
2007-09-12,48.939998626708984,41.98064422607422,0.00020476752977738322,0.03900000095367431,0.00015183181510480814
2007-09-13,49.18000030517578,42.18650436401367,0.004903691730666404,0.03950000047683716,0.00015374129624645683
2007-09-14,49.220001220703125,42.22080993652344,0.0008131883176134558,0.03880000114440918,0.00015106776636431007
2007-09-17,48.810001373291016,41.8691291809082,-0.00832955966841864,0.039900000095367434,0.0001552682226080293
2007-09-18,50.040000915527344,42.924217224121094,0.025199665334668442,0.03859999895095825,0.00015030356198053596
2007-09-19,50.16999816894531,43.03572463989258,0.0025977740069031974,0.03809999942779541,0.00014839243234510135
2007-09-20,50.029998779296875,42.91562271118164,-0.0027907495392701653,0.03670000076293945,0.00014303638778767613
2007-09-21,50.36000061035156,43.22118377685547,0.007120042687722927,0.03619999885559082,0.0001411217594933234
2007-09-24,50.59000015258789,43.418556213378906,0.004566567115385833,0.03670000076293945,0.00014303638778767613
2007-09-25,51.06999969482422,43.83052062988281,0.009488210858033197,0.03690000057220459,0.00014380197793362193
2007-09-26,51.31999969482422,44.045101165771484,0.00489568758949166,0.03625,0.0001413132673799833
2007-09-27,51.58000183105469,44.268245697021484,0.005066273554694689,0.035999999046325684,0.00014035565415859708
2007-09-28,51.40999984741211,44.12232971191406,-0.0032961772667950973,0.03700000047683716,0.00014418471785226927
2007-10-01,52.0,44.62870788574219,0.011476687136295682,0.03795000076293945,0.0001478189192261059
2007-10-02,52.0099983215332,44.63726806640625,0.00019180883941283255,0.038499999046325686,0.00014992140937586385
2007-10-03,51.650001525878906,44.32830810546875,-0.006921569673078221,0.03839999914169311,0.00014953922011717857
2007-10-04,51.77000045776367,44.431304931640625,0.002323500051633287,0.038350000381469726,0.00014934811629685463
2007-10-05,52.81999969482422,45.332435607910156,0.02028143620035383,0.03869999885559082,0.00015068567793785625
2007-10-08,53.150001525878906,45.61567306518555,0.006248008814818018,0.03865000009536743,0.0001504946290948883
2007-10-09,53.380001068115234,45.81305694580078,0.004327106613842391,0.03910000085830689,0.00015221378454288725
2007-10-10,53.5099983215332,45.924652099609375,0.0024358809747320187,0.03934999942779541,0.0001531685434243979
2007-10-11,52.65999984741211,45.19513702392578,-0.015885043050544945,0.04005000114440918,0.00015584067372587107
2007-10-12,53.529998779296875,45.94180679321289,0.016521020146300858,0.04079999923706055,0.00015870166909159877
2007-10-15,53.119998931884766,45.58991241455078,-0.007659567684092372,0.041599998474121096,0.00016175113985772427
2007-10-16,52.869998931884766,45.375362396240234,-0.004706085336590116,0.04125,0.0001604172880920185
2007-10-17,53.54999923706055,45.95896530151367,0.01286166929482846,0.038900001049041746,0.00015144980904757688
2007-10-18,53.779998779296875,46.1563606262207,0.004295034133428022,0.03640000104904175,0.00014188772669077032
2007-10-19,52.439998626708984,45.006317138671875,-0.024916251453662164,0.03740000009536743,0.00014571530999663018
2007-10-22,53.06999969482422,45.5470085144043,0.01201367741480519,0.03859999895095825,0.00015030356198053596
2007-10-23,54.18000030517578,46.49966049194336,0.02091579685716982,0.03859999895095825,0.00015030356198053596
2007-10-24,53.77000045776367,46.14777374267578,-0.007567512225783779,0.037100000381469725,0.00014456742101098818
2007-10-25,53.04999923706055,45.529842376708984,-0.013390274673106384,0.03819999933242798,0.00014877473160890275
2007-10-26,53.93000030517578,46.28510284423828,0.0165882513117519,0.03839999914169311,0.00014953922011717857
2007-10-29,54.150001525878906,46.473915100097656,0.00407933102136071,0.03859999895095825,0.00015030356198053596
2007-10-30,54.2599983215332,46.568328857421875,0.0020315430090378506,0.038499999046325686,0.00014992140937586385
2007-10-31,55.029998779296875,47.22917938232422,0.014190986473353373,0.03819999933242798,0.00014877473160890275
2007-11-01,54.0,46.34518051147461,-0.018717218516408285,0.037049999237060545,0.00014437606946393622
2007-11-02,54.41999816894531,46.70565414428711,0.007778017667301018,0.035,0.00013652291648980075
2007-11-05,54.06999969482422,46.4052619934082,-0.00643160140635024,0.035799999237060544,0.00013958940149993992
2007-11-06,54.68000030517578,46.928794860839844,0.011281756528085385,0.03630000114440918,0.0001415047660628943
2007-11-07,53.349998474121094,45.78732681274414,-0.02432340424425028,0.03359999895095825,0.0001311508734573863
2007-11-08,51.72999954223633,44.39696502685547,-0.030365646624770593,0.03279999971389771,0.00012807788489621608
2007-11-09,50.0,42.91221618652344,-0.033442575172287436,0.031700000762939454,0.00012384865219727814
2007-11-12,48.72999954223633,41.822227478027344,-0.02540042918683849,0.03180000066757202,0.00012423331344368904
2007-11-13,50.7400016784668,43.54730224609375,0.04124779745346485,0.03359999895095825,0.0001311508734573863
2007-11-14,50.09000015258789,42.98944854736328,-0.01281029294485192,0.03315000057220459,0.0001294226135954979
2007-11-15,49.81999969482422,42.757713317871094,-0.0053905141220147446,0.03190000057220459,0.00012461793755913497
2007-11-16,50.279998779296875,43.152503967285156,0.009233203059272554,0.032899999618530275,0.0001284621380981399
2007-11-19,49.70000076293945,42.654747009277344,-0.01153483372332631,0.032750000953674314,0.00012788574897970584
2007-11-20,49.900001525878906,42.826377868652344,0.004023722361726101,0.03160000085830689,0.00012346395381279684
2007-11-21,49.310001373291016,42.32002258300781,-0.011823444121226268,0.030399999618530273,0.0001188446646334107
2007-11-23,49.84000015258789,42.7748908996582,0.010748300423474522,0.03140000104904175,0.00012269444560120135
2007-11-26,48.97999954223633,42.03681182861328,-0.017254960925004226,0.030550000667572023,0.00011942237216855389
2007-11-27,49.959999084472656,42.877864837646484,0.020007535596710646,0.03075000047683716,0.00012019251249162366
2007-11-28,51.47999954223633,44.18239974975586,0.030424437341945332,0.029600000381469725,0.00011576216686814966
2007-11-29,51.70000076293945,44.371219635009766,0.004273644852324843,0.028849999904632568,0.00011287015323979688
2007-11-30,51.310001373291016,44.03651428222656,-0.007543298460949033,0.03069999933242798,0.00011999998677536539
2007-12-03,50.880001068115234,43.66746139526367,-0.008380610794888499,0.029600000381469725,0.00011576216686814966
2007-12-04,50.66999816894531,43.48723220825195,-0.004127310845490673,0.029800000190734862,0.00011653301490111012
2007-12-05,51.58000183105469,44.268245697021484,0.017959604442734145,0.029800000190734862,0.00011653301490111012
2007-12-06,52.31999969482422,44.90333938598633,0.014346484234128543,0.029600000381469725,0.00011576216686814966
2007-12-07,52.33000183105469,44.91190719604492,0.0001908056321813234,0.030199999809265136,0.00011807426372589802
2007-12-10,52.540000915527344,45.0921516418457,0.004013288614397981,0.029700000286102295,0.00011614760952571856
2007-12-11,51.31999969482422,44.045101165771484,-0.02322023762340386,0.02869999885559082,0.0001122914948623599
2007-12-12,51.779998779296875,44.439884185791016,0.00896315389386193,0.02809999942779541,0.00010997603902440645
2007-12-13,51.5,44.19957733154297,-0.0054074590573501835,0.027799999713897704,0.00010881780632976401
2007-12-14,50.970001220703125,43.74469757080078,-0.010291495715674226,0.027950000762939454,0.0001093969693644059
2007-12-17,49.72999954223633,42.680484771728516,-0.02432781247029625,0.02930000066757202,0.00011460561513021439
2007-12-18,49.88999938964844,42.81780242919922,0.0032173406231239543,0.029700000286102295,0.00011614760952571856
2007-12-19,49.880001068115234,42.809226989746094,-0.0002002774305688293,0.028350000381469728,0.00011094098041719569
2007-12-20,50.900001525878906,43.68463134765625,0.02044896438143673,0.02805000066757202,0.00010978302822284292
2007-12-21,51.849998474121094,44.546348571777344,0.019725866913314904,0.029000000953674318,0.00011344872759289082
2007-12-24,52.2400016784668,44.88138961791992,0.007521178657386995,0.03200000047683716,0.00012500252455116545
2007-12-26,52.5,45.10478591918945,0.004977481828689623,0.03224999904632568,0.00012596382507878978
2007-12-27,51.869998931884766,44.56351852416992,-0.012000220907583459,0.03075000047683716,0.00012019251249162366
2007-12-28,51.81999969482422,44.520565032958984,-0.000963871180585496,0.030799999237060546,0.00012038501972644333
2007-12-31,51.220001220703125,44.00508117675781,-0.011578556018315478,0.03140000104904175,0.00012269444560120135
2008-01-02,50.40999984741211,43.309165954589844,-0.015814428778636813,0.031700000762939454,0.00012384865219727814
2008-01-03,50.619998931884766,43.489601135253906,0.0041662123175785215,0.03150000095367431,0.00012307921828313972
2008-01-04,48.400001525878906,41.582332611083984,-0.04385573733450121,0.031150000095367433,0.0001217323467190834
2008-01-07,48.16999816894531,41.38469696044922,-0.004752875517668453,0.031649999618530274,0.0001236563030617699
2008-01-08,46.91999816894531,40.31077575683594,-0.025949717709413567,0.03160000085830689,0.00012346395381279684
2008-01-09,47.91999816894531,41.169925689697266,0.021313158001322607,0.031099998950958253,0.00012153989539198662
2008-01-10,47.9900016784668,41.23005676269531,0.0014605582106526072,0.03130000114440918,0.0001223096357594322
2008-01-11,47.04999923706055,40.422462463378906,-0.01958751364240452,0.03009999990463257,0.0001176890074068293
2008-01-14,47.869998931884766,41.126976013183594,0.017428763783081003,0.030850000381469726,0.00012057752684002665
2008-01-15,46.54999923706055,39.992923736572266,-0.027574414327175334,0.030850000381469726,0.00012057752684002665
2008-01-16,46.04999923706055,39.56332778930664,-0.010741798976621753,0.030399999618530273,0.0001188446646334107
2008-01-17,45.40999984741211,39.01348876953125,-0.013897693912492404,0.029800000190734862,0.00011653301490111012
2008-01-18,45.349998474121094,38.96193313598633,-0.0013214822660306824,0.027899999618530274,0.00010920392130464585
2008-01-22,44.18000030517578,37.95674514770508,-0.025799232927506632,0.022300000190734862,8.752363539610286e-05
2008-01-23,44.0099983215332,37.81068420410156,-0.0038480892667465127,0.02109999895095825,8.286246684097165e-05
2008-01-24,44.90999984741211,38.58391189575195,0.020449978833403826,0.022999999523162843,9.024012894864875e-05
2008-01-25,43.9900016784668,37.793514251708984,-0.020485160918325418,0.022200000286102296,8.713541365668043e-05
2008-01-28,44.33000183105469,38.08561706542969,0.007728913796564818,0.022149999141693116,8.694128397279677e-05
2008-01-29,44.40999984741211,38.15434265136719,0.001804502361598459,0.022049999237060545,8.655300548476852e-05
2008-01-30,44.369998931884766,38.11997985839844,-0.0009006259990569365,0.021400001049041748,8.402827723541506e-05
2008-01-31,45.130001068115234,38.77292251586914,0.017128620211661838,0.018700000047683716,7.352375297942082e-05
2008-02-01,45.59000015258789,39.168128967285156,0.010192846599434535,0.02049999952316284,8.052984076822867e-05
2008-02-04,44.95000076293945,38.61829376220703,-0.014037821554799601,0.021700000762939452,8.519373735960123e-05
2008-02-05,43.66999816894531,37.518585205078125,-0.02847636314282509,0.02144999980926514,8.422253963313864e-05
2008-02-06,42.810001373291016,36.779727935791016,-0.01969310050601547,0.020399999618530274,8.014093695329905e-05
2008-02-07,43.11000061035156,37.0374755859375,0.007007872668238768,0.020999999046325685,8.247379065107197e-05
2008-02-08,43.599998474121094,37.45844268798828,0.011365977172877795,0.021600000858306885,8.48052885285e-05
2008-02-11,44.06999969482422,37.86224365234375,0.01077997202710601,0.02190000057220459,8.597052142800266e-05
2008-02-12,43.81999969482422,37.64744567871094,-0.00567314434942412,0.0225,8.829996541415142e-05
2008-02-13,44.779998779296875,38.47221755981445,0.021907777970974207,0.022100000381469725,8.674715408707456e-05
2008-02-14,43.970001220703125,37.776336669921875,-0.018087880918500776,0.022200000286102296,8.713541365668043e-05
2008-02-15,43.81999969482422,37.64744567871094,-0.003411950511166495,0.021300001144409178,8.363971475855436e-05
2008-02-19,43.7400016784668,37.57872772216797,-0.0018253019641603085,0.021700000762939452,8.519373735960123e-05
2008-02-20,43.939998626708984,37.75053405761719,0.004571903996309912,0.021749999523162842,8.538794294432606e-05
2008-02-21,43.52000045776367,37.38971710205078,-0.00955792982996495,0.021400001049041748,8.402827723541506e-05
2008-02-22,43.68000030517578,37.527164459228516,0.0036760737398089383,0.021400001049041748,8.402827723541506e-05
2008-02-25,43.900001525878906,37.7161865234375,0.005036939692428577,0.02109999895095825,8.286246684097165e-05
2008-02-26,44.06999969482422,37.86224365234375,0.0038725317262784387,0.020750000476837158,8.15019388988869e-05
2008-02-27,44.290000915527344,38.051246643066406,0.004991859237347462,0.019299999475479127,7.586048312457905e-05
2008-02-28,44.119998931884766,37.905189514160156,-0.0038384321616664607,0.018550000190734862,7.293935624974601e-05
2008-02-29,42.95000076293945,36.90001678466797,-0.026518076874848195,0.01784999966621399,7.021103294513331e-05
2008-03-03,42.66999816894531,36.659446716308594,-0.00651951108215576,0.016349999904632567,6.435833253171097e-05
2008-03-04,42.90999984741211,36.865638732910156,0.005624526147303577,0.015950000286102294,6.279616059834403e-05
2008-03-05,43.119998931884766,37.04605484008789,0.004893882579516395,0.014800000190734863,5.8301496811186126e-05
2008-03-06,42.16999816894531,36.2298583984375,-0.0220319395728793,0.013650000095367432,5.380175689029265e-05
2008-03-07,42.06999969482422,36.143951416015625,-0.0023711652824339735,0.01399999976158142,5.51717795806983e-05
2008-03-10,41.2599983215332,35.448055267333984,-0.019253460715235593,0.012999999523162841,5.125617385370873e-05
2008-03-11,42.83000183105469,36.796913146972656,0.03805167503453055,0.01440000057220459,5.6736947832591866e-05
2008-03-12,42.709999084472656,36.69382095336914,-0.0028016533123783605,0.01440000057220459,5.6736947832591866e-05
2008-03-13,43.040000915527344,36.977325439453125,0.0077262187125255455,0.012999999523162841,5.125617385370873e-05
2008-03-14,42.25,36.29861831665039,-0.018354683978268116,0.011200000047683716,4.4198375360737785e-05
2008-03-17,41.47999954223633,35.63705062866211,-0.0182256989017352,0.009900000095367432,3.909328850681959e-05
2008-03-18,43.33000183105469,37.226478576660156,0.04460043465885777,0.008999999761581421,3.555516038389328e-05
2008-03-19,42.2599983215332,36.307193756103516,-0.024694380336393262,0.0064999997615814206,2.5710512497001403e-05
2008-03-20,43.09000015258789,37.04920959472656,0.020437157539841877,0.005,1.9792027252663047e-05
2008-03-24,44.58000183105469,38.330345153808594,0.034579295296609525,0.010149999856948852,4.0075543224604715e-05
2008-03-25,44.83000183105469,38.545265197753906,0.00560704692542946,0.012549999952316284,4.9492897146619086e-05
2008-03-26,44.70000076293945,38.433509826660156,-0.002899328115149702,0.012699999809265138,5.008074275947294e-05
2008-03-27,43.709999084472656,37.58229064941406,-0.022147838724207003,0.0125,4.929692933375307e-05
2008-03-28,43.4900016784668,37.39313888549805,-0.00503300252984884,0.01350000023841858,5.321446006600894e-05
2008-03-31,43.720001220703125,37.59088897705078,0.005288405773002047,0.012749999761581421,5.027667202495145e-05
2008-04-01,45.59000015258789,39.198734283447266,0.04277220757875866,0.013550000190734863,5.341023529314981e-05
2008-04-02,45.4900016784668,39.11274719238281,-0.002193619070520958,0.013650000095367432,5.380175689029265e-05
2008-04-03,45.59000015258789,39.198734283447266,0.0021984416139708696,0.013600000143051148,5.3606000900874307e-05
2008-04-04,45.86000061035156,39.430877685546875,0.005922216784373102,0.013200000524520875,5.2039606644571634e-05
2008-04-07,45.7599983215332,39.34492111206055,-0.0021799305146543713,0.013600000143051148,5.3606000900874307e-05
2008-04-08,45.40999984741211,39.04397964477539,-0.007648800881517315,0.01350000023841858,5.321446006600894e-05
2008-04-09,44.900001525878906,38.60546875,-0.01123120385690679,0.012749999761581421,5.027667202495145e-05
2008-04-10,45.540000915527344,39.15574264526367,0.014253780955934436,0.012350000143051147,4.8708968055644064e-05
2008-04-11,44.279998779296875,38.0723762512207,-0.02766813552376879,0.01159999966621399,4.576785479137868e-05
2008-04-14,44.08000183105469,37.90042495727539,-0.004516431882546357,0.010750000476837157,4.243197168096735e-05
2008-04-15,44.13999938964844,37.952030181884766,0.0013616001579810355,0.01100000023841858,4.341340373992253e-05
2008-04-16,45.369998931884766,39.009578704833984,0.027865400556463804,0.011150000095367431,4.400214695388094e-05
2008-04-17,45.27000045776367,38.92361068725586,-0.0022037668806577093,0.012100000381469727,4.772883973735986e-05
2008-04-18,46.709999084472656,40.161739349365234,0.031809193449639395,0.013200000524520875,5.2039606644571634e-05
2008-04-21,47.040000915527344,40.445465087890625,0.007064577957076823,0.012699999809265138,5.008074275947294e-05
2008-04-22,46.34000015258789,39.84360885620117,-0.014880685149288864,0.012549999952316284,4.9492897146619086e-05
2008-04-23,46.849998474121094,40.2820930480957,0.011005132428567377,0.012000000476837159,4.73367208886355e-05
2008-04-24,47.27000045776367,40.643226623535156,0.008965114474271951,0.012200000286102295,4.812091999850665e-05
2008-04-25,47.150001525878906,40.54005432128906,-0.0025384869956744938,0.01284999966621399,5.066850165325043e-05
2008-04-28,47.2400016784668,40.617427825927734,0.001908569338004984,0.013300000429153443,5.243126294551814e-05
2008-04-29,47.599998474121094,40.926937103271484,0.0076201102312583036,0.01440000057220459,5.6736947832591866e-05
2008-04-30,47.209999084472656,40.591651916503906,-0.008192286315527264,0.013400000333786011,5.2822880750147405e-05
2008-05-01,48.70000076293945,41.87273406982422,0.03156023696585364,0.013700000047683715,5.399750326207098e-05
2008-05-02,48.77000045776367,41.93294906616211,0.0014380478771096605,0.01465000033378601,5.771486293792982e-05
2008-05-05,48.630001068115234,41.81256866455078,-0.0028707831023616626,0.015499999523162842,6.103798007806027e-05
2008-05-06,48.93000030517578,42.07051086425781,0.0061690110879439874,0.015950000286102294,6.279616059834403e-05
2008-05-07,48.040000915527344,41.30528259277344,-0.01818918419967408,0.016299999952316284,6.416309453260993e-05
2008-05-08,48.400001525878906,41.61481857299805,0.007493859399929637,0.016200000047683717,6.377258983136791e-05
2008-05-09,48.209999084472656,41.45145034790039,-0.003925722391678543,0.01649999976158142,6.494398913359234e-05
2008-05-12,49.09000015258789,42.20807647705078,0.01825330893853061,0.0175,6.884617270408455e-05
2008-05-13,49.220001220703125,42.3198356628418,0.0026478151841811126,0.01784999966621399,7.021103294513331e-05
2008-05-14,49.11000061035156,42.225276947021484,-0.0022343828689140866,0.01784999966621399,7.021103294513331e-05
2008-05-15,49.970001220703125,42.96470260620117,0.01751144604942234,0.017899999618530272,7.04059748184438e-05
2008-05-16,50.0099983215332,42.99910354614258,0.0008006791122636692,0.017999999523162842,7.079582995372924e-05
2008-05-19,49.650001525878906,42.689579010009766,-0.0071983950967875465,0.018049999475479125,7.09907432177026e-05
2008-05-20,49.27000045776367,42.36284255981445,-0.007653775412465369,0.01825000047683716,7.17703055821417e-05
2008-05-21,48.18000030517578,41.42566680908203,-0.022122588903451645,0.01809999942779541,7.118564694685858e-05
2008-05-22,48.349998474121094,41.57181167602539,0.0035278820644430997,0.01825000047683716,7.17703055821417e-05
2008-05-23,48.20000076293945,41.44283676147461,-0.0031024607624969835,0.017999999523162842,7.079582995372924e-05
2008-05-27,49.04999923706055,42.17369079589844,0.01763523184067428,0.01850000023841858,7.274453829064775e-05
2008-05-28,49.25,42.34563064575195,0.004076945759516892,0.018550000190734862,7.293935624974601e-05
2008-05-29,49.689998626708984,42.723968505859375,0.008934519437730382,0.018650000095367433,7.332896359324437e-05
2008-05-30,50.0099983215332,42.99910354614258,0.006439828740288256,0.01850000023841858,7.274453829064775e-05
2008-06-02,49.400001525878906,42.474613189697266,-0.012197704444756097,0.017899999618530272,7.04059748184438e-05
2008-06-03,49.130001068115234,42.242488861083984,-0.005465013361665827,0.01809999942779541,7.118564694685858e-05
2008-06-04,49.7599983215332,42.784141540527344,0.012822461319090372,0.018049999475479125,7.09907432177026e-05
2008-06-05,50.54999923706055,43.46339416503906,0.015876270974568785,0.01809999942779541,7.118564694685858e-05
2008-06-06,49.029998779296875,42.15647888183594,-0.030069333247203622,0.017999999523162842,7.079582995372924e-05
2008-06-09,48.77000045776367,41.93294906616211,-0.005302383443844483,0.01850000023841858,7.274453829064775e-05
2008-06-10,48.540000915527344,41.735198974609375,-0.00471586415829528,0.019700000286102293,7.741754685586244e-05
2008-06-11,47.369998931884766,40.729209899902344,-0.024104091975673758,0.019049999713897706,7.488701210456306e-05
2008-06-12,47.41999816894531,40.77218246459961,0.0010550797524153666,0.019500000476837157,7.663909337174424e-05
2008-06-13,48.369998931884766,41.589012145996094,0.020033994552675516,0.019299999475479127,7.586048312457905e-05
2008-06-16,48.79999923706055,41.958740234375,0.0088900425689602,0.01940000057220459,7.624980958764738e-05
2008-06-17,48.540000915527344,41.735198974609375,-0.005327644693738587,0.019550000429153443,7.683372100175667e-05
2008-06-18,48.02000045776367,41.288089752197266,-0.01071300085772009,0.018799999952316283,7.391330318529121e-05
2008-06-19,48.77000045776367,41.93294906616211,0.015618531102677746,0.018600000143051146,7.313416468379685e-05
2008-06-20,47.41999816894531,40.800621032714844,-0.027003300713734024,0.017999999523162842,7.079582995372924e-05
2008-06-23,47.04999923706055,40.48228073120117,-0.007802339607978492,0.01850000023841858,7.274453829064775e-05
2008-06-24,46.810001373291016,40.27578353881836,-0.005100927829485125,0.01794999957084656,7.060090715427236e-05
2008-06-25,47.56999969482422,40.9296875,0.01623566082957506,0.01759999990463257,6.923618048348956e-05
2008-06-26,45.650001525878906,39.277732849121094,-0.04036079314993324,0.016799999475479124,6.611504414300029e-05
2008-06-27,45.650001525878906,39.277732849121094,0.0,0.016299999952316284,6.416309453260993e-05
2008-06-30,45.16999816894531,38.86471939086914,-0.010515206156080259,0.01705000042915344,6.709066511412232e-05
2008-07-01,45.810001373291016,39.41539764404297,0.014169104056446669,0.01825000047683716,7.17703055821417e-05
2008-07-02,44.709999084472656,38.46894836425781,-0.024012171292357776,0.017899999618530272,7.04059748184438e-05
2008-07-03,44.630001068115234,38.400089263916016,-0.0017899917536028376,0.01809999942779541,7.118564694685858e-05
2008-07-07,44.900001525878906,38.63240051269531,0.00604975804047414,0.017749999761581422,6.98211205820698e-05
2008-07-08,45.970001220703125,39.553035736083984,0.023830650209948345,0.018200000524520876,7.157543045144266e-05
2008-07-09,44.75,38.503334045410156,-0.026539092920147,0.017899999618530272,7.04059748184438e-05
2008-07-10,45.279998779296875,38.959354400634766,0.011843658907220611,0.016299999952316284,6.416309453260993e-05
2008-07-11,44.560001373291016,38.33985900878906,-0.0159010692393714,0.015700000524520873,6.181949201478076e-05
2008-07-14,44.22999954223633,38.05593490600586,-0.0074054550570494815,0.014249999523162842,5.61500788736069e-05
2008-07-15,44.2400016784668,38.06453323364258,0.00022593920391011935,0.01375,5.4193240017541555e-05
2008-07-16,45.34000015258789,39.010986328125,0.02486443452946152,0.013450000286102295,5.3018675218563516e-05
2008-07-17,45.63999938964844,39.26910400390625,0.006616538059565968,0.013899999856948852,5.478039259454448e-05
2008-07-18,44.59000015258789,38.36567687988281,-0.02300605391794963,0.014199999570846557,5.5954438231031745e-05
2008-07-21,44.779998779296875,38.529136657714844,0.004260573281263946,0.013799999952316283,5.438896715759256e-05
2008-07-22,44.779998779296875,38.529136657714844,0.0,0.015,5.908354097372559e-05
2008-07-23,45.369998931884766,39.03679275512695,0.013175901186731176,0.015449999570846558,6.084257930427661e-05
2008-07-24,44.689998626708984,38.45171356201172,-0.01498789095675368,0.016100000143051147,6.338204685252258e-05
2008-07-25,45.27000045776367,38.950740814208984,0.012978023759395718,0.01690000057220459,6.650532399077314e-05
2008-07-28,44.41999816894531,38.21939468383789,-0.018776180249293284,0.016649999618530274,6.552955966210305e-05
2008-07-29,45.34000015258789,39.010986328125,0.020711778688160543,0.016799999475479124,6.611504414300029e-05
2008-07-30,45.56999969482422,39.20888137817383,0.005072803040259366,0.016699999570846558,6.572473071542184e-05
2008-07-31,45.459999084472656,39.11424255371094,-0.0024137088622878666,0.016349999904632567,6.435833253171097e-05
2008-08-01,44.880001068115234,38.615203857421875,-0.0127584906087288,0.016299999952316284,6.416309453260993e-05
2008-08-04,44.43000030517578,38.227996826171875,-0.010027320655347949,0.01659999966621399,6.533437904820971e-05
2008-08-05,45.93000030517578,39.518619537353516,0.0337611912298279,0.017100000381469728,6.728575971393091e-05
2008-08-06,46.630001068115234,40.120906829833984,0.015240595434037774,0.01600000023841858,6.299146558919055e-05
2008-08-07,46.27000045776367,39.81116485595703,-0.007720213682872901,0.016299999952316284,6.416309453260993e-05
2008-08-08,47.31999969482422,40.714599609375,0.022692999732279562,0.016649999618530274,6.552955966210305e-05
2008-08-11,47.75,41.08456802368164,0.009086873452181843,0.017699999809265135,6.962615009076245e-05
2008-08-12,47.79999923706055,41.127567291259766,0.0010466038623879736,0.01825000047683716,7.17703055821417e-05
2008-08-13,47.70000076293945,41.041542053222656,-0.002091668525587509,0.01815000057220459,7.138054578903485e-05
2008-08-14,48.25,41.514793395996094,0.011531032195615909,0.018300000429153442,7.196517118179813e-05
2008-08-15,48.15999984741211,41.437347412109375,-0.0018655032953671657,0.017999999523162842,7.079582995372924e-05
2008-08-18,47.599998474121094,40.95549392700195,-0.011628482883211944,0.01740000009536743,6.84561267449979e-05
2008-08-19,47.0099983215332,40.4478645324707,-0.012394659320579482,0.01764999985694885,6.943117005819843e-05
2008-08-20,47.09000015258789,40.51670455932617,0.001701944655204457,0.016699999570846558,6.572473071542184e-05
2008-08-21,46.869998931884766,40.32741928100586,-0.004671783660074147,0.01684999942779541,6.631018651925835e-05
2008-08-22,47.4900016784668,40.860862731933594,0.01322781026999631,0.016649999618530274,6.552955966210305e-05
2008-08-25,46.4900016784668,40.000457763671875,-0.021056945711263597,0.016449999809265137,6.474877983109195e-05
2008-08-26,46.43000030517578,39.9488410949707,-0.0012904019500509234,0.01674999952316284,6.591989220883221e-05
2008-08-27,46.72999954223633,40.20697021484375,0.006461492068302821,0.016399999856948854,6.455356096424225e-05
2008-08-28,47.11000061035156,40.53390121459961,0.008131202077871658,0.017000000476837158,6.689556096106664e-05
2008-08-29,46.119998931884766,39.682090759277344,-0.0210147661537069,0.01690000057220459,6.650532399077314e-05
2008-09-02,45.54999923706055,39.191680908203125,-0.012358468056765992,0.01649999976158142,6.494398913359234e-05
2008-09-03,45.119998931884766,38.82167434692383,-0.009440946463764699,0.016649999618530274,6.552955966210305e-05
2008-09-04,43.65999984741211,37.565494537353516,-0.032357692724550136,0.01649999976158142,6.494398913359234e-05
2008-09-05,43.45000076293945,37.384803771972656,-0.004810019609915894,0.016399999856948854,6.455356096424225e-05
2008-09-08,43.369998931884766,37.31596755981445,-0.001841288577521194,0.016699999570846558,6.572473071542184e-05
2008-09-09,42.45000076293945,36.524383544921875,-0.02121301058651992,0.016399999856948854,6.455356096424225e-05
2008-09-10,42.79999923706055,36.825538635253906,0.008245316172458717,0.016200000047683717,6.377258983136791e-05
2008-09-11,43.599998474121094,37.51387023925781,0.018691691405294142,0.015800000429153443,6.221018817775814e-05
2008-09-12,43.43000030517578,37.36761474609375,-0.003898704458678015,0.014600000381469726,5.7519299117680944e-05
2008-09-15,42.08000183105469,36.206050872802734,-0.031084774374378288,0.008100000023841859,3.2013889820214914e-05
2008-09-16,42.40999984741211,36.489994049072266,0.007842423280767896,0.008600000143051147,3.398165197565639e-05
2008-09-17,40.209999084472656,34.59708023071289,-0.05187487330948193,0.00019999999552965163,7.935717363238837e-07
2008-09-18,41.56999969482422,35.76723098754883,0.033822240172659335,0.0007000000029802323,2.7768098762592786e-06
2008-09-19,42.900001525878906,36.936466217041016,0.03269012437387775,0.009200000166893006,3.634168395461046e-05
2008-09-22,40.880001068115234,35.1972770690918,-0.04708596479505189,0.00875,3.457179045573966e-05
2008-09-23,40.56999969482422,34.930355072021484,-0.007583597917144247,0.00800000011920929,3.162022120806185e-05
2008-09-24,40.849998474121094,35.17142105102539,0.0069013320507869125,0.004399999976158142,1.7422168738567834e-05
2008-09-25,41.5,35.7310791015625,0.015912295659739728,0.0070999997854232786,2.8075447516373586e-05
2008-09-26,41.08000183105469,35.36945343017578,-0.010120759867308537,0.008299999833106995,3.280111037140543e-05
2008-09-29,37.81999969482422,32.562644958496094,-0.07935685173141616,0.0044999998807907105,1.7817242670359335e-05
2008-09-30,38.90999984741211,33.50110626220703,0.0288201804523891,0.008999999761581421,3.555516038389328e-05
2008-10-01,38.5,33.14812469482422,-0.010536415264024157,0.00800000011920929,3.162022120806185e-05
2008-10-02,36.75,31.641382217407227,-0.04545483315538079,0.005899999737739563,2.3344172857653334e-05
2008-10-03,36.18000030517578,31.150619506835938,-0.015510153987561948,0.004699999988079071,1.8607274201443147e-05
2008-10-06,34.86000061035156,30.014102935791016,-0.03648455757984259,0.0040999999642372135,1.6236710653760866e-05
2008-10-07,32.650001525878906,28.111310958862305,-0.0633965966265706,0.007850000262260437,3.102964534740238e-05
2008-10-08,32.38999938964844,27.8874568939209,-0.007963131469357343,0.006399999856948852,2.531622053703053e-05
2008-10-09,31.520000457763672,27.138385772705078,-0.026860503059320084,0.005799999833106995,2.2949646631964526e-05
2008-10-10,31.31999969482422,26.966201782226562,-0.006344665888407097,0.0020999999344348905,8.324629954037377e-06
2008-10-13,35.130001068115234,30.24658966064453,0.12164812474925824,0.0020999999344348905,8.324629954037377e-06
2008-10-14,33.61000061035156,28.937864303588867,-0.04326852619548438,0.0023499999940395353,9.314499976431634e-06
2008-10-15,30.600000381469727,26.34629249572754,-0.08955642962013344,0.0020000000298023225,7.92861354415031e-06
2008-10-16,32.2599983215332,27.775529861450195,0.054248140073387185,0.004350000023841858,1.722461708064671e-05
2008-10-17,32.29999923706055,27.809972763061523,0.0012400448086187232,0.007799999713897705,3.083276492499287e-05
2008-10-20,33.20000076293945,28.58486557006836,0.027863846311855678,0.010199999809265137,4.0271965112026464e-05
2008-10-21,31.479999542236328,27.10394859313965,-0.05180772927893007,0.010950000286102294,4.321713666755045e-05
2008-10-22,30.610000610351562,26.35489845275879,-0.027636199862423494,0.010099999904632569,3.9879111652929566e-05
2008-10-23,30.489999771118164,26.2515811920166,-0.00392022989302665,0.009100000262260438,3.594844274990017e-05
2008-10-24,29.510000228881836,25.407804489135742,-0.03214193829731904,0.008199999928474427,3.2407519538812934e-05
2008-10-27,28.690000534057617,24.701797485351562,-0.02778701339921219,0.007300000190734863,2.8863448905847022e-05
2008-10-28,31.860000610351562,27.431137084960938,0.11049153816550805,0.0075,2.9651292125398854e-05
2008-10-29,31.780000686645508,27.362258911132812,-0.002510948547805092,0.005649999976158142,2.2357784032367434e-05
2008-10-30,32.84000015258789,28.27490997314453,0.03335437563747301,0.00375,1.485323046224174e-05
2008-10-31,32.88999938964844,28.317960739135742,0.0015225783577066387,0.004350000023841858,1.722461708064671e-05
2008-11-03,32.81999969482422,28.257686614990234,-0.0021284768596422365,0.004199999868869781,1.663190214928889e-05
2008-11-04,33.75,29.05840301513672,0.028336233289589785,0.0046500000357627864,1.8409781299411065e-05
2008-11-05,31.989999771118164,27.54306411743164,-0.05214804464360023,0.003799999952316284,1.5050899736746004e-05
2008-11-06,30.559999465942383,26.311845779418945,-0.04470157469638514,0.0031499999761581423,1.2480431532013725e-05
2008-11-07,31.190000534057617,26.85428237915039,0.020615680263516012,0.0028999999165534975,1.1491347885472791e-05
2008-11-10,30.770000457763672,26.492658615112305,-0.0134661488597011,0.0020000000298023225,7.92861354415031e-06
2008-11-11,30.100000381469727,25.91579818725586,-0.021774350254427977,0.0019499999284744263,7.730589986598702e-06
2008-11-12,28.709999084472656,24.71901512145996,-0.04617967222728325,0.0014000000059604645,5.551685726690181e-06
2008-11-13,30.459999084472656,26.225757598876953,0.06095479411349625,0.001899999976158142,7.532557176226362e-06
2008-11-14,28.979999542236328,24.951486587524414,-0.048588530056691503,0.0012999999523162842,5.15539298739931e-06
2008-11-17,28.3700008392334,24.42628288269043,-0.021048994535523335,0.0009000000357627869,3.569828905813921e-06
2008-11-18,28.34000015258789,24.40045738220215,-0.0010572832801580834,0.0010999999940395355,4.362689823400601e-06
2008-11-19,26.860000610351562,23.126190185546875,-0.05222308650594121,0.0006499999761581421,2.578530378549715e-06
2008-11-20,25.559999465942383,22.006895065307617,-0.04839946014708385,4.999999888241291e-05,1.9840775355994822e-07
2008-11-21,26.670000076293945,22.96259880065918,0.04342746818737564,9.999999776482581e-05,3.968056268011111e-07
2008-11-24,28.299999237060547,24.366012573242188,0.06111737546634832,9.999999776482581e-05,3.968056268011111e-07
2008-11-25,28.170000076293945,24.25408172607422,-0.004593728531966934,0.0010000000149011613,3.9662790878303156e-06
2008-11-26,29.350000381469727,25.27005386352539,0.0418887075967489,0.00029999999329447744,1.1902983365619235e-06
2008-11-28,29.1200008392334,25.072021484375,-0.007836642542192185,0.00019999999552965163,7.935717363238837e-07
2008-12-01,26.93000030517578,23.18645668029785,-0.07520593444179369,9.999999776482581e-05,3.968056268011111e-07
2008-12-02,27.829999923706055,23.961349487304688,0.03342006144756393,0.0005000000074505806,1.9836331146549924e-06
2008-12-03,28.6200008392334,24.641523361206055,0.028386292444076977,0.00014999999664723872,5.95193620611667e-07
2008-12-04,27.809999465942383,23.944122314453125,-0.028301864155479528,4.999999888241291e-05,1.9840775355994822e-07
2008-12-05,28.940000534057617,24.91704559326172,0.04063307337105093,9.999999776482581e-05,3.968056268011111e-07
2008-12-08,30.079999923706055,25.898576736450195,0.03939195517842253,4.999999888241291e-05,1.9840775355994822e-07
2008-12-09,30.010000228881836,25.838306427001953,-0.0023271668579152305,9.999999776482581e-05,3.968056268011111e-07
2008-12-10,29.90999984741211,25.75220489501953,-0.003332321033720831,4.999999888241291e-05,1.9840775355994822e-07
2008-12-11,29.09000015258789,25.046192169189453,-0.027415622417893304,9.999999776482581e-05,3.968056268011111e-07
2008-12-12,29.68000030517578,25.554180145263672,0.020282044178321135,9.999999776482581e-05,3.968056268011111e-07
2008-12-15,29.15999984741211,25.10646629333496,-0.017520180627344173,4.999999888241291e-05,1.9840775355994822e-07
2008-12-16,30.559999465942383,26.311845779418945,0.04801071851373906,0.0002500000037252903,9.919400114632992e-07
2008-12-17,30.190000534057617,25.993288040161133,-0.0121070084527094,4.999999888241291e-05,1.9840775355994822e-07
2008-12-18,29.65999984741211,25.53696060180664,-0.017555587336601675,4.999999888241291e-05,1.9840775355994822e-07
2008-12-19,29.860000610351562,25.746492385864258,0.008205040032947197,4.999999888241291e-05,1.9840775355994822e-07
2008-12-22,29.209999084472656,25.186025619506836,-0.021768664948905392,4.999999888241291e-05,1.9840775355994822e-07
2008-12-23,29.059999465942383,25.056684494018555,-0.005135432141707419,4.999999888241291e-05,1.9840775355994822e-07
2008-12-24,29.139999389648438,25.12567138671875,0.002753233083038653,4.999999888241291e-05,1.9840775355994822e-07
2008-12-26,29.1299991607666,25.11704444885254,-0.00034335153610143276,4.999999888241291e-05,1.9840775355994822e-07
2008-12-29,28.889999389648438,24.91010856628418,-0.008238862776619893,9.999999776482581e-05,3.968056268011111e-07
2008-12-30,29.489999771118164,25.42745590209961,0.020768570094297445,0.0009000000357627869,3.569828905813921e-06
2008-12-31,29.739999771118164,25.643014907836914,0.008477411447187055,0.0011500000208616258,4.560880549009383e-06
2009-01-02,31.030000686645508,26.75530433654785,0.04337592255468392,0.0008500000089406968,3.3715888723140353e-06
2009-01-05,31.020000457763672,26.746688842773438,-0.0003220106811734347,0.0008500000089406968,3.3715888723140353e-06
2009-01-06,31.329999923706055,27.013980865478516,0.009993462154374244,0.0012999999523162842,5.15539298739931e-06
2009-01-07,30.440000534057617,26.246585845947266,-0.028407328166575874,0.0010000000149011613,3.9662790878303156e-06
2009-01-08,30.760000228881836,26.522493362426758,0.010512129771807821,0.0007999999821186065,3.173338974260531e-06
2009-01-09,30.06999969482422,25.92754554748535,-0.02243182067430516,0.0006499999761581421,2.578530378549715e-06
2009-01-12,29.520000457763672,25.453325271606445,-0.018290210888276648,0.0006499999761581421,2.578530378549715e-06
2009-01-13,29.530000686645508,25.461942672729492,0.0003385569873912697,0.0010499999672174453,4.164489238123181e-06
2009-01-14,28.6299991607666,24.685932159423828,-0.030477270461251704,0.0010999999940395355,4.362689823400601e-06
2009-01-15,29.100000381469727,25.09117889404297,0.016416100149754254,0.0010000000149011613,3.9662790878303156e-06
2009-01-16,29.420000076293945,25.367097854614258,0.010996651920440303,0.0011500000208616258,4.560880549009383e-06
2009-01-20,27.959999084472656,24.108219146728516,-0.04962643795915156,0.0010000000149011613,3.9662790878303156e-06
2009-01-21,29.149999618530273,25.134294509887695,0.042561225983314355,0.0010999999940395355,4.362689823400601e-06
2009-01-22,28.760000228881836,24.798019409179688,-0.013379134257208602,0.0010000000149011613,3.9662790878303156e-06
2009-01-23,28.899999618530273,24.918733596801758,0.004867896327937604,0.0009000000357627869,3.569828905813921e-06
2009-01-26,29.110000610351562,25.099803924560547,0.007266433787872284,0.0010000000149011613,3.9662790878303156e-06
2009-01-27,29.31999969482422,25.280879974365234,0.007214241607182537,0.0012999999523162842,5.15539298739931e-06
2009-01-28,30.350000381469727,26.168981552124023,0.035129377563570596,0.0018000000715255738,7.136462023105139e-06
2009-01-29,29.579999923706055,25.505054473876953,-0.025370764885314423,0.002199999988079071,8.720607594048246e-06
2009-01-30,29.059999465942383,25.056684494018555,-0.017579651920274553,0.002199999988079071,8.720607594048246e-06
2009-02-02,29.40999984741211,25.35847282409668,0.012044224372548928,0.002450000047683716,9.71037925112661e-06
2009-02-03,29.8700008392334,25.755098342895508,0.015640749407509258,0.003100000023841858,1.2282634681115567e-05
2009-02-04,29.90999984741211,25.789596557617188,0.00133947128690326,0.0028999999165534975,1.1491347885472791e-05
2009-02-05,30.56999969482422,26.35866928100586,0.022065980059722712,0.0027000001072883606,1.0699905079958327e-05
2009-02-06,31.3700008392334,27.0484619140625,0.026169478652463996,0.0027000001072883606,1.0699905079958327e-05
2009-02-09,31.5,27.16055679321289,0.004144223782724943,0.002750000059604645,1.0897780521101907e-05
2009-02-10,30.34000015258789,26.16035270690918,-0.03682561053216882,0.003050000071525574,1.2084828010072712e-05
2009-02-11,30.200000762939453,26.03963851928711,-0.004614394498977381,0.0030000001192092896,1.1887011517552892e-05
2009-02-12,30.56999969482422,26.35866928100586,0.012251735425683696,0.0028499999642372133,1.1293501922970961e-05
2009-02-13,30.43000030517578,26.237953186035156,-0.004579749215856355,0.0028999999165534975,1.1491347885472791e-05
2009-02-17,29.219999313354492,25.194650650024414,-0.03976310684806117,0.0028499999642372133,1.1293501922970961e-05
2009-02-18,29.239999771118164,25.211898803710938,0.0006845958662462515,0.0030000001192092896,1.1887011517552892e-05
2009-02-19,28.790000915527344,24.823881149291992,-0.015390259077266877,0.0030000001192092896,1.1887011517552892e-05
2009-02-20,28.8700008392334,24.89286231994629,0.002778822950345372,0.0026499998569488527,1.0502018630953458e-05
2009-02-23,27.860000610351562,24.021997451782227,-0.03498452114388839,0.0027000001072883606,1.0699905079958327e-05
2009-02-24,28.780000686645508,24.815261840820312,0.03302241583491772,0.0029499998688697817,1.1689184023611077e-05
2009-02-25,28.59000015258789,24.651447296142578,-0.006601362731070037,0.0029499998688697817,1.1689184023611077e-05
2009-02-26,27.790000915527344,23.961645126342773,-0.027982217900356043,0.0026499998569488527,1.0502018630953458e-05
2009-02-27,27.530000686645508,23.73746681213379,-0.009355714644255775,0.0025,9.908303843175759e-06
2009-03-02,26.639999389648438,22.97007942199707,-0.032328107974202935,0.0023000000417232516,9.116545881981963e-06
2009-03-03,26.6200008392334,22.952831268310547,-0.0007508965628567621,0.0026499998569488527,1.0502018630953458e-05
2009-03-04,27.329999923706055,23.565019607543945,0.02667158278110149,0.0025,9.908303843175759e-06
2009-03-05,26.510000228881836,22.857973098754883,-0.03000407046394793,0.0020000000298023225,7.92861354415031e-06
2009-03-06,26.299999237060547,22.67690658569336,-0.007921372217879918,0.0018500000238418578,7.334514522172597e-06
2009-03-09,25.739999771118164,22.194061279296875,-0.02129237974200182,0.0020000000298023225,7.92861354415031e-06
2009-03-10,27.329999923706055,23.565019607543945,0.061771404115475326,0.0023499999940395353,9.314499976431634e-06
2009-03-11,27.75,23.927160263061523,0.015367721374678789,0.002199999988079071,8.720607594048246e-06
2009-03-12,28.670000076293945,24.72041893005371,0.03315306364277637,0.0020000000298023225,7.92861354415031e-06
2009-03-13,28.739999771118164,24.780776977539062,0.0024416272093177316,0.001899999976158142,7.532557176226362e-06
2009-03-16,28.260000228881836,24.366901397705078,-0.016701477125156905,0.002199999988079071,8.720607594048246e-06
2009-03-17,29.329999923706055,25.28949546813965,0.037862593005832945,0.0022499999403953553,8.918581361649913e-06
2009-03-18,29.700000762939453,25.608522415161133,0.012614998485177553,0.0020499999821186068,8.126626669380244e-06
2009-03-19,29.68000030517578,25.591283798217773,-0.0006731593749881304,0.001899999976158142,7.532557176226362e-06
2009-03-20,29.18000030517578,25.201763153076172,-0.01522083253864459,0.0020000000298023225,7.92861354415031e-06
2009-03-23,30.899999618530273,26.68726348876953,0.05894430189944999,0.001899999976158142,7.532557176226362e-06
2009-03-24,30.329999923706055,26.19498062133789,-0.018446359913926846,0.0020499999821186068,8.126626669380244e-06
2009-03-25,30.469999313354492,26.31589126586914,0.004615794387446748,0.0018500000238418578,7.334514522172597e-06
2009-03-26,31.40999984741211,27.127742767333984,0.03085023772376605,0.0014000000059604645,5.551685726690181e-06
2009-03-27,30.81999969482422,26.6181697845459,-0.018784201367527342,0.00125,4.957232130120559e-06
2009-03-30,30.059999465942383,25.9617919921875,-0.02465901291002659,0.0011999999731779098,4.7590611207404265e-06
2009-03-31,30.31999969482422,26.186351776123047,0.008649625727034538,0.0020000000298023225,7.92861354415031e-06
2009-04-01,30.770000457763672,26.574995040893555,0.014841443668563103,0.0020999999344348905,8.324629954037377e-06
2009-04-02,31.760000228881836,27.430025100708008,0.03217423214938453,0.001899999976158142,7.532557176226362e-06
2009-04-03,32.349998474121094,27.939590454101562,0.018576918960981903,0.0020000000298023225,7.92861354415031e-06
2009-04-06,32.27000045776367,27.8704891204834,-0.0024732407488822217,0.0018500000238418578,7.334514522172597e-06
2009-04-07,31.420000076293945,27.136384963989258,-0.02633983757230196,0.001899999976158142,7.532557176226362e-06
2009-04-08,31.950000762939453,27.5941162109375,0.01686780488836903,0.0018000000715255738,7.136462023105139e-06
2009-04-09,32.939998626708984,28.44915199279785,0.03098616296764889,0.0017499999701976775,6.938399087941249e-06
2009-04-13,32.88999938964844,28.405967712402344,-0.0015179461379530856,0.0017000000178813935,6.74032689618187e-06
2009-04-14,32.4900016784668,28.06050682067871,-0.012161560388340598,0.0016500000655651093,6.5422448567442615e-06
2009-04-15,32.400001525878906,27.982770919799805,-0.0027702956819589675,0.0014000000059604645,5.551685726690181e-06
2009-04-16,33.2400016784668,28.708250045776367,0.025925921634273763,0.00125,4.957232130120559e-06
2009-04-17,33.310001373291016,28.768709182739258,0.0021059847558275724,0.0012999999523162842,5.15539298739931e-06
2009-04-20,32.2400016784668,27.844581604003906,-0.032122663998070955,0.0011999999731779098,4.7590611207404265e-06
2009-04-21,32.689998626708984,28.233230590820312,0.013957795895217284,0.0014000000059604645,5.551685726690181e-06
2009-04-22,32.790000915527344,28.31960678100586,0.003059380325170169,0.0013500000536441803,5.3535445796448755e-06
2009-04-23,33.11000061035156,28.595966339111328,0.00975859446928573,0.000949999988079071,3.768058780329042e-06
2009-04-24,33.689998626708984,29.096899032592773,0.017517599774073966,0.000949999988079071,3.768058780329042e-06
2009-04-27,33.72999954223633,29.131439208984375,0.0011870741398563034,0.0009000000357627869,3.569828905813921e-06
2009-04-28,33.47999954223633,28.915525436401367,-0.007411709769437613,0.0011999999731779098,4.7590611207404265e-06
2009-04-29,33.939998626708984,29.31281089782715,0.01373952073945861,0.000949999988079071,3.768058780329042e-06
2009-04-30,34.279998779296875,29.606468200683594,0.010018053331016796,0.00125,4.957232130120559e-06
2009-05-01,34.369998931884766,29.684185028076172,0.0026249948783416688,0.0014499999582767487,5.7498170200620535e-06
2009-05-04,35.04999923706055,30.27147102355957,0.019784474289185505,0.0017499999701976775,6.938399087941249e-06
2009-05-05,35.02000045776367,30.245580673217773,-0.0008552722899276555,0.0017499999701976775,6.938399087941249e-06
2009-05-06,35.029998779296875,30.25421142578125,0.0002853558229456432,0.0018000000715255738,7.136462023105139e-06
2009-05-07,34.209999084472656,29.546005249023438,-0.02340851548866718,0.0018000000715255738,7.136462023105139e-06
2009-05-08,34.22999954223633,29.563274383544922,0.0005844828895118503,0.0016500000655651093,6.5422448567442615e-06
2009-05-11,34.349998474121094,29.66691017150879,0.003505558505439099,0.001550000011920929,6.146050639976863e-06
2009-05-12,33.93000030517578,29.304176330566406,-0.012226883043949144,0.0018000000715255738,7.136462023105139e-06
2009-05-13,33.02000045776367,28.51824951171875,-0.026819618131627143,0.0017000000178813935,6.74032689618187e-06
2009-05-14,33.38999938964844,28.837800979614258,0.011205157166613411,0.001550000011920929,6.146050639976863e-06
2009-05-15,33.369998931884766,28.820528030395508,-0.0005989690140021375,0.001550000011920929,6.146050639976863e-06
2009-05-18,34.2400016784668,29.571908950805664,0.026071032411957074,0.001599999964237213,6.344152377879553e-06
2009-05-19,34.400001525878906,29.710092544555664,0.0046727992426824905,0.0017499999701976775,6.938399087941249e-06
2009-05-20,34.279998779296875,29.606468200683594,-0.0034878499189010537,0.0017000000178813935,6.74032689618187e-06
2009-05-21,33.650001525878906,29.062353134155273,-0.01837824974056701,0.0017499999701976775,6.938399087941249e-06
2009-05-22,33.540000915527344,28.96735954284668,-0.003268613207956461,0.0017499999701976775,6.938399087941249e-06
2009-05-26,34.790000915527344,30.04693031311035,0.037268525240170325,0.0016500000655651093,6.5422448567442615e-06
2009-05-27,34.54999923706055,29.839635848999023,-0.0068990230266843255,0.001599999964237213,6.344152377879553e-06
2009-05-28,34.95000076293945,30.18512535095215,0.011578207713440092,0.0013500000536441803,5.3535445796448755e-06
2009-05-29,35.380001068115234,30.55649185180664,0.012302963679518886,0.0012999999523162842,5.15539298739931e-06
2009-06-01,36.38999938964844,31.428781509399414,0.02854678677850897,0.0008500000089406968,3.3715888723140353e-06
2009-06-02,36.439998626708984,31.47199249267578,0.0013748857321573826,0.0012999999523162842,5.15539298739931e-06
2009-06-03,36.33000183105469,31.376983642578125,-0.00301883810247372,0.0012999999523162842,5.15539298739931e-06
2009-06-04,36.7400016784668,31.731094360351562,0.01128568385690576,0.0013500000536441803,5.3535445796448755e-06
2009-06-05,36.779998779296875,31.765628814697266,0.001088347409437418,0.0018000000715255738,7.136462023105139e-06
2009-06-08,36.66999816894531,31.670621871948242,-0.002990872408137779,0.0017000000178813935,6.74032689618187e-06
2009-06-09,36.95000076293945,31.912446975708008,0.007635628524678806,0.0017499999701976775,6.938399087941249e-06
2009-06-10,36.81999969482422,31.8001651763916,-0.003518432773327418,0.0017499999701976775,6.938399087941249e-06
2009-06-11,36.81999969482422,31.8001651763916,0.0,0.0017000000178813935,6.74032689618187e-06
2009-06-12,36.650001525878906,31.653352737426758,-0.004616719383389811,0.0016500000655651093,6.5422448567442615e-06
2009-06-15,35.900001525878906,31.005605697631836,-0.020463773464004298,0.001550000011920929,6.146050639976863e-06
2009-06-16,35.54999923706055,30.703325271606445,-0.009749218543680271,0.0016500000655651093,6.5422448567442615e-06
2009-06-17,35.88999938964844,30.996952056884766,0.00956335454485302,0.0016500000655651093,6.5422448567442615e-06
2009-06-18,35.81999969482422,30.936508178710938,-0.0019499942466247866,0.0017000000178813935,6.74032689618187e-06
2009-06-19,36.15999984741211,31.268564224243164,0.010733468806952473,0.0017000000178813935,6.74032689618187e-06
2009-06-22,35.08000183105469,30.334653854370117,-0.029867388958939367,0.0018500000238418578,7.334514522172597e-06
2009-06-23,35.0,30.26548194885254,-0.002280293220079499,0.0019499999284744263,7.730589986598702e-06
2009-06-24,35.59000015258789,30.775659561157227,0.016856748330222215,0.0018000000715255738,7.136462023105139e-06
2009-06-25,36.290000915527344,31.380985260009766,0.01966897566076975,0.0016500000655651093,6.5422448567442615e-06
2009-06-26,36.369998931884766,31.450149536132812,0.002204018629433646,0.0017499999701976775,6.938399087941249e-06
2009-06-29,36.45000076293945,31.519336700439453,0.0021998993749505757,0.001599999964237213,6.344152377879553e-06
2009-06-30,36.380001068115234,31.45880699157715,-0.0019203991961372902,0.0018000000715255738,7.136462023105139e-06
2009-07-01,36.400001525878906,31.47610092163086,0.000549732545749082,0.0016500000655651093,6.5422448567442615e-06
2009-07-02,35.599998474121094,30.7843074798584,-0.021978371574512545,0.001550000011920929,6.146050639976863e-06
2009-07-06,35.40999984741211,30.62002182006836,-0.005336669012207862,0.001550000011920929,6.146050639976863e-06
2009-07-07,34.529998779296875,29.859050750732422,-0.024852074691769088,0.0018000000715255738,7.136462023105139e-06
2009-07-08,34.709999084472656,30.014707565307617,0.005213053016140501,0.0017499999701976775,6.938399087941249e-06
2009-07-09,34.77000045776367,30.066593170166016,0.001728672676403864,0.0017499999701976775,6.938399087941249e-06
2009-07-10,34.91999816894531,30.1962890625,0.004313621154214298,0.0016500000655651093,6.5422448567442615e-06
2009-07-13,35.59000015258789,30.775659561157227,0.019186811248827595,0.0017000000178813935,6.74032689618187e-06
2009-07-14,35.720001220703125,30.88809585571289,0.003653416243841301,0.0017499999701976775,6.938399087941249e-06
2009-07-15,36.91999816894531,31.92576026916504,0.033594314725626795,0.0017499999701976775,6.938399087941249e-06
2009-07-16,37.36000061035156,32.306243896484375,0.011917762462396952,0.0016500000655651093,6.5422448567442615e-06
2009-07-17,37.560001373291016,32.479190826416016,0.005353359260389379,0.0016500000655651093,6.5422448567442615e-06
2009-07-20,37.91999816894531,32.790489196777344,0.009584548211962973,0.001599999964237213,6.344152377879553e-06
2009-07-21,38.18000030517578,33.015323638916016,0.006856696793677841,0.0018000000715255738,7.136462023105139e-06
2009-07-22,38.5,33.29204177856445,0.008381506196179167,0.0018000000715255738,7.136462023105139e-06
2009-07-23,39.349998474121094,34.02704620361328,0.022077481157135592,0.0018000000715255738,7.136462023105139e-06
2009-07-24,39.04999923706055,33.76762390136719,-0.007624002997314139,0.0018000000715255738,7.136462023105139e-06
2009-07-27,39.349998474121094,34.02704620361328,0.0076825749719271474,0.0018000000715255738,7.136462023105139e-06
2009-07-28,39.08000183105469,33.7935676574707,-0.006861557854462963,0.0018500000238418578,7.334514522172597e-06
2009-07-29,39.34000015258789,34.018394470214844,0.006652946946086535,0.0017499999701976775,6.938399087941249e-06
2009-07-30,39.56999969482422,34.21726989746094,0.0058461144431793954,0.0017499999701976775,6.938399087941249e-06
2009-07-31,39.45000076293945,34.1135139465332,-0.003032268536872218,0.0017499999701976775,6.938399087941249e-06
2009-08-03,40.040000915527344,34.62369155883789,0.014955293468280617,0.0017499999701976775,6.938399087941249e-06
2009-08-04,40.040000915527344,34.62369155883789,0.0,0.0017499999701976775,6.938399087941249e-06
2009-08-05,39.72999954223633,34.35564422607422,-0.007741731765030457,0.0017499999701976775,6.938399087941249e-06
2009-08-06,39.380001068115234,34.05298614501953,-0.008809559182272109,0.0017000000178813935,6.74032689618187e-06
2009-08-07,39.880001068115234,34.485355377197266,0.012696954984694475,0.0017000000178813935,6.74032689618187e-06
2009-08-10,39.599998474121094,34.24322509765625,-0.007021249364914994,0.001599999964237213,6.344152377879553e-06
2009-08-11,39.2599983215332,33.94920349121094,-0.008586270878598867,0.0018000000715255738,7.136462023105139e-06
2009-08-12,39.869998931884766,34.476722717285156,0.015538486085860281,0.0017000000178813935,6.74032689618187e-06
2009-08-13,40.09000015258789,34.66693878173828,0.005517231611975593,0.0016500000655651093,6.5422448567442615e-06
2009-08-14,39.630001068115234,34.2691650390625,-0.011474152511133151,0.0017000000178813935,6.74032689618187e-06
2009-08-17,38.47999954223633,33.274723052978516,-0.02901856479288145,0.0017000000178813935,6.74032689618187e-06
2009-08-18,39.029998779296875,33.75032043457031,0.01429305304313333,0.0017499999701976775,6.938399087941249e-06
2009-08-19,39.29999923706055,33.98380661010742,0.0069180432224267285,0.0016500000655651093,6.5422448567442615e-06
2009-08-20,39.7599983215332,34.3815803527832,0.011704802444275852,0.001599999964237213,6.344152377879553e-06
2009-08-21,40.290000915527344,34.83988571166992,0.013329967796248177,0.001599999964237213,6.344152377879553e-06
2009-08-24,40.25,34.8052978515625,-0.0009927661759188133,0.001550000011920929,6.146050639976863e-06
2009-08-25,40.369998931884766,34.909053802490234,0.0029810390179745294,0.001550000011920929,6.146050639976863e-06
2009-08-26,40.29999923706055,34.848548889160156,-0.0017332155054217147,0.0014499999582767487,5.7498170200620535e-06
2009-08-27,40.400001525878906,34.935020446777344,0.002481353180364021,0.0014000000059604645,5.551685726690181e-06
2009-08-28,40.439998626708984,34.969581604003906,0.0009892983254213839,0.0012999999523162842,5.15539298739931e-06
2009-08-31,40.029998779296875,34.61506271362305,-0.01013792199161656,0.0012999999523162842,5.15539298739931e-06
2009-09-01,39.279998779296875,33.966514587402344,-0.018736008990833386,0.0012999999523162842,5.15539298739931e-06
2009-09-02,39.25,33.94057846069336,-0.0007635792787112905,0.0012999999523162842,5.15539298739931e-06
2009-09-03,39.5099983215332,34.16541290283203,0.0066243550444802235,0.00125,4.957232130120559e-06
2009-09-04,40.36000061035156,34.900421142578125,0.021513225724404172,0.00125,4.957232130120559e-06
2009-09-08,40.7400016784668,35.22901916503906,0.009415302500749734,0.00125,4.957232130120559e-06
2009-09-09,41.09000015258789,35.53166961669922,0.008590941752942838,0.0013500000536441803,5.3535445796448755e-06
2009-09-10,41.47999954223633,35.868919372558594,0.009491525714875992,0.0013500000536441803,5.3535445796448755e-06
2009-09-11,41.52000045776367,35.90352249145508,0.0009647103816279312,0.0013500000536441803,5.3535445796448755e-06
2009-09-14,41.68000030517578,36.04186248779297,0.003853103727379903,0.0012999999523162842,5.15539298739931e-06
2009-09-15,41.810001373291016,36.154293060302734,0.0031194440228454745,0.00125,4.957232130120559e-06
2009-09-16,42.41999816894531,36.6817512512207,0.014589088771234104,0.000949999988079071,3.768058780329042e-06
2009-09-17,42.40999984741211,36.67312240600586,-0.00023523536691982816,0.000949999988079071,3.768058780329042e-06
2009-09-18,42.439998626708984,36.734561920166016,0.0016753281457728697,0.0007999999821186065,3.173338974260531e-06
2009-09-21,42.56999969482422,36.84709167480469,0.0030633209913657478,0.0009000000357627869,3.569828905813921e-06
2009-09-22,42.650001525878906,36.916316986083984,0.0018787184587116812,0.000949999988079071,3.768058780329042e-06
2009-09-23,42.45000076293945,36.74321746826172,-0.00468897040534999,0.000949999988079071,3.768058780329042e-06
2009-09-24,42.06999969482422,36.414306640625,-0.008951606590272831,0.0009000000357627869,3.569828905813921e-06
2009-09-25,41.70000076293945,36.094058990478516,-0.008794555758181222,0.0009000000357627869,3.569828905813921e-06
2009-09-28,42.40999984741211,36.7086067199707,0.017026284842452943,0.0009000000357627869,3.569828905813921e-06
2009-09-29,42.220001220703125,36.54413986206055,-0.004480335065963681,0.0011999999731779098,4.7590611207404265e-06
2009-09-30,42.25,36.57011413574219,0.0007107644010690972,0.0011500000208616258,4.560880549009383e-06
2009-10-01,41.0,35.48817443847656,-0.029585351942015947,0.000949999988079071,3.768058780329042e-06
2009-10-02,40.880001068115234,35.38429641723633,-0.002927116508072869,0.0009000000357627869,3.569828905813921e-06
2009-10-05,41.209999084472656,35.669921875,0.008072096570628462,0.0009000000357627869,3.569828905813921e-06
2009-10-06,41.939998626708984,36.301780700683594,0.01771405129223025,0.0007000000029802323,2.7768098762592786e-06
2009-10-07,42.060001373291016,36.4056510925293,0.0028613029399890966,0.0005999999865889549,2.3802411603934814e-06
2009-10-08,42.2400016784668,36.56145477294922,0.004279656474867721,0.0005999999865889549,2.3802411603934814e-06
2009-10-09,42.47999954223633,36.76919174194336,0.005681857308036831,0.0006499999761581421,2.578530378549715e-06
2009-10-12,42.56999969482422,36.84709167480469,0.00211861966964233,0.0005999999865889549,2.3802411603934814e-06
2009-10-13,42.58000183105469,36.85574722290039,0.00023490451219587705,0.0005999999865889549,2.3802411603934814e-06
2009-10-14,43.15999984741211,37.35778045654297,0.013621572521819392,0.0006499999761581421,2.578530378549715e-06
2009-10-15,43.060001373291016,37.2712287902832,-0.0023168310644270385,0.0005499999970197678,2.1819420727986483e-06
2009-10-16,42.779998779296875,37.028846740722656,-0.006503194486137676,0.0005999999865889549,2.3802411603934814e-06
2009-10-19,43.209999084472656,37.40105438232422,0.010051829164644976,0.0005999999865889549,2.3802411603934814e-06
2009-10-20,43.220001220703125,37.409706115722656,0.0002313232485371408,0.0007500000298023224,2.9750795063065993e-06
2009-10-21,43.13999938964844,37.340457916259766,-0.001851075740843311,0.0006499999761581421,2.578530378549715e-06
2009-10-22,43.310001373291016,37.48762130737305,0.003941124435145271,0.0005000000074505806,1.9836331146549924e-06
2009-10-23,43.130001068115234,37.33179473876953,-0.004156747298684094,0.0005000000074505806,1.9836331146549924e-06
2009-10-26,42.9900016784668,37.21062469482422,-0.003245759942515636,0.0005000000074505806,1.9836331146549924e-06
2009-10-27,42.34000015258789,36.648006439208984,-0.01511982828102032,0.0007000000029802323,2.7768098762592786e-06
2009-10-28,41.38999938964844,35.82569885253906,-0.022437989581614803,0.0005999999865889549,2.3802411603934814e-06
2009-10-29,42.09000015258789,36.43162536621094,0.016913180568114194,0.0005000000074505806,1.9836331146549924e-06
2009-10-30,40.959999084472656,35.45354461669922,-0.026847024794530716,0.00045000001788139346,1.7853142850743353e-06
2009-11-02,41.130001068115234,35.60068893432617,0.004150341502317634,0.00039999999105930326,1.5869854355088364e-06
2009-11-03,41.2599983215332,35.71318817138672,0.003160029775493234,0.0005000000074505806,1.9836331146549924e-06
2009-11-04,41.33000183105469,35.7738037109375,0.0016972872670983907,0.00045000001788139346,1.7853142850743353e-06
2009-11-05,42.349998474121094,36.65666198730469,0.02467890424795005,0.00035000000149011613,1.3886468601675972e-06
2009-11-06,42.599998474121094,36.873050689697266,0.0059031207606279334,0.00045000001788139346,1.7853142850743353e-06
2009-11-09,43.5099983215332,37.66071701049805,0.021361571827331005,0.00045000001788139346,1.7853142850743353e-06
2009-11-10,43.619998931884766,37.75593185424805,0.0025282270574789045,0.0005999999865889549,2.3802411603934814e-06
2009-11-11,43.900001525878906,37.9982795715332,0.0064187984611454585,0.0005999999865889549,2.3802411603934814e-06
2009-11-12,43.650001525878906,37.781890869140625,-0.005694697360842826,0.0005499999970197678,2.1819420727986483e-06
2009-11-13,44.0099983215332,38.0934944152832,0.008247431215706813,0.0005499999970197678,2.1819420727986483e-06
2009-11-16,44.459999084472656,38.483009338378906,0.010225234756605195,0.0005499999970197678,2.1819420727986483e-06
2009-11-17,44.599998474121094,38.60419845581055,0.0031491590578593964,0.0005499999970197678,2.1819420727986483e-06
2009-11-18,44.349998474121094,38.38777160644531,-0.005606303407982294,0.00029999999329447744,1.1902983365619235e-06
2009-11-19,43.65999984741211,37.790565490722656,-0.015557196751227576,4.999999888241291e-05,1.9840775355994822e-07
2009-11-20,43.439998626708984,37.60012435913086,-0.005039382954948102,9.999999776482581e-05,3.968056268011111e-07
2009-11-23,44.13999938964844,38.20602035522461,0.016114201918766113,0.00019999999552965163,7.935717363238837e-07
2009-11-24,43.9900016784668,38.07619857788086,-0.0033979403281659826,0.00039999999105930326,1.5869854355088364e-06
2009-11-25,44.18000030517578,38.24065017700195,0.004319013064939314,0.00039999999105930326,1.5869854355088364e-06
2009-11-27,43.5099983215332,37.66071701049805,-0.01516535842930511,0.0002500000037252903,9.919400114632992e-07
2009-11-30,43.560001373291016,37.70400619506836,0.0011494519490493627,0.0005000000074505806,1.9836331146549924e-06
2009-12-01,44.0099983215332,38.0934944152832,0.010330154790442192,0.0005000000074505806,1.9836331146549924e-06
2009-12-02,44.06999969482422,38.14543914794922,0.0013636116471682502,0.00039999999105930326,1.5869854355088364e-06
2009-12-03,43.88999938964844,37.9896354675293,-0.004084464195460602,0.00039999999105930326,1.5869854355088364e-06
2009-12-04,44.119998931884766,38.18872833251953,0.0052407153303801746,0.00039999999105930326,1.5869854355088364e-06
2009-12-07,43.90999984741211,38.00693130493164,-0.004760489168556092,0.00014999999664723872,5.95193620611667e-07
2009-12-08,43.63999938964844,37.77324295043945,-0.006148572022752763,0.0002500000037252903,9.919400114632992e-07
2009-12-09,44.08000183105469,38.154109954833984,0.010082984002571571,0.0002500000037252903,9.919400114632992e-07
2009-12-10,44.29999923706055,38.34450912475586,0.004990266321171388,0.0002500000037252903,9.919400114632992e-07
2009-12-11,44.130001068115234,38.19737243652344,-0.003837229673581244,0.00019999999552965163,7.935717363238837e-07
2009-12-14,44.54999923706055,38.56090545654297,0.009517225841218613,0.00019999999552965163,7.935717363238837e-07
2009-12-15,44.29999923706055,38.34450912475586,-0.0056118062899477295,0.00039999999105930326,1.5869854355088364e-06
2009-12-16,44.36000061035156,38.39645004272461,0.0013545855496481796,0.00035000000149011613,1.3886468601675972e-06
2009-12-17,43.81999969482422,37.929039001464844,-0.01217328791436878,0.00039999999105930326,1.5869854355088364e-06
2009-12-18,44.459999084472656,38.5472297668457,0.016298613981677423,0.00039999999105930326,1.5869854355088364e-06
2009-12-21,44.959999084472656,38.98073196411133,0.011246001331034039,0.00045000001788139346,1.7853142850743353e-06
2009-12-22,45.22999954223633,39.214820861816406,0.006005246333511627,0.0007000000029802323,2.7768098762592786e-06
2009-12-23,45.560001373291016,39.50093460083008,0.007296061354503447,0.0005499999970197678,2.1819420727986483e-06
2009-12-24,45.97999954223633,39.86506652832031,0.009218311697429593,0.00039999999105930326,1.5869854355088364e-06
2009-12-28,46.220001220703125,40.073150634765625,0.005219710502614827,0.0005499999970197678,2.1819420727986483e-06
2009-12-29,46.029998779296875,39.9084358215332,-0.004110353456698856,0.000949999988079071,3.768058780329042e-06
2009-12-30,46.16999816894531,40.0297966003418,0.0030409805924569433,0.00039999999105930326,1.5869854355088364e-06
2009-12-31,45.75,39.66567611694336,-0.009096236162122517,0.0005000000074505806,1.9836331146549924e-06
2010-01-04,46.41999816894531,40.24656295776367,0.014644571773029247,0.0005499999970197678,2.1819420727986483e-06
2010-01-05,46.41999816894531,40.24656295776367,0.0,0.0005999999865889549,2.3802411603934814e-06
2010-01-06,46.13999938964844,40.00380325317383,-0.006031812079073773,0.00045000001788139346,1.7853142850743353e-06
2010-01-07,46.16999816894531,40.0297966003418,0.0006497718980233991,0.00045000001788139346,1.7853142850743353e-06
2010-01-08,46.54999923706055,40.35927200317383,0.008230753858719853,0.00039999999105930326,1.5869854355088364e-06
2010-01-11,46.36000061035156,40.19454574584961,-0.004081497240863596,0.0002500000037252903,9.919400114632992e-07
2010-01-12,45.779998779296875,39.69166564941406,-0.012511152622927013,0.00039999999105930326,1.5869854355088364e-06
2010-01-13,46.349998474121094,40.18586349487305,0.012450922312611024,0.0005000000074505806,1.9836331146549924e-06
2010-01-14,46.38999938964844,40.22056198120117,0.0008634500620485763,0.00045000001788139346,1.7853142850743353e-06
2010-01-15,45.849998474121094,39.752357482910156,-0.011640923826719551,0.0005499999970197678,2.1819420727986483e-06
2010-01-19,46.59000015258789,40.39396286010742,0.016140058548052005,0.0005000000074505806,1.9836331146549924e-06
2010-01-20,45.91999816894531,39.81306838989258,-0.014380724966911562,0.0005000000074505806,1.9836331146549924e-06
2010-01-21,45.4900016784668,39.44023132324219,-0.009364690583482993,0.00039999999105930326,1.5869854355088364e-06
2010-01-22,44.15999984741211,38.28712463378906,-0.029236813547125373,0.00045000001788139346,1.7853142850743353e-06
2010-01-25,44.310001373291016,38.41716384887695,0.0033964215472355175,0.00045000001788139346,1.7853142850743353e-06
2010-01-26,44.349998474121094,38.45184326171875,0.0009027062220994253,0.0006499999761581421,2.578530378549715e-06
2010-01-27,44.70000076293945,38.755313873291016,0.007892225335121683,0.0007000000029802323,2.7768098762592786e-06
2010-01-28,43.54999923706055,37.75825500488281,-0.025727023439109487,0.0007000000029802323,2.7768098762592786e-06
2010-01-29,42.790000915527344,37.099327087402344,-0.01745122801345711,0.0007000000029802323,2.7768098762592786e-06
2010-02-01,43.2599983215332,37.50680160522461,0.010983339855795693,0.0008500000089406968,3.3715888723140353e-06
2010-02-02,43.650001525878906,37.844932556152344,0.00901519021767605,0.0009000000357627869,3.569828905813921e-06
2010-02-03,43.88999938964844,38.05303192138672,0.005498737906999951,0.0009000000357627869,3.569828905813921e-06
2010-02-04,42.619998931884766,36.95191955566406,-0.028936258430009687,0.0008500000089406968,3.3715888723140353e-06
2010-02-05,42.97999954223633,37.26403045654297,0.008446405616594488,0.0008500000089406968,3.3715888723140353e-06
2010-02-08,42.66999816894531,36.99527359008789,-0.00721223290026296,0.0009000000357627869,3.569828905813921e-06
2010-02-09,43.11000061035156,37.376773834228516,0.010312134689627994,0.0010000000149011613,3.9662790878303156e-06
2010-02-10,43.02000045776367,37.29873275756836,-0.0020879564674650686,0.0010000000149011613,3.9662790878303156e-06
2010-02-11,43.66999816894531,37.862281799316406,0.015109066718458353,0.000949999988079071,3.768058780329042e-06
2010-02-12,43.7599983215332,37.940311431884766,0.002060880350052363,0.0009000000357627869,3.569828905813921e-06
2010-02-16,44.31999969482422,38.42583465576172,0.0127970278986409,0.0008500000089406968,3.3715888723140353e-06
2010-02-17,44.56999969482422,38.64257049560547,0.0056403677834295785,0.0009000000357627869,3.569828905813921e-06
2010-02-18,44.849998474121094,38.885353088378906,0.006282775438063659,0.0008500000089406968,3.3715888723140353e-06
2010-02-19,44.83000183105469,38.86802291870117,-0.0004456734554614261,0.000949999988079071,3.768058780329042e-06
2010-02-22,44.7400016784668,38.78998947143555,-0.002007651570774427,0.0008500000089406968,3.3715888723140353e-06
2010-02-23,44.15999984741211,38.28712463378906,-0.012963778657810399,0.0011500000208616258,4.560880549009383e-06
2010-02-24,44.61000061035156,38.67726135253906,0.010189762811430914,0.0010999999940395355,4.362689823400601e-06
2010-02-25,44.599998474121094,38.668617248535156,-0.0002234931766527115,0.0011500000208616258,4.560880549009383e-06
2010-02-26,44.7599983215332,38.80731964111328,0.003586949894966329,0.0011500000208616258,4.560880549009383e-06
2010-03-01,45.40999984741211,39.370880126953125,0.01452201520361629,0.0011999999731779098,4.7590611207404265e-06
2010-03-02,45.54999923706055,39.49226760864258,0.0030831792761054633,0.00125,4.957232130120559e-06
2010-03-03,45.599998474121094,39.53561019897461,0.0010974956100657796,0.0013500000536441803,5.3535445796448755e-06
2010-03-04,45.75,39.66567611694336,0.003289842178080926,0.0013500000536441803,5.3535445796448755e-06
2010-03-05,46.439998626708984,40.263893127441406,0.015081477717267866,0.0014499999582767487,5.7498170200620535e-06
2010-03-08,46.529998779296875,40.34192657470703,0.0019380502282437817,0.0014499999582767487,5.7498170200620535e-06
2010-03-09,46.790000915527344,40.567352294921875,0.005587876915035039,0.0015000000596046448,5.947939051065276e-06
2010-03-10,47.16999816894531,40.896820068359375,0.00812150053674432,0.0014499999582767487,5.7498170200620535e-06
2010-03-11,47.349998474121094,41.05288314819336,0.0038160199148276064,0.0014499999582767487,5.7498170200620535e-06
2010-03-12,47.36000061035156,41.06154251098633,0.00021093190365495396,0.0014000000059604645,5.551685726690181e-06
2010-03-15,47.2400016784668,40.95749282836914,-0.0025339935193459118,0.0014499999582767487,5.7498170200620535e-06
2010-03-16,47.540000915527344,41.217613220214844,0.006350984249346769,0.001550000011920929,6.146050639976863e-06
2010-03-17,47.66999816894531,41.3303108215332,0.002734209783478825,0.0015000000596046448,5.947939051065276e-06
2010-03-18,47.83000183105469,41.46903991699219,0.003356594535618873,0.0014499999582767487,5.7498170200620535e-06
2010-03-19,47.4900016784668,41.21820831298828,-0.00604864748511158,0.0014499999582767487,5.7498170200620535e-06
2010-03-22,47.91999816894531,41.59141159057617,0.009054330424893564,0.0014000000059604645,5.551685726690181e-06
2010-03-23,48.25,41.87785339355469,0.006887042108554509,0.0012999999523162842,5.15539298739931e-06
2010-03-24,48.02000045776367,41.67822265625,-0.004766976364060982,0.0013500000536441803,5.3535445796448755e-06
2010-03-25,47.95000076293945,41.617462158203125,-0.0014578476281968955,0.0012999999523162842,5.15539298739931e-06
2010-03-26,48.0,41.66086959838867,0.0010430102638296912,0.0012999999523162842,5.15539298739931e-06
2010-03-29,48.22999954223633,41.86048889160156,0.004791529680902462,0.00125,4.957232130120559e-06
2010-03-30,48.38999938964844,41.99933624267578,0.0033169070584380123,0.0015000000596046448,5.947939051065276e-06
2010-03-31,48.15999984741211,41.79972457885742,-0.004752733773338402,0.0015000000596046448,5.947939051065276e-06
2010-04-01,48.15999984741211,41.79972457885742,0.0,0.0015000000596046448,5.947939051065276e-06
2010-04-05,48.61000061035156,42.190284729003906,0.009343605827107027,0.001599999964237213,6.344152377879553e-06
2010-04-06,48.75,42.31180953979492,0.002880397977202298,0.0016500000655651093,6.5422448567442615e-06
2010-04-07,48.630001068115234,42.20765686035156,-0.0024615510557496334,0.001599999964237213,6.344152377879553e-06
2010-04-08,48.7400016784668,42.30311965942383,0.0022617412614993615,0.001550000011920929,6.146050639976863e-06
2010-04-09,49.029998779296875,42.55482482910156,0.005950038004387759,0.0015000000596046448,5.947939051065276e-06
2010-04-12,49.06999969482422,42.589542388916016,0.0008158313411905649,0.0013500000536441803,5.3535445796448755e-06
2010-04-13,49.31999969482422,42.80653381347656,0.00509494613910233,0.0015000000596046448,5.947939051065276e-06
2010-04-14,49.90999984741211,43.31863021850586,0.011963043007889418,0.001550000011920929,6.146050639976863e-06
2010-04-15,50.130001068115234,43.50954818725586,0.00440729468561174,0.0015000000596046448,5.947939051065276e-06
2010-04-16,49.529998779296875,42.988773345947266,-0.011969208208444049,0.0015000000596046448,5.947939051065276e-06
2010-04-19,49.5,42.962764739990234,-0.00060500926015572,0.0015000000596046448,5.947939051065276e-06
2010-04-20,49.75,43.17972946166992,0.005050064235687657,0.0014499999582767487,5.7498170200620535e-06
2010-04-21,50.029998779296875,43.42275619506836,0.005628259751237374,0.0014499999582767487,5.7498170200620535e-06
2010-04-22,50.310001373291016,43.665771484375,0.005596496183128963,0.0015000000596046448,5.947939051065276e-06
2010-04-23,50.52000045776367,43.84805679321289,0.0041745583014174414,0.001550000011920929,6.146050639976863e-06
2010-04-26,50.40999984741211,43.75255584716797,-0.0021779972256308344,0.0015000000596046448,5.947939051065276e-06
2010-04-27,49.34000015258789,42.82388687133789,-0.021225479468536923,0.0014499999582767487,5.7498170200620535e-06
2010-04-28,49.369998931884766,42.84993362426758,0.0006082295380600566,0.001550000011920929,6.146050639976863e-06
2010-04-29,50.22999954223633,43.596351623535156,0.01741935018645746,0.001599999964237213,6.344152377879553e-06
2010-04-30,49.2400016784668,42.73710250854492,-0.019709197742280193,0.001550000011920929,6.146050639976863e-06
2010-05-03,49.93000030517578,43.335968017578125,0.014012777513717989,0.001599999964237213,6.344152377879553e-06
2010-05-04,48.43000030517578,42.03406524658203,-0.030042083529044694,0.001550000011920929,6.146050639976863e-06
2010-05-05,48.18000030517578,41.81708526611328,-0.0051620032275225824,0.0014499999582767487,5.7498170200620535e-06
2010-05-06,46.56999969482422,40.419715881347656,-0.033416231090070525,0.0010000000149011613,3.9662790878303156e-06
2010-05-07,45.40999984741211,39.41291427612305,-0.02490867595853674,0.0011999999731779098,4.7590611207404265e-06
2010-05-10,47.77000045776367,41.46123504638672,0.051970802156707796,0.0014499999582767487,5.7498170200620535e-06
2010-05-11,47.720001220703125,41.417823791503906,-0.0010470323625005884,0.0015000000596046448,5.947939051065276e-06
2010-05-12,48.619998931884766,42.1989631652832,0.01885998109682263,0.0015000000596046448,5.947939051065276e-06
2010-05-13,47.849998474121094,41.53066635131836,-0.015836806495630795,0.001550000011920929,6.146050639976863e-06
2010-05-14,46.93000030517578,40.732173919677734,-0.01922657404256356,0.0014499999582767487,5.7498170200620535e-06
2010-05-17,47.08000183105469,40.86235809326172,0.0031961017803936453,0.0015000000596046448,5.947939051065276e-06
2010-05-18,46.43000030517578,40.298194885253906,-0.013806428075447852,0.0016500000655651093,6.5422448567442615e-06
2010-05-19,46.060001373291016,39.977073669433594,-0.007968625312738675,0.0016500000655651093,6.5422448567442615e-06
2010-05-20,44.349998474121094,38.492889404296875,-0.03712588563658481,0.001550000011920929,6.146050639976863e-06
2010-05-21,44.84000015258789,38.918174743652344,0.01104841299099757,0.0015000000596046448,5.947939051065276e-06
2010-05-24,44.65999984741211,38.761959075927734,-0.004013951547151895,0.0015000000596046448,5.947939051065276e-06
2010-05-25,44.70000076293945,38.79667282104492,0.0008955621940880398,0.001599999964237213,6.344152377879553e-06
2010-05-26,44.20000076293945,38.36268997192383,-0.011186084206831315,0.001599999964237213,6.344152377879553e-06
2010-05-27,45.869998931884766,39.81215286254883,0.03778314012093009,0.001599999964237213,6.344152377879553e-06
2010-05-28,45.599998474121094,39.57780838012695,-0.005886254964180049,0.0015000000596046448,5.947939051065276e-06
2010-06-01,45.18000030517578,39.21327590942383,-0.009210526949899656,0.0014499999582767487,5.7498170200620535e-06
2010-06-02,46.25,40.14198303222656,0.02368348732066905,0.0014499999582767487,5.7498170200620535e-06
2010-06-03,46.689998626708984,40.523868560791016,0.00951336978688544,0.0012999999523162842,5.15539298739931e-06
2010-06-04,45.09000015258789,39.135162353515625,-0.03426884590724977,0.0011999999731779098,4.7590611207404265e-06
2010-06-07,44.27000045776367,38.423465728759766,-0.018185605525970816,0.0010499999672174453,4.164489238123181e-06
2010-06-08,44.189998626708984,38.3540153503418,-0.0018074990660196244,0.0010999999940395355,4.362689823400601e-06
2010-06-09,43.81999969482422,38.03287887573242,-0.008372955782490532,0.000949999988079071,3.768058780329042e-06
2010-06-10,45.06999969482422,39.11781311035156,0.028526219068612413,0.0008500000089406968,3.3715888723140353e-06
2010-06-11,45.5,39.49101257324219,0.009540396898922499,0.0007000000029802323,2.7768098762592786e-06
2010-06-14,45.4900016784668,39.482337951660156,-0.00021966065230516474,0.0005499999970197678,2.1819420727986483e-06
2010-06-15,46.709999084472656,40.54122543334961,0.02681926999829365,0.0007999999821186065,3.173338974260531e-06
2010-06-16,46.900001525878906,40.70613479614258,0.0040676955624856515,0.0009000000357627869,3.569828905813921e-06
2010-06-17,47.04999923706055,40.8363037109375,0.0031977714279878278,0.0009000000357627869,3.569828905813921e-06
2010-06-18,47.0,40.87023162841797,0.0008308273373767161,0.000949999988079071,3.768058780329042e-06
2010-06-21,46.599998474121094,40.52239990234375,-0.008510637503516438,0.0010499999672174453,4.164489238123181e-06
2010-06-22,46.2400016784668,40.209354400634766,-0.007725245850773943,0.00125,4.957232130120559e-06
2010-06-23,46.04999923706055,40.04413604736328,-0.004108953146208072,0.0011999999731779098,4.7590611207404265e-06
2010-06-24,45.349998474121094,39.43541717529297,-0.015201198781023328,0.00125,4.957232130120559e-06
2010-06-25,45.27000045776367,39.44328308105469,0.00019946297833639548,0.00125,4.957232130120559e-06
2010-06-28,45.11000061035156,39.30387496948242,-0.0035343942157600727,0.0013500000536441803,5.3535445796448755e-06
2010-06-29,43.369998931884766,37.78782653808594,-0.03857249272682717,0.001599999964237213,6.344152377879553e-06
2010-06-30,42.709999084472656,37.2127685546875,-0.015218075133769382,0.0017000000178813935,6.74032689618187e-06
2010-07-01,42.59000015258789,37.108219146728516,-0.0028095036198486634,0.0016500000655651093,6.5422448567442615e-06
2010-07-02,42.470001220703125,37.00366973876953,-0.0028174191692031947,0.001599999964237213,6.344152377879553e-06
2010-07-06,42.599998474121094,37.1169319152832,0.0030608363255120175,0.001599999964237213,6.344152377879553e-06
2010-07-07,43.959999084472656,38.301883697509766,0.03192483109679256,0.001550000011920929,6.146050639976863e-06
2010-07-08,44.20000076293945,38.51099395751953,0.005459529397071394,0.0014499999582767487,5.7498170200620535e-06
2010-07-09,44.619998931884766,38.8769416809082,0.009502422186047355,0.0014499999582767487,5.7498170200620535e-06
2010-07-12,44.75,38.990196228027344,0.0029131547447509565,0.0014000000059604645,5.551685726690181e-06
2010-07-13,45.33000183105469,39.49553680419922,0.012960708718070535,0.0014499999582767487,5.7498170200620535e-06
2010-07-14,45.560001373291016,39.695953369140625,0.005074410456426426,0.0014499999582767487,5.7498170200620535e-06
2010-07-15,45.599998474121094,39.73080062866211,0.0008778542033600623,0.0014499999582767487,5.7498170200620535e-06
2010-07-16,44.34000015258789,38.632991790771484,-0.027631178343248797,0.0014499999582767487,5.7498170200620535e-06
2010-07-19,44.720001220703125,38.964073181152344,0.008569913305547905,0.0014499999582767487,5.7498170200620535e-06
2010-07-20,45.2599983215332,39.43454360961914,0.012074467324796334,0.0015000000596046448,5.947939051065276e-06
2010-07-21,44.63999938964844,38.89436721801758,-0.013698051052625781,0.0015000000596046448,5.947939051065276e-06
2010-07-22,45.77000045776367,39.878910064697266,0.02531325014650454,0.0014499999582767487,5.7498170200620535e-06
2010-07-23,46.060001373291016,40.131587982177734,0.0063361289731975745,0.0014499999582767487,5.7498170200620535e-06
2010-07-26,46.439998626708984,40.46266555786133,0.008249800028611531,0.0014499999582767487,5.7498170200620535e-06
2010-07-27,46.41999816894531,40.44525909423828,-0.0004301857868991288,0.0015000000596046448,5.947939051065276e-06
2010-07-28,46.04999923706055,40.12287902832031,-0.007970775144914177,0.0014499999582767487,5.7498170200620535e-06
2010-07-29,45.709999084472656,39.826637268066406,-0.007383362496116153,0.0014499999582767487,5.7498170200620535e-06
2010-07-30,45.810001373291016,39.91377258300781,0.0021878652308733315,0.0014000000059604645,5.551685726690181e-06
2010-08-02,46.66999816894531,40.663063049316406,0.01877272975763722,0.0014000000059604645,5.551685726690181e-06
2010-08-03,46.470001220703125,40.48881530761719,-0.004285160256813136,0.0015000000596046448,5.947939051065276e-06
2010-08-04,46.939998626708984,40.89830780029297,0.010113718802702065,0.0014499999582767487,5.7498170200620535e-06
2010-08-05,46.83000183105469,40.80248260498047,-0.002343011250744542,0.0014000000059604645,5.551685726690181e-06
2010-08-06,46.7599983215332,40.74149703979492,-0.0014946532978388216,0.0014000000059604645,5.551685726690181e-06
2010-08-09,47.08000183105469,41.02030563354492,0.0068433566267256385,0.0014000000059604645,5.551685726690181e-06
2010-08-10,46.66999816894531,40.663063049316406,-0.008708920587280455,0.0014499999582767487,5.7498170200620535e-06
2010-08-11,45.400001525878906,39.55653762817383,-0.02721205285987871,0.0014499999582767487,5.7498170200620535e-06
2010-08-12,45.040000915527344,39.242862701416016,-0.007929787225219642,0.0015000000596046448,5.947939051065276e-06
2010-08-13,44.720001220703125,38.964073181152344,-0.007104209557413643,0.0014499999582767487,5.7498170200620535e-06
2010-08-16,44.79999923706055,39.033756256103516,0.0017883929800459608,0.0015000000596046448,5.947939051065276e-06
2010-08-17,45.369998931884766,39.5303955078125,0.012723327174830379,0.001550000011920929,6.146050639976863e-06
2010-08-18,45.54999923706055,39.68723678588867,0.003967612164294643,0.0015000000596046448,5.947939051065276e-06
2010-08-19,44.86000061035156,39.08604049682617,-0.01514835341915921,0.0014499999582767487,5.7498170200620535e-06
2010-08-20,44.91999816894531,39.13831329345703,0.0013373776408767135,0.0014499999582767487,5.7498170200620535e-06
2010-08-23,44.47999954223633,38.75495147705078,-0.009795052063992227,0.0015000000596046448,5.947939051065276e-06
2010-08-24,43.650001525878906,38.03178405761719,-0.018660000641771535,0.001550000011920929,6.146050639976863e-06
2010-08-25,44.06999969482422,38.3977165222168,0.009621753847919079,0.0015000000596046448,5.947939051065276e-06
2010-08-26,43.540000915527344,37.93592834472656,-0.012026448948417201,0.0014499999582767487,5.7498170200620535e-06
2010-08-27,44.06999969482422,38.3977165222168,0.012172845047943248,0.0014000000059604645,5.551685726690181e-06
2010-08-30,43.61000061035156,37.99693298339844,-0.010437692006670996,0.0012999999523162842,5.15539298739931e-06
2010-08-31,43.459999084472656,37.86623001098633,-0.0034398295375370758,0.0013500000536441803,5.3535445796448755e-06
2010-09-01,44.7599983215332,38.998905181884766,0.02991254134805099,0.0012999999523162842,5.15539298739931e-06
2010-09-02,45.2599983215332,39.43454360961914,0.011170529677759555,0.00125,4.957232130120559e-06
2010-09-03,46.0099983215332,40.0880241394043,0.016571271529201903,0.00125,4.957232130120559e-06
2010-09-07,45.70000076293945,39.81791305541992,-0.006737949544359578,0.0011999999731779098,4.7590611207404265e-06
2010-09-08,46.25,40.29713439941406,0.012035320468130717,0.0012999999523162842,5.15539298739931e-06
2010-09-09,46.43000030517578,40.4539794921875,0.0038922145485291715,0.0013500000536441803,5.3535445796448755e-06
2010-09-10,46.599998474121094,40.60208511352539,0.003661089049755706,0.0013500000536441803,5.3535445796448755e-06
2010-09-13,47.25,41.16841125488281,0.013948203393346681,0.0013500000536441803,5.3535445796448755e-06
2010-09-14,47.45000076293945,41.34267044067383,0.004232837276914481,0.0014499999582767487,5.7498170200620535e-06
2010-09-15,47.75,41.60408020019531,0.0063230013140200825,0.0015000000596046448,5.947939051065276e-06
2010-09-16,47.939998626708984,41.76961135864258,0.003978724145582424,0.0015000000596046448,5.947939051065276e-06
2010-09-17,47.9900016784668,41.91107940673828,0.0033868653189284004,0.0014499999582767487,5.7498170200620535e-06
2010-09-20,48.83000183105469,42.644691467285156,0.01750401256496703,0.0015000000596046448,5.947939051065276e-06
2010-09-21,48.81999969482422,42.6359748840332,-0.00020440019500767015,0.001550000011920929,6.146050639976863e-06
2010-09-22,48.689998626708984,42.52242660522461,-0.002663203529822855,0.001550000011920929,6.146050639976863e-06
2010-09-23,48.66999816894531,42.50495910644531,-0.0004107832072112183,0.0015000000596046448,5.947939051065276e-06
2010-09-24,49.65999984741211,43.36954879760742,0.020340913374294,0.0014000000059604645,5.551685726690181e-06
2010-09-27,49.38999938964844,43.13375473022461,-0.005436857747429968,0.0012999999523162842,5.15539298739931e-06
2010-09-28,49.369998931884766,43.11628723144531,-0.00040496123948741136,0.0015000000596046448,5.947939051065276e-06
2010-09-29,49.290000915527344,43.04642868041992,-0.0016202357742538531,0.001550000011920929,6.146050639976863e-06
2010-09-30,49.06999969482422,42.85428237915039,-0.0044636990142908894,0.001550000011920929,6.146050639976863e-06
2010-10-01,49.0099983215332,42.80188751220703,-0.0012226284990564107,0.0015000000596046448,5.947939051065276e-06
2010-10-04,48.47999954223633,42.33903884887695,-0.010813744211585874,0.0014499999582767487,5.7498170200620535e-06
2010-10-05,49.65999984741211,43.36954879760742,0.024339474318458842,0.0011500000208616258,4.560880549009383e-06
2010-10-06,49.22999954223633,42.994014739990234,-0.008658933930110524,0.0011500000208616258,4.560880549009383e-06
2010-10-07,49.40999984741211,43.1512336730957,0.003656763250798223,0.0011500000208616258,4.560880549009383e-06
2010-10-08,49.75,43.448150634765625,0.006880845259704449,0.0011500000208616258,4.560880549009383e-06
2010-10-11,49.77000045776367,43.46561050415039,0.00040185529486724825,0.0011500000208616258,4.560880549009383e-06
2010-10-12,50.11000061035156,43.76253890991211,0.006831340968588728,0.0011500000208616258,4.560880549009383e-06
2010-10-13,50.52000045776367,44.12062072753906,0.008182382159410029,0.0012999999523162842,5.15539298739931e-06
2010-10-14,50.41999816894531,44.033287048339844,-0.001979429975351832,0.0013500000536441803,5.3535445796448755e-06
2010-10-15,51.4900016784668,44.967742919921875,0.021221578815049158,0.0013500000536441803,5.3535445796448755e-06
2010-10-18,51.29999923706055,44.80180740356445,-0.003690101072071128,0.0013500000536441803,5.3535445796448755e-06
2010-10-19,50.81999969482422,44.38261032104492,-0.00935670024969082,0.0013500000536441803,5.3535445796448755e-06
2010-10-20,51.189998626708984,44.705745697021484,0.007280675328448227,0.0013500000536441803,5.3535445796448755e-06
2010-10-21,51.290000915527344,44.79307174682617,0.00195335182185552,0.0011999999731779098,4.7590611207404265e-06
2010-10-22,51.63999938964844,45.09873962402344,0.0068239990087066715,0.0011999999731779098,4.7590611207404265e-06
2010-10-25,51.88999938964844,45.31708908081055,0.0048415866742048674,0.0011500000208616258,4.560880549009383e-06
2010-10-26,52.029998779296875,45.4393196105957,0.0026972281817834176,0.0012999999523162842,5.15539298739931e-06
2010-10-27,52.189998626708984,45.579071044921875,0.003075561771694879,0.0012999999523162842,5.15539298739931e-06
2010-10-28,52.29999923706055,45.675140380859375,0.0021077510737947946,0.00125,4.957232130120559e-06
2010-10-29,52.18000030517578,45.570343017578125,-0.002294407032083612,0.0010999999940395355,4.362689823400601e-06
2010-11-01,52.220001220703125,45.60529327392578,0.0007669517943758031,0.0010499999672174453,4.164489238123181e-06
2010-11-02,52.779998779296875,46.0943489074707,0.010723659435921906,0.00125,4.957232130120559e-06
2010-11-03,53.02000045776367,46.3039436340332,0.004547080749165877,0.0011999999731779098,4.7590611207404265e-06
2010-11-04,53.66999816894531,46.87160873413086,0.012259541100521298,0.0011500000208616258,4.560880549009383e-06
2010-11-05,53.66999816894531,46.87160873413086,0.0,0.0011999999731779098,4.7590611207404265e-06
2010-11-08,53.7400016784668,46.932743072509766,0.0013042935804845612,0.0010999999940395355,4.362689823400601e-06
2010-11-09,53.45000076293945,46.679466247558594,-0.005396591129563144,0.00125,4.957232130120559e-06
2010-11-10,53.720001220703125,46.915279388427734,0.0050517531545570815,0.00125,4.957232130120559e-06
2010-11-11,53.380001068115234,46.61833953857422,-0.006329278088595625,0.00125,4.957232130120559e-06
2010-11-12,52.5099983215332,45.858543395996094,-0.016298224048701515,0.00125,4.957232130120559e-06
2010-11-15,52.310001373291016,45.68388366699219,-0.0038086628154690993,0.0012999999523162842,5.15539298739931e-06
2010-11-16,51.45000076293945,44.932823181152344,-0.016440381717863994,0.0013500000536441803,5.3535445796448755e-06
2010-11-17,51.599998474121094,45.06379699707031,0.002914880629466099,0.0013500000536441803,5.3535445796448755e-06
2010-11-18,52.43000030517578,45.78868103027344,0.016085729155274064,0.0013500000536441803,5.3535445796448755e-06
2010-11-19,52.470001220703125,45.82360076904297,0.0007626281863513107,0.0012999999523162842,5.15539298739931e-06
2010-11-22,52.90999984741211,46.2078857421875,0.008386180193070691,0.00125,4.957232130120559e-06
2010-11-23,52.06999969482422,45.474281311035156,-0.015876173933718096,0.0014000000059604645,5.551685726690181e-06
2010-11-24,53.119998931884766,46.39127731323242,0.02016515656234774,0.0015000000596046448,5.947939051065276e-06
2010-11-26,52.77000045776367,46.08562088012695,-0.006588661722799483,0.001550000011920929,6.146050639976863e-06
2010-11-29,52.72999954223633,46.050689697265625,-0.0007579627266428579,0.001550000011920929,6.146050639976863e-06
2010-11-30,52.09000015258789,45.49175262451172,-0.012137431087966832,0.001599999964237213,6.344152377879553e-06
2010-12-01,53.189998626708984,46.452396392822266,0.021116877519309574,0.001550000011920929,6.146050639976863e-06
2010-12-02,53.72999954223633,46.924007415771484,0.010152566058402313,0.0014499999582767487,5.7498170200620535e-06
2010-12-03,53.869998931884766,47.046260833740234,0.0026053490462891737,0.0012999999523162842,5.15539298739931e-06
2010-12-06,53.849998474121094,47.028812408447266,-0.0003708780460710548,0.00125,4.957232130120559e-06
2010-12-07,53.880001068115234,47.05500411987305,0.0005569290416755912,0.0014000000059604645,5.551685726690181e-06
2010-12-08,54.08000183105469,47.22966384887695,0.003711820501788976,0.0013500000536441803,5.3535445796448755e-06
2010-12-09,54.130001068115234,47.27334213256836,0.0009248061521498485,0.0013500000536441803,5.3535445796448755e-06
2010-12-10,54.4900016784668,47.587730407714844,0.006650434705141928,0.0011500000208616258,4.560880549009383e-06
2010-12-13,54.29999923706055,47.421810150146484,-0.0034866184234215725,0.0011999999731779098,4.7590611207404265e-06
2010-12-14,54.400001525878906,47.50913619995117,0.001841474408678101,0.0013500000536441803,5.3535445796448755e-06
2010-12-15,54.15999984741211,47.29954147338867,-0.004411672013576062,0.0013500000536441803,5.3535445796448755e-06
2010-12-16,54.58000183105469,47.66632843017578,0.0077545562887426644,0.00125,4.957232130120559e-06
2010-12-17,54.52000045776367,47.70833969116211,0.0008813613796134767,0.0010499999672174453,4.164489238123181e-06
2010-12-20,54.560001373291016,47.743343353271484,0.0007337011167434238,0.0010000000149011613,3.9662790878303156e-06
2010-12-21,54.88999938964844,48.0321159362793,0.006048436551061576,0.0012999999523162842,5.15539298739931e-06
2010-12-22,54.880001068115234,48.02336502075195,-0.0001821888408779504,0.0012999999523162842,5.15539298739931e-06
2010-12-23,54.7400016784668,47.900856018066406,-0.002551029121607984,0.0012999999523162842,5.15539298739931e-06
2010-12-27,54.77000045776367,47.92710876464844,0.0005480642469548602,0.0011999999731779098,4.7590611207404265e-06
2010-12-28,54.66999816894531,47.83958435058594,-0.0018261984984802027,0.0014000000059604645,5.551685726690181e-06
2010-12-29,54.790000915527344,47.944602966308594,0.0021952242509684083,0.00125,4.957232130120559e-06
2010-12-30,54.65999984741211,47.83085632324219,-0.002372459797953419,0.0010999999940395355,4.362689823400601e-06
2010-12-31,54.459999084472656,47.65583801269531,-0.003659108868218852,0.0011500000208616258,4.560880549009383e-06
2011-01-03,55.310001373291016,48.39964294433594,0.015607844970483509,0.0011999999731779098,4.7590611207404265e-06
2011-01-04,55.27000045776367,48.36464309692383,-0.0007231426779813477,0.0013500000536441803,5.3535445796448755e-06
2011-01-05,55.7400016784668,48.775909423828125,0.00850345005296771,0.0013500000536441803,5.3535445796448755e-06
2011-01-06,55.91999816894531,48.93342208862305,0.003229312721291233,0.0014000000059604645,5.551685726690181e-06
2011-01-07,55.869998931884766,48.8896484375,-0.0008945552805149637,0.0013500000536441803,5.3535445796448755e-06
2011-01-10,56.08000183105469,49.07343292236328,0.0037591696961827292,0.0013500000536441803,5.3535445796448755e-06
2011-01-11,56.15999984741211,49.14344024658203,0.0014265829808464137,0.0014499999582767487,5.7498170200620535e-06
2011-01-12,56.560001373291016,49.49345397949219,0.007122287962623819,0.0014499999582767487,5.7498170200620535e-06
2011-01-13,56.58000183105469,49.51095962524414,0.0003536961829175844,0.0014000000059604645,5.551685726690181e-06
2011-01-14,57.0,49.87849807739258,0.007423375651176789,0.0014499999582767487,5.7498170200620535e-06
2011-01-18,57.15999984741211,50.01850891113281,0.0028070378848013,0.0014499999582767487,5.7498170200620535e-06
2011-01-19,56.5099983215332,49.449710845947266,-0.011371751728867507,0.001550000011920929,6.146050639976863e-06
2011-01-20,56.11000061035156,49.099693298339844,-0.00707825266557871,0.001550000011920929,6.146050639976863e-06
2011-01-21,55.68000030517578,48.72342300415039,-0.007663393982996092,0.0015000000596046448,5.947939051065276e-06
2011-01-24,56.45000076293945,49.397193908691406,0.013828480492506179,0.0015000000596046448,5.947939051065276e-06
2011-01-25,56.529998779296875,49.46720886230469,0.0014173872658171938,0.0015000000596046448,5.947939051065276e-06
2011-01-26,56.83000183105469,49.7297248840332,0.005306869495290245,0.001550000011920929,6.146050639976863e-06
2011-01-27,57.18000030517578,50.036006927490234,0.006158932995733668,0.0014000000059604645,5.551685726690181e-06
2011-01-28,55.72999954223633,48.76714324951172,-0.025359011557762656,0.0013500000536441803,5.3535445796448755e-06
2011-01-31,56.0,49.00343322753906,0.004845270038033478,0.0014499999582767487,5.7498170200620535e-06
2011-02-01,57.04999923706055,49.9222526550293,0.018750103145301233,0.0015000000596046448,5.947939051065276e-06
2011-02-02,56.959999084472656,49.843475341796875,-0.0015779999708103176,0.0015000000596046448,5.947939051065276e-06
2011-02-03,57.060001373291016,49.93099594116211,0.0017559088479499607,0.0014499999582767487,5.7498170200620535e-06
2011-02-04,57.380001068115234,50.21101379394531,0.005608096684335484,0.0014499999582767487,5.7498170200620535e-06
2011-02-07,57.650001525878906,50.44728088378906,0.004705483358956597,0.0014000000059604645,5.551685726690181e-06
2011-02-08,58.029998779296875,50.77980422973633,0.0065915018633664335,0.0014499999582767487,5.7498170200620535e-06
2011-02-09,57.93000030517578,50.69230270385742,-0.0017231560303587745,0.0012999999523162842,5.15539298739931e-06
2011-02-10,58.02000045776367,50.77105712890625,0.00155357758176633,0.0010999999940395355,4.362689823400601e-06
2011-02-11,58.439998626708984,51.13858413696289,0.007238907929836946,0.0010999999940395355,4.362689823400601e-06
2011-02-14,58.58000183105469,51.2610969543457,0.0023957021777272214,0.0010999999940395355,4.362689823400601e-06
2011-02-15,58.5,51.19108963012695,-0.001365700860461505,0.00125,4.957232130120559e-06
2011-02-16,58.880001068115234,51.523616790771484,0.006495801574984084,0.0010999999940395355,4.362689823400601e-06
2011-02-17,58.86000061035156,51.506099700927734,-0.0003399817585570952,0.0009000000357627869,3.569828905813921e-06
2011-02-18,58.72999954223633,51.39236068725586,-0.0022082629888946492,0.0009000000357627869,3.569828905813921e-06
2011-02-22,57.029998779296875,49.904754638671875,-0.02894605401835293,0.0010000000149011613,3.9662790878303156e-06
2011-02-23,56.560001373291016,49.49345397949219,-0.008241712882021912,0.0011500000208616258,4.560880549009383e-06
2011-02-24,56.86000061035156,49.755977630615234,0.00530420954722266,0.0011999999731779098,4.7590611207404265e-06
2011-02-25,57.650001525878906,50.44728088378906,0.013893873381526367,0.00125,4.957232130120559e-06
2011-02-28,57.77000045776367,50.55229568481445,0.0020816741593527865,0.0013500000536441803,5.3535445796448755e-06
2011-03-01,56.84000015258789,49.738468170166016,-0.01609872516418487,0.0012999999523162842,5.15539298739931e-06
2011-03-02,57.13999938964844,50.00099563598633,0.005278157439874365,0.0011999999731779098,4.7590611207404265e-06
2011-03-03,58.27000045776367,50.98981857299805,0.01977606494499584,0.00125,4.957232130120559e-06
2011-03-04,57.970001220703125,50.7273063659668,-0.005148325967377798,0.0010999999940395355,4.362689823400601e-06
2011-03-07,57.189998626708984,50.04475021362305,-0.013455399098456389,0.0010000000149011613,3.9662790878303156e-06
2011-03-08,57.41999816894531,50.24602127075195,0.004021821595067365,0.0010499999672174453,4.164489238123181e-06
2011-03-09,57.029998779296875,49.904754638671875,-0.006791913537614325,0.000949999988079071,3.768058780329042e-06
2011-03-10,56.13999938964844,49.125911712646484,-0.015606587622051027,0.0006499999761581421,2.578530378549715e-06
2011-03-11,56.4900016784668,49.43219757080078,0.00623471091887029,0.0007000000029802323,2.7768098762592786e-06
2011-03-14,56.290000915527344,49.2572021484375,-0.0035401101096635967,0.0007500000298023224,2.9750795063065993e-06
2011-03-15,55.4900016784668,48.5571403503418,-0.014212374385091042,0.000949999988079071,3.768058780329042e-06
2011-03-16,54.150001525878906,47.38456344604492,-0.024148392920931627,0.0008500000089406968,3.3715888723140353e-06
2011-03-17,54.650001525878906,47.82210159301758,0.009233769716394447,0.0007000000029802323,2.7768098762592786e-06
2011-03-18,54.45000076293945,47.71431350708008,-0.0022539387092356256,0.0006499999761581421,2.578530378549715e-06
2011-03-21,55.5,48.63442611694336,0.019283785980212187,0.0007000000029802323,2.7768098762592786e-06
2011-03-22,55.400001525878906,48.54680252075195,-0.0018016784238537031,0.0009000000357627869,3.569828905813921e-06
2011-03-23,55.709999084472656,48.818450927734375,0.005595598327331697,0.0008500000089406968,3.3715888723140353e-06
2011-03-24,56.70000076293945,49.685997009277344,0.017770864602549397,0.0007999999821186065,3.173338974260531e-06
2011-03-25,56.84000015258789,49.80865478515625,0.0024686588427722533,0.0007999999821186065,3.173338974260531e-06
2011-03-28,56.529998779296875,49.53700637817383,-0.005453839461317389,0.0007999999821186065,3.173338974260531e-06
2011-03-29,57.08000183105469,50.01897048950195,0.009729374997930362,0.000949999988079071,3.768058780329042e-06
2011-03-30,57.349998474121094,50.255584716796875,0.0047304897517750355,0.000949999988079071,3.768058780329042e-06
2011-03-31,57.43000030517578,50.32568359375,0.0013948475049718745,0.0009000000357627869,3.569828905813921e-06
2011-04-01,57.459999084472656,50.35196304321289,0.0005221876303762585,0.0005499999970197678,2.1819420727986483e-06
2011-04-04,57.27000045776367,50.185455322265625,-0.0033068764529471384,0.00035000000149011613,1.3886468601675972e-06
2011-04-05,57.119998931884766,50.05402374267578,-0.0026189177471013236,0.0006499999761581421,2.578530378549715e-06
2011-04-06,57.2599983215332,50.17671585083008,0.0024511937099211956,0.0005000000074505806,1.9836331146549924e-06
2011-04-07,57.220001220703125,50.141639709472656,-0.000699052155220703,0.00035000000149011613,1.3886468601675972e-06
2011-04-08,56.95000076293945,49.90506362915039,-0.004718156041426225,0.00035000000149011613,1.3886468601675972e-06
2011-04-11,56.7599983215332,49.738555908203125,-0.003336489503041218,0.00035000000149011613,1.3886468601675972e-06
2011-04-12,56.369998931884766,49.396793365478516,-0.006871179439856712,0.00045000001788139346,1.7853142850743353e-06
2011-04-13,56.849998474121094,49.817420959472656,0.008515281364156246,0.0005000000074505806,1.9836331146549924e-06
2011-04-14,56.75,49.729793548583984,-0.0017589712434121774,0.0006499999761581421,2.578530378549715e-06
2011-04-15,56.650001525878906,49.642181396484375,-0.0017617638411069336,0.0005999999865889549,2.3802411603934814e-06
2011-04-18,56.25,49.29163360595703,-0.007061490463675879,0.0005499999970197678,2.1819420727986483e-06
2011-04-19,56.599998474121094,49.59834289550781,0.006222339717986358,0.0005499999970197678,2.1819420727986483e-06
2011-04-20,57.880001068115234,50.72000503540039,0.02261491159605189,0.0005499999970197678,2.1819420727986483e-06
2011-04-21,58.34000015258789,51.123104095458984,0.00794753588406083,0.00045000001788139346,1.7853142850743353e-06
2011-04-25,58.4900016784668,51.25455093383789,0.0025711826522401005,0.00045000001788139346,1.7853142850743353e-06
2011-04-26,58.81999969482422,51.54372787475586,0.005641975895784412,0.0005499999970197678,2.1819420727986483e-06
2011-04-27,59.220001220703125,51.89424514770508,0.0068003865339527625,0.0005000000074505806,1.9836331146549924e-06
2011-04-28,59.130001068115234,51.81538391113281,-0.0015196528314036506,0.00035000000149011613,1.3886468601675972e-06
2011-04-29,59.08000183105469,51.77155685424805,-0.0008458309786902873,0.00039999999105930326,1.5869854355088364e-06
2011-05-02,58.970001220703125,51.675167083740234,-0.0018618287021805457,0.00029999999329447744,1.1902983365619235e-06
2011-05-03,58.689998626708984,51.42980194091797,-0.004748221566940436,0.0002500000037252903,9.919400114632992e-07
2011-05-04,58.599998474121094,51.35094451904297,-0.0015333020719308088,0.00019999999552965163,7.935717363238837e-07
2011-05-05,58.279998779296875,51.070526123046875,-0.00546082255394742,9.999999776482581e-05,3.968056268011111e-07
2011-05-06,58.470001220703125,51.237022399902344,0.003260124566845546,4.999999888241291e-05,1.9840775355994822e-07
2011-05-09,58.689998626708984,51.42980194091797,0.0037625047667873,4.999999888241291e-05,1.9840775355994822e-07
2011-05-10,59.189998626708984,51.867942810058594,0.008519201953061328,0.0002500000037252903,9.919400114632992e-07
2011-05-11,58.7599983215332,51.491146087646484,-0.00726453955947215,0.00019999999552965163,7.935717363238837e-07
2011-05-12,59.11000061035156,51.7978515625,0.0059564701537513365,0.00019999999552965163,7.935717363238837e-07
2011-05-13,58.40999984741211,51.1844367980957,-0.011842475042891376,0.00019999999552965163,7.935717363238837e-07
2011-05-16,57.400001525878906,50.299381256103516,-0.017291497129946265,0.00019999999552965163,7.935717363238837e-07
2011-05-17,57.560001373291016,50.43959045410156,0.0027874934938894036,0.00035000000149011613,1.3886468601675972e-06
2011-05-18,58.040000915527344,50.860225677490234,0.008339386176646979,0.00039999999105930326,1.5869854355088364e-06
2011-05-19,58.209999084472656,51.00918197631836,0.0029287384561105245,0.00039999999105930326,1.5869854355088364e-06
2011-05-20,57.77000045776367,50.62362289428711,-0.007558621155898004,0.00039999999105930326,1.5869854355088364e-06
2011-05-23,56.91999816894531,49.8787727355957,-0.014713489792044565,0.00045000001788139346,1.7853142850743353e-06
2011-05-24,56.56999969482422,49.572052001953125,-0.006149323987350019,0.0005000000074505806,1.9836331146549924e-06
2011-05-25,56.790000915527344,49.76485061645508,0.003889260313338694,0.00045000001788139346,1.7853142850743353e-06
2011-05-26,57.13999938964844,50.071556091308594,0.006163094454303408,0.00045000001788139346,1.7853142850743353e-06
2011-05-27,57.43000030517578,50.32568359375,0.005075286695264358,0.00035000000149011613,1.3886468601675972e-06
2011-05-31,58.36000061035156,51.14063262939453,0.01619350155723942,0.00039999999105930326,1.5869854355088364e-06
2011-06-01,57.09000015258789,50.02772521972656,-0.021761705955672728,0.00039999999105930326,1.5869854355088364e-06
2011-06-02,57.209999084472656,50.132896423339844,0.0021022583607661627,0.00035000000149011613,1.3886468601675972e-06
2011-06-03,56.349998474121094,49.379268646240234,-0.015032599966610993,0.00029999999329447744,1.1902983365619235e-06
2011-06-06,55.88999938964844,48.976173400878906,-0.00816324859424622,0.00029999999329447744,1.1902983365619235e-06
2011-06-07,55.790000915527344,48.888553619384766,-0.001789028733971465,0.00039999999105930326,1.5869854355088364e-06
2011-06-08,55.38999938964844,48.53803253173828,-0.007169798688981821,0.00035000000149011613,1.3886468601675972e-06
2011-06-09,55.4900016784668,48.625648498535156,0.0018050992639551122,0.00039999999105930326,1.5869854355088364e-06
2011-06-10,54.63999938964844,47.88081741333008,-0.015317658647318932,0.00035000000149011613,1.3886468601675972e-06
2011-06-13,54.63999938964844,47.88081741333008,0.0,0.00039999999105930326,1.5869854355088364e-06
2011-06-14,55.34000015258789,48.49421691894531,0.012810965617401138,0.0005000000074505806,1.9836331146549924e-06
2011-06-15,54.290000915527344,47.5741081237793,-0.018973577750598825,0.00045000001788139346,1.7853142850743353e-06
2011-06-16,54.08000183105469,47.39008331298828,-0.0038681715338144684,0.00035000000149011613,1.3886468601675972e-06
2011-06-17,53.790000915527344,47.24166488647461,-0.003131845654995802,0.0002500000037252903,9.919400114632992e-07
2011-06-20,54.06999969482422,47.487579345703125,0.005205457085804888,0.00014999999664723872,5.95193620611667e-07
2011-06-21,55.22999954223633,48.50634002685547,0.021453203030963097,0.00019999999552965163,7.935717363238837e-07
2011-06-22,54.83000183105469,48.1550407409668,-0.007242337510811492,9.999999776482581e-05,3.968056268011111e-07
2011-06-23,55.34000015258789,48.602962493896484,0.009301658684895076,4.999999888241291e-05,1.9840775355994822e-07
2011-06-24,54.380001068115234,47.75983428955078,-0.01734725953076588,9.999999776482581e-05,3.968056268011111e-07
2011-06-27,55.25,48.52389907836914,0.01599806197371012,0.00014999999664723872,5.95193620611667e-07
2011-06-28,56.06999969482422,49.24409103393555,0.014842005058234298,0.0002500000037252903,9.919400114632992e-07
2011-06-29,56.29999923706055,49.44607925415039,0.004101775786167883,0.00019999999552965163,7.935717363238837e-07
2011-06-30,57.04999923706055,50.104793548583984,0.013321871104235328,0.00014999999664723872,5.95193620611667e-07
2011-07-01,57.90999984741211,50.860107421875,0.015074682875574119,9.999999776482581e-05,3.968056268011111e-07
2011-07-05,58.20000076293945,51.11479949951172,0.005007698381839676,9.999999776482581e-05,3.968056268011111e-07
2011-07-06,58.38999938964844,51.281646728515625,0.0032641667508741534,4.999999888241291e-05,1.9840775355994822e-07
2011-07-07,59.189998626708984,51.9842529296875,0.013700929006657425,0.00019999999552965163,7.935717363238837e-07
2011-07-08,59.029998779296875,51.843727111816406,-0.002703238191403168,0.00019999999552965163,7.935717363238837e-07
2011-07-11,57.959999084472656,50.90401077270508,-0.01812594100506215,0.00014999999664723872,5.95193620611667e-07
2011-07-12,57.52000045776367,50.51756286621094,-0.007591698583824691,0.00029999999329447744,1.1902983365619235e-06
2011-07-13,57.7599983215332,50.72835159301758,0.0041725830552215015,4.999999888241291e-05,1.9840775355994822e-07
2011-07-14,57.09000015258789,50.139923095703125,-0.011599598229315333,4.999999888241291e-05,1.9840775355994822e-07
2011-07-15,57.849998474121094,50.80739974975586,0.013312279174794606,4.999999888241291e-05,1.9840775355994822e-07
2011-07-18,57.540000915527344,50.535133361816406,-0.005358793980413501,4.999999888241291e-05,1.9840775355994822e-07
2011-07-19,58.849998474121094,51.68566131591797,0.022766892606459033,0.0002500000037252903,9.919400114632992e-07
2011-07-20,58.599998474121094,51.466094970703125,-0.0042481094296692445,0.00019999999552965163,7.935717363238837e-07
2011-07-21,58.9900016784668,51.808616638183594,0.006655287673864585,0.00035000000149011613,1.3886468601675972e-06
2011-07-22,59.599998474121094,52.344337463378906,0.010340380808401717,0.00029999999329447744,1.1902983365619235e-06
2011-07-25,59.47999954223633,52.23895263671875,-0.002013299465942864,0.00035000000149011613,1.3886468601675972e-06
2011-07-26,59.630001068115234,52.370704650878906,0.0025221029042521437,0.0006499999761581421,2.578530378549715e-06
2011-07-27,58.09000015258789,51.018165588378906,-0.025826252893034196,0.0007000000029802323,2.7768098762592786e-06
2011-07-28,58.189998626708984,51.10600662231445,0.00172175994417878,0.0006499999761581421,2.578530378549715e-06
2011-07-29,58.0,50.93913650512695,-0.003265176213448018,0.0009000000357627869,3.569828905813921e-06
2011-08-01,57.72999954223633,50.7020149230957,-0.004654998068280625,0.0007500000298023224,2.9750795063065993e-06
2011-08-02,56.27000045776367,49.41972732543945,-0.02529066348943354,0.0005000000074505806,1.9836331146549924e-06
2011-08-03,56.810001373291016,49.894020080566406,0.009597235371284762,9.999999776482581e-05,3.968056268011111e-07
2011-08-04,54.16999816894531,47.57539367675781,-0.046471027992224134,9.999999776482581e-05,3.968056268011111e-07
2011-08-05,53.83000183105469,47.276790618896484,-0.006276418013272389,9.999999776482581e-05,3.968056268011111e-07
2011-08-08,50.59000015258789,44.431209564208984,-0.06018981020996217,0.00014999999664723872,5.95193620611667e-07
2011-08-09,53.029998779296875,46.57417678833008,0.04823112503890359,0.00029999999329447744,1.1902983365619235e-06
2011-08-10,50.86000061035156,44.66835021972656,-0.04092024164517394,0.00014999999664723872,5.95193620611667e-07
2011-08-11,53.099998474121094,46.63564682006836,0.044042293719479986,9.999999776482581e-05,3.968056268011111e-07
2011-08-12,53.56999969482422,47.04844665527344,0.008851594506617655,4.999999888241291e-05,1.9840775355994822e-07
2011-08-15,54.36000061035156,47.742252349853516,0.014746622766605544,4.999999888241291e-05,1.9840775355994822e-07
2011-08-16,53.900001525878906,47.33827209472656,-0.008461692426377398,0.00019999999552965163,7.935717363238837e-07
2011-08-17,53.58000183105469,47.05722427368164,-0.0059370105542198015,4.999999888241291e-05,1.9840775355994822e-07
2011-08-18,50.95000076293945,44.74738693237305,-0.049085711640676766,9.999999776482581e-05,3.968056268011111e-07
2011-08-19,50.029998779296875,43.939388275146484,-0.01805689030395663,9.999999776482581e-05,3.968056268011111e-07
2011-08-22,50.209999084472656,44.097476959228516,0.0035978808601542234,4.999999888241291e-05,1.9840775355994822e-07
2011-08-23,52.279998779296875,45.91548156738281,0.04122695295776624,4.999999888241291e-05,1.9840775355994822e-07
2011-08-24,52.689998626708984,46.27558517456055,0.007842749218458511,9.999999776482581e-05,3.968056268011111e-07
2011-08-25,51.83000183105469,45.5202751159668,-0.016321999078878657,9.999999776482581e-05,3.968056268011111e-07
2011-08-26,53.130001068115234,46.662010192871094,0.025081901943598384,9.999999776482581e-05,3.968056268011111e-07
2011-08-29,54.61000061035156,47.96183776855469,0.027856227588801463,4.999999888241291e-05,1.9840775355994822e-07
2011-08-30,54.970001220703125,48.27800750732422,0.006592110592076317,0.00014999999664723872,5.95193620611667e-07
2011-08-31,55.060001373291016,48.357059478759766,0.0016374323530969903,0.00014999999664723872,5.95193620611667e-07
2011-09-01,54.560001373291016,47.91792297363281,-0.009081125069646534,9.999999776482581e-05,3.968056268011111e-07
2011-09-02,53.279998779296875,46.793758392333984,-0.023460210951075866,0.00014999999664723872,5.95193620611667e-07
2011-09-06,53.290000915527344,46.80253601074219,0.00018758096613247233,0.00014999999664723872,5.95193620611667e-07
2011-09-07,54.63999938964844,47.98818588256836,0.025333026217939203,0.00014999999664723872,5.95193620611667e-07
2011-09-08,54.38999938964844,47.76862335205078,-0.004575345503888606,9.999999776482581e-05,3.968056268011111e-07
2011-09-09,53.18000030517578,46.7059211730957,-0.022246866339920457,4.999999888241291e-05,1.9840775355994822e-07
2011-09-12,53.86000061035156,47.303131103515625,0.012786599973194424,4.999999888241291e-05,1.9840775355994822e-07
2011-09-13,54.58000183105469,47.93549346923828,0.013368298270548529,4.999999888241291e-05,1.9840775355994822e-07
2011-09-14,55.36000061035156,48.62053298950195,0.014290861962301227,4.999999888241291e-05,1.9840775355994822e-07
2011-09-15,56.18000030517578,49.34070587158203,0.014812114096642626,4.999999888241291e-05,1.9840775355994822e-07
2011-09-16,56.59000015258789,49.79296875,0.009166120962984747,4.999999888241291e-05,1.9840775355994822e-07
2011-09-19,56.61000061035156,49.8105583190918,0.00035325407448816293,4.999999888241291e-05,1.9840775355994822e-07
2011-09-20,56.36000061035156,49.59058380126953,-0.004416222689436311,4.999999888241291e-05,1.9840775355994822e-07
2011-09-21,55.380001068115234,48.72830581665039,-0.01738793776001213,4.999999888241291e-05,1.9840775355994822e-07
2011-09-22,53.58000183105469,47.14449691772461,-0.03250285172821654,4.999999888241291e-05,1.9840775355994822e-07
2011-09-23,54.150001525878906,47.64603805541992,0.010638381369740602,4.999999888241291e-05,1.9840775355994822e-07
2011-09-26,54.779998779296875,48.20036315917969,0.011634232905472608,4.999999888241291e-05,1.9840775355994822e-07
2011-09-27,55.349998474121094,48.7018928527832,0.010405101968780528,9.999999776482581e-05,3.968056268011111e-07
2011-09-28,54.529998779296875,47.98039627075195,-0.014814549081535677,9.999999776482581e-05,3.968056268011111e-07
2011-09-29,53.880001068115234,47.40846633911133,-0.011920075199321811,9.999999776482581e-05,3.968056268011111e-07
2011-09-30,52.4900016784668,46.18541717529297,-0.025798117050864433,9.999999776482581e-05,3.968056268011111e-07
2011-10-03,51.13999938964844,44.997581481933594,-0.025718847333370265,0.00019999999552965163,7.935717363238837e-07
2011-10-04,52.189998626708984,45.921443939208984,0.020531380284211975,4.999999888241291e-05,1.9840775355994822e-07
2011-10-05,53.529998779296875,47.10050964355469,0.0256757105875538,4.999999888241291e-05,1.9840775355994822e-07
2011-10-06,54.43000030517578,47.892417907714844,0.016813157015775904,4.999999888241291e-05,1.9840775355994822e-07
2011-10-07,54.06999969482422,47.575653076171875,-0.006614091444565373,4.999999888241291e-05,1.9840775355994822e-07
2011-10-10,55.939998626708984,49.221031188964844,0.03458445667910448,4.999999888241291e-05,1.9840775355994822e-07
2011-10-11,56.31999969482422,49.55540084838867,0.006793227434430449,4.999999888241291e-05,1.9840775355994822e-07
2011-10-12,56.599998474121094,49.8017578125,0.004971344392209476,0.00014999999664723872,5.95193620611667e-07
2011-10-13,57.119998931884766,50.259307861328125,0.009187427691824901,0.00014999999664723872,5.95193620611667e-07
2011-10-14,58.18000030517578,51.19198989868164,0.01855739915732424,0.00014999999664723872,5.95193620611667e-07
2011-10-17,57.279998779296875,50.400089263916016,-0.015469229391804062,0.00019999999552965163,7.935717363238837e-07
2011-10-18,57.9900016784668,51.02481460571289,0.012395322129799213,0.0002500000037252903,9.919400114632992e-07
2011-10-19,56.869998931884766,50.03932571411133,-0.019313914204623583,0.00019999999552965163,7.935717363238837e-07
2011-10-20,56.59000015258789,49.79296875,-0.004923267062366787,0.00014999999664723872,5.95193620611667e-07
2011-10-21,57.29999923706055,50.41768264770508,0.012546227176002178,0.00014999999664723872,5.95193620611667e-07
2011-10-24,58.4900016784668,51.464759826660156,0.02076805445961405,4.999999888241291e-05,1.9840775355994822e-07
2011-10-25,57.34000015258789,50.452884674072266,-0.019661515102684102,0.00014999999664723872,5.95193620611667e-07
2011-10-26,57.27000045776367,50.39128112792969,-0.0012210113760697805,0.00014999999664723872,5.95193620611667e-07
2011-10-27,58.849998474121094,51.781517028808594,0.02758881833842408,9.999999776482581e-05,3.968056268011111e-07
2011-10-28,58.939998626708984,51.86071014404297,0.0015293703193421937,9.999999776482581e-05,3.968056268011111e-07
2011-10-31,57.95000076293945,50.9896125793457,-0.016796869195924935,4.999999888241291e-05,1.9840775355994822e-07
2011-11-01,56.439998626708984,49.66098403930664,-0.026056847126884164,4.999999888241291e-05,1.9840775355994822e-07
2011-11-02,56.91999816894531,50.08333206176758,0.008504624518246517,4.999999888241291e-05,1.9840775355994822e-07
2011-11-03,58.099998474121094,51.12159729003906,0.02073075383624623,4.999999888241291e-05,1.9840775355994822e-07
2011-11-04,57.79999923706055,50.85762405395508,-0.005163634355678015,4.999999888241291e-05,1.9840775355994822e-07
2011-11-07,58.209999084472656,51.218387603759766,0.0070935981874016285,4.999999888241291e-05,1.9840775355994822e-07
2011-11-08,58.880001068115234,51.80791473388672,0.011510068116312056,4.999999888241291e-05,1.9840775355994822e-07
2011-11-09,56.810001373291016,49.986549377441406,-0.035156121720027245,4.999999888241291e-05,1.9840775355994822e-07
2011-11-10,56.779998779296875,49.960140228271484,-0.000528325109431127,4.999999888241291e-05,1.9840775355994822e-07
2011-11-11,57.849998474121094,50.90162658691406,0.01884475012161424,4.999999888241291e-05,1.9840775355994822e-07
2011-11-14,57.4900016784668,50.58487319946289,-0.006222853937885797,4.999999888241291e-05,1.9840775355994822e-07
2011-11-15,58.130001068115234,51.14799499511719,0.011132217203230654,9.999999776482581e-05,3.968056268011111e-07
2011-11-16,57.16999816894531,50.30329513549805,-0.016514818610187554,4.999999888241291e-05,1.9840775355994822e-07
2011-11-17,55.83000183105469,49.124244689941406,-0.023438831241188618,4.999999888241291e-05,1.9840775355994822e-07
2011-11-18,55.400001525878906,48.74589920043945,-0.007701807771090752,4.999999888241291e-05,1.9840775355994822e-07
2011-11-21,54.34000015258789,47.813228607177734,-0.019133313951736675,4.999999888241291e-05,1.9840775355994822e-07
2011-11-22,54.52000045776367,47.971595764160156,0.0033122037895312317,0.00014999999664723872,5.95193620611667e-07
2011-11-23,53.290000915527344,46.88932800292969,-0.022560595368791847,0.00014999999664723872,5.95193620611667e-07
2011-11-25,52.880001068115234,46.52858352661133,-0.007693530525662906,4.999999888241291e-05,1.9840775355994822e-07
2011-11-28,54.720001220703125,48.1475715637207,0.03479555822247238,9.999999776482581e-05,3.968056268011111e-07
2011-11-29,54.380001068115234,47.84840393066406,-0.006213556018307309,0.00014999999664723872,5.95193620611667e-07
2011-11-30,56.38999938964844,49.61698913574219,0.036962261220686354,0.00014999999664723872,5.95193620611667e-07
2011-12-01,56.779998779296875,49.960140228271484,0.006915999912661119,0.00014999999664723872,5.95193620611667e-07
2011-12-02,56.619998931884766,49.81935119628906,-0.002818027158033365,0.00014999999664723872,5.95193620611667e-07
2011-12-05,57.2400016784668,50.364891052246094,0.010950360509666135,0.00014999999664723872,5.95193620611667e-07
2011-12-06,57.08000183105469,50.2241096496582,-0.0027952289709483047,4.999999888241291e-05,1.9840775355994822e-07
2011-12-07,57.08000183105469,50.2241096496582,0.0,4.999999888241291e-05,1.9840775355994822e-07
2011-12-08,56.119998931884766,49.37942123413086,-0.016818385062861818,4.999999888241291e-05,1.9840775355994822e-07
2011-12-09,57.02000045776367,50.17131805419922,0.016036980593871375,4.999999888241291e-05,1.9840775355994822e-07
2011-12-12,56.380001068115234,49.60818862915039,-0.011224130576766744,4.999999888241291e-05,1.9840775355994822e-07
2011-12-13,55.7599983215332,49.06267547607422,-0.010996433616115131,4.999999888241291e-05,1.9840775355994822e-07
2011-12-14,54.88999938964844,48.29715347290039,-0.01560294043783117,4.999999888241291e-05,1.9840775355994822e-07
2011-12-15,54.7400016784668,48.165164947509766,-0.002732842743303321,4.999999888241291e-05,1.9840775355994822e-07
2011-12-16,54.86000061035156,48.41316604614258,0.005148972268715024,4.999999888241291e-05,1.9840775355994822e-07
2011-12-19,54.31999969482422,47.93660354614258,-0.009843654917048528,4.999999888241291e-05,1.9840775355994822e-07
2011-12-20,55.93000030517578,49.357391357421875,0.029638891915062082,4.999999888241291e-05,1.9840775355994822e-07
2011-12-21,55.130001068115234,48.65142059326172,-0.014303243035027169,4.999999888241291e-05,1.9840775355994822e-07
2011-12-22,55.599998474121094,49.06618881225586,0.008525305406017036,4.999999888241291e-05,1.9840775355994822e-07
2011-12-23,56.08000183105469,49.489784240722656,0.008633143081228978,4.999999888241291e-05,1.9840775355994822e-07
2011-12-27,56.2400016784668,49.67439651489258,0.003730310750031718,4.999999888241291e-05,1.9840775355994822e-07
2011-12-28,55.59000015258789,49.100276947021484,-0.011557655616389217,4.999999888241291e-05,1.9840775355994822e-07
2011-12-29,55.9900016784668,49.45357131958008,0.007195364151200145,4.999999888241291e-05,1.9840775355994822e-07
2011-12-30,55.83000183105469,49.3122444152832,-0.002857769429503665,4.999999888241291e-05,1.9840775355994822e-07
2012-01-03,56.900001525878906,50.25733184814453,0.019165370468686715,4.999999888241291e-05,1.9840775355994822e-07
2012-01-04,57.13999938964844,50.46931076049805,0.004217870399368273,9.999999776482581e-05,3.968056268011111e-07
2012-01-05,57.61000061035156,50.88444137573242,0.00822540686565687,9.999999776482581e-05,3.968056268011111e-07
2012-01-06,57.810001373291016,51.06109619140625,0.003471686254141959,0.00014999999664723872,5.95193620611667e-07
2012-01-09,57.619998931884766,50.893280029296875,-0.0032865757813013152,4.999999888241291e-05,1.9840775355994822e-07
2012-01-10,58.040000915527344,51.26424789428711,0.007289132568714107,9.999999776482581e-05,3.968056268011111e-07
2012-01-11,58.15999984741211,51.370243072509766,0.0020676237841474876,0.00014999999664723872,5.95193620611667e-07
2012-01-12,58.38999938964844,51.57337188720703,0.003954211670957886,0.00019999999552965163,7.935717363238837e-07
2012-01-13,58.18000030517578,51.38789749145508,-0.003596320910674411,0.00019999999552965163,7.935717363238837e-07
2012-01-17,58.709999084472656,51.856021881103516,0.009109623325731064,0.00019999999552965163,7.935717363238837e-07
2012-01-18,59.4900016784668,52.54497146606445,0.013285816380989912,0.0002500000037252903,9.919400114632992e-07
2012-01-19,59.86000061035156,52.87176513671875,0.006219313885541977,0.00039999999105930326,1.5869854355088364e-06
2012-01-20,59.77000045776367,52.79227066040039,-0.0015035336178543801,0.00039999999105930326,1.5869854355088364e-06
2012-01-23,59.790000915527344,52.809940338134766,0.0003347019840846954,0.00035000000149011613,1.3886468601675972e-06
2012-01-24,59.68000030517578,52.7127799987793,-0.001839811572089678,0.00035000000149011613,1.3886468601675972e-06
2012-01-25,60.43000030517578,53.375221252441406,0.012566995208324272,0.00035000000149011613,1.3886468601675972e-06
2012-01-26,60.220001220703125,53.189735412597656,-0.003475130135133009,0.00045000001788139346,1.7853142850743353e-06
2012-01-27,60.400001525878906,53.34873962402344,0.0029893777472733696,0.0005000000074505806,1.9836331146549924e-06
2012-01-30,60.45000076293945,53.39288330078125,0.0008274549140039333,0.00045000001788139346,1.7853142850743353e-06
2012-01-31,60.529998779296875,53.46354293823242,0.0013233905547509472,0.0005499999970197678,2.1819420727986483e-06
2012-02-01,61.02000045776367,53.896358489990234,0.00809552693239679,0.0005499999970197678,2.1819420727986483e-06
2012-02-02,61.209999084472656,54.06417465209961,0.0031136827572597614,0.0007500000298023224,2.9750795063065993e-06
2012-02-03,62.04999923706055,54.80611038208008,0.01372324158751681,0.0007000000029802323,2.7768098762592786e-06
2012-02-06,62.0,54.76194381713867,-0.0008058693571483255,0.0006499999761581421,2.578530378549715e-06
2012-02-07,62.130001068115234,54.87678909301758,0.0020971731073389233,0.0007999999821186065,3.173338974260531e-06
2012-02-08,62.459999084472656,55.16823959350586,0.005310997696936326,0.0007500000298023224,2.9750795063065993e-06
2012-02-09,62.90999984741211,55.56570053100586,0.007204524567551829,0.0008500000089406968,3.3715888723140353e-06
2012-02-10,62.470001220703125,55.17707443237305,-0.006993992605491495,0.0007999999821186065,3.173338974260531e-06
2012-02-13,63.04999923706055,55.689369201660156,0.009284558388737985,0.000949999988079071,3.768058780329042e-06
2012-02-14,63.209999084472656,55.8306884765625,0.002537634685546575,0.0010999999940395355,4.362689823400601e-06
2012-02-15,62.77000045776367,55.44205093383789,-0.006961002153640927,0.0010499999672174453,4.164489238123181e-06
2012-02-16,63.630001068115234,56.201656341552734,0.01370088939569225,0.000949999988079071,3.768058780329042e-06
2012-02-17,63.43000030517578,56.02499008178711,-0.0031434351096696345,0.0007500000298023224,2.9750795063065993e-06
2012-02-21,63.61000061035156,56.183990478515625,0.0028380263253309224,0.0007000000029802323,2.7768098762592786e-06
2012-02-22,63.31999969482422,55.92784881591797,-0.004558979531644414,0.0007999999821186065,3.173338974260531e-06
2012-02-23,63.7400016784668,56.29880905151367,0.006632835759814215,0.0008500000089406968,3.3715888723140353e-06
2012-02-24,63.959999084472656,56.49312973022461,0.003451594838056682,0.0009000000357627869,3.569828905813921e-06
2012-02-27,64.05000305175781,56.57262420654297,0.0014071529883008527,0.0010000000149011613,3.9662790878303156e-06
2012-02-28,64.69999694824219,57.146732330322266,0.010148161444363257,0.000949999988079071,3.768058780329042e-06
2012-02-29,64.41000366210938,56.89059066772461,-0.00448217513325333,0.0007500000298023224,2.9750795063065993e-06
2012-03-01,64.91999816894531,57.34105682373047,0.007918113535450022,0.0007000000029802323,2.7768098762592786e-06
2012-03-02,64.87000274658203,57.2968864440918,-0.0007703098283391441,0.0005999999865889549,2.3802411603934814e-06
2012-03-05,64.19999694824219,56.70511245727539,-0.01032820496090725,0.0005999999865889549,2.3802411603934814e-06
2012-03-06,63.56999969482422,56.14866638183594,-0.009812978959502283,0.0007000000029802323,2.7768098762592786e-06
2012-03-07,64.05999755859375,56.58144760131836,0.007707773797142714,0.0007500000298023224,2.9750795063065993e-06
2012-03-08,64.75,57.19089889526367,0.01077122130631225,0.0007500000298023224,2.9750795063065993e-06
2012-03-09,65.0199966430664,57.42937088012695,0.00416975409496545,0.0007999999821186065,3.173338974260531e-06
2012-03-12,65.05000305175781,57.455875396728516,0.00046151500870328377,0.0007500000298023224,2.9750795063065993e-06
2012-03-13,66.26000213623047,58.52462387084961,0.018601204258771986,0.0007999999821186065,3.173338974260531e-06
2012-03-14,66.48999786376953,58.72776412963867,0.0034710220306131134,0.0007999999821186065,3.173338974260531e-06
2012-03-15,66.68000030517578,58.89558029174805,0.0028575268375437,0.0007500000298023224,2.9750795063065993e-06
2012-03-16,66.5199966430664,58.85401916503906,-0.0007056747977201017,0.0007999999821186065,3.173338974260531e-06
2012-03-19,66.98999786376953,59.26982498168945,0.00706503689211746,0.0007500000298023224,2.9750795063065993e-06
2012-03-20,67.11000061035156,59.37600326538086,0.0017914391298474719,0.000949999988079071,3.768058780329042e-06
2012-03-21,67.12000274658203,59.38486099243164,0.00014918025066790186,0.0008500000089406968,3.3715888723140353e-06
2012-03-22,66.9800033569336,59.26099395751953,-0.002085835225376642,0.0007000000029802323,2.7768098762592786e-06
2012-03-23,66.94000244140625,59.22559356689453,-0.0005973641051376655,0.0007000000029802323,2.7768098762592786e-06
2012-03-26,68.11000061035156,60.260780334472656,0.017478706505640984,0.0007000000029802323,2.7768098762592786e-06
2012-03-27,68.20999908447266,60.34925079345703,0.001468126673656256,0.0007999999821186065,3.173338974260531e-06
2012-03-28,67.94000244140625,60.110374450683594,-0.003958232117760363,0.0007500000298023224,2.9750795063065993e-06
2012-03-29,67.68000030517578,59.88030242919922,-0.0038274927346049203,0.0005499999970197678,2.1819420727986483e-06
2012-03-30,67.55000305175781,59.76530838012695,-0.0019203986019982189,0.0006499999761581421,2.578530378549715e-06
2012-04-02,68.25,60.384620666503906,0.010362404263656089,0.0005999999865889549,2.3802411603934814e-06
2012-04-03,68.2300033569336,60.36691665649414,-0.00029318740126793585,0.0007500000298023224,2.9750795063065993e-06
2012-04-04,67.30000305175781,59.54411315917969,-0.013630040142624034,0.0007000000029802323,2.7768098762592786e-06
2012-04-05,67.72000122070312,59.915706634521484,0.006240641696155791,0.0007000000029802323,2.7768098762592786e-06
2012-04-09,67.20999908447266,59.46449279785156,-0.007530810567290325,0.0007500000298023224,2.9750795063065993e-06
2012-04-10,66.12999725341797,58.508949279785156,-0.016069144343242914,0.0008500000089406968,3.3715888723140353e-06
2012-04-11,66.44999694824219,58.79206466674805,0.004838839022882624,0.0008500000089406968,3.3715888723140353e-06
2012-04-12,67.20999908447266,59.46449279785156,0.011437396099542418,0.0008500000089406968,3.3715888723140353e-06
2012-04-13,66.19000244140625,58.56202697753906,-0.015176549531506378,0.0007999999821186065,3.173338974260531e-06
2012-04-16,65.44999694824219,57.90730285644531,-0.0111800112613053,0.0007500000298023224,2.9750795063065993e-06
2012-04-17,66.77999877929688,59.084014892578125,0.02032061550250286,0.0007500000298023224,2.9750795063065993e-06
2012-04-18,66.61000061035156,58.93363571166992,-0.0025451753944211175,0.0006499999761581421,2.578530378549715e-06
2012-04-19,65.86000061035156,58.270076751708984,-0.01125942684424508,0.0006499999761581421,2.578530378549715e-06
2012-04-20,65.68000030517578,58.11079406738281,-0.0027335245327525515,0.0006499999761581421,2.578530378549715e-06
2012-04-23,65.08000183105469,57.5799446105957,-0.00913512653383397,0.0007000000029802323,2.7768098762592786e-06
2012-04-24,64.7300033569336,57.27027893066406,-0.005378012813764599,0.0007999999821186065,3.173338974260531e-06
2012-04-25,66.44999694824219,58.79206466674805,0.02657199798042509,0.0008500000089406968,3.3715888723140353e-06
2012-04-26,66.83999633789062,59.137115478515625,0.005869003133729622,0.0008500000089406968,3.3715888723140353e-06
2012-04-27,67.23999786376953,59.49102783203125,0.005984606294235029,0.0008500000089406968,3.3715888723140353e-06
2012-04-30,66.76000213623047,59.066341400146484,-0.007138663549129398,0.0009000000357627869,3.569828905813921e-06
2012-05-01,66.87000274658203,59.16367721557617,0.001647906627063378,0.0008500000089406968,3.3715888723140353e-06
2012-05-02,67.05999755859375,59.3317756652832,0.0028412441149410217,0.0007999999821186065,3.173338974260531e-06
2012-05-03,66.3499984741211,58.70359802246094,-0.010587541596025929,0.0007500000298023224,2.9750795063065993e-06
2012-05-04,64.69999694824219,57.243743896484375,-0.02486822230926966,0.0007000000029802323,2.7768098762592786e-06
2012-05-07,64.76000213623047,57.29683303833008,0.0009274226008295638,0.0007500000298023224,2.9750795063065993e-06
2012-05-08,64.5199966430664,57.084503173828125,-0.0037057870957704075,0.0009000000357627869,3.569828905813921e-06
2012-05-09,64.31999969482422,56.90754699707031,-0.0030998986926270566,0.0009000000357627869,3.569828905813921e-06
2012-05-10,64.19000244140625,56.79251480102539,-0.0020213873574772556,0.0009000000357627869,3.569828905813921e-06
2012-05-11,64.18000030517578,56.783668518066406,-0.00015576494525693096,0.0009000000357627869,3.569828905813921e-06
2012-05-14,63.58000183105469,56.2527961730957,-0.009349032192272011,0.0008500000089406968,3.3715888723140353e-06
2012-05-15,63.369998931884766,56.0670166015625,-0.0033025837677747027,0.0009000000357627869,3.569828905813921e-06
2012-05-16,62.939998626708984,55.686580657958984,-0.0067853787603335824,0.000949999988079071,3.768058780329042e-06
2012-05-17,61.61000061035156,54.509857177734375,-0.02113118576003692,0.0009000000357627869,3.569828905813921e-06
2012-05-18,60.810001373291016,53.80205154418945,-0.012984910806811634,0.0007500000298023224,2.9750795063065993e-06
2012-05-21,62.5099983215332,55.30612564086914,0.02795570156733418,0.0005999999865889549,2.3802411603934814e-06
2012-05-22,62.439998626708984,55.244205474853516,-0.001119589653010622,0.0008500000089406968,3.3715888723140353e-06
2012-05-23,62.560001373291016,55.35036087036133,0.0019215661551352792,0.0007999999821186065,3.173338974260531e-06
2012-05-24,62.150001525878906,54.98762130737305,-0.006553517579368062,0.0009000000357627869,3.569828905813921e-06
2012-05-25,62.06999969482422,54.916839599609375,-0.0012872298542977445,0.0007999999821186065,3.173338974260531e-06
2012-05-29,62.86000061035156,55.61580276489258,0.012727665509873587,0.0007500000298023224,2.9750795063065993e-06
2012-05-30,62.33000183105469,55.14687728881836,-0.008431515014833635,0.0006499999761581421,2.578530378549715e-06
2012-05-31,62.060001373291016,54.90799331665039,-0.004331776954783373,0.0005999999865889549,2.3802411603934814e-06
2012-06-01,60.40999984741211,53.44813919067383,-0.0265872787875836,0.0006499999761581421,2.578530378549715e-06
2012-06-04,60.869998931884766,53.85513687133789,0.0076148147873233984,0.0006499999761581421,2.578530378549715e-06
2012-06-05,61.119998931884766,54.076316833496094,0.004106942717212014,0.0007999999821186065,3.173338974260531e-06
2012-06-06,62.52000045776367,55.314971923828125,0.0229056852031162,0.0007999999821186065,3.173338974260531e-06
2012-06-07,62.27000045776367,55.09379196166992,-0.003998555083111643,0.0007999999821186065,3.173338974260531e-06
2012-06-08,62.869998931884766,55.6246452331543,0.009635446255972013,0.0007999999821186065,3.173338974260531e-06
2012-06-11,61.810001373291016,54.68680191040039,-0.01686021221030487,0.0007500000298023224,2.9750795063065993e-06
2012-06-12,62.560001373291016,55.35036087036133,0.012133804442397755,0.0009000000357627869,3.569828905813921e-06
2012-06-13,62.130001068115234,54.96994400024414,-0.006872888706329849,0.0009000000357627869,3.569828905813921e-06
2012-06-14,62.36000061035156,55.17340850830078,0.003701377393721561,0.000949999988079071,3.768058780329042e-06
2012-06-15,62.9900016784668,55.858909606933594,0.012424483409062548,0.0008500000089406968,3.3715888723140353e-06
2012-06-18,63.58000183105469,56.38208770751953,0.009366063610396713,0.0007500000298023224,2.9750795063065993e-06
2012-06-19,64.23999786376953,56.96738815307617,0.010380964404739235,0.0009000000357627869,3.569828905813921e-06
2012-06-20,64.29000091552734,57.011714935302734,0.0007781080309923194,0.0007999999821186065,3.173338974260531e-06
2012-06-21,62.689998626708984,55.59285354614258,-0.024887190128735637,0.0007500000298023224,2.9750795063065993e-06
2012-06-22,63.349998474121094,56.178138732910156,0.010528065199635561,0.0007500000298023224,2.9750795063065993e-06
2012-06-25,62.130001068115234,55.09627914428711,-0.019257661663847125,0.0007500000298023224,2.9750795063065993e-06
2012-06-26,62.52000045776367,55.44211196899414,0.00627688167110807,0.000949999988079071,3.768058780329042e-06
2012-06-27,62.900001525878906,55.779075622558594,0.006077756448976901,0.0007999999821186065,3.173338974260531e-06
2012-06-28,62.20000076293945,55.1583366394043,-0.011128527610508754,0.0007500000298023224,2.9750795063065993e-06
2012-06-29,64.16000366210938,56.89645004272461,0.031511345504908306,0.0007999999821186065,3.173338974260531e-06
2012-07-02,64.3499984741211,57.064945220947266,0.002961435697589776,0.0007000000029802323,2.7768098762592786e-06
2012-07-03,64.88999938964844,57.54380798339844,0.008391539860365782,0.0007500000298023224,2.9750795063065993e-06
2012-07-05,64.93000030517578,57.57926940917969,0.0006162509403528915,0.0007500000298023224,2.9750795063065993e-06
2012-07-06,64.12000274658203,56.860984802246094,-0.012474708593976702,0.0007000000029802323,2.7768098762592786e-06
2012-07-09,64.0,56.754554748535156,-0.0018717588884731295,0.0007000000029802323,2.7768098762592786e-06
2012-07-10,63.369998931884766,56.19587707519531,-0.009843750441091537,0.0009000000357627869,3.569828905813921e-06
2012-07-11,63.02000045776367,55.88550567626953,-0.005523027935136149,0.0009000000357627869,3.569828905813921e-06
2012-07-12,62.43000030517578,55.36228561401367,-0.00936235712506106,0.000949999988079071,3.768058780329042e-06
2012-07-13,63.380001068115234,56.204734802246094,0.015217023265729823,0.0009000000357627869,3.569828905813921e-06
2012-07-16,63.20000076293945,56.045127868652344,-0.0028397417789679524,0.0008500000089406968,3.3715888723140353e-06
2012-07-17,63.529998779296875,56.337764739990234,0.00522145068566382,0.000949999988079071,3.768058780329042e-06
2012-07-18,64.38999938964844,57.10041046142578,0.013537024852783963,0.0008500000089406968,3.3715888723140353e-06
2012-07-19,65.0999984741211,57.73004150390625,0.01102673408811694,0.0007999999821186065,3.173338974260531e-06
2012-07-20,64.23999786376953,56.96738815307617,-0.01321068426355576,0.0008500000089406968,3.3715888723140353e-06
2012-07-23,63.459999084472656,56.27568817138672,-0.012142034313224914,0.0009000000357627869,3.569828905813921e-06
2012-07-24,62.959999084472656,55.832298278808594,-0.007878888859213729,0.000949999988079071,3.768058780329042e-06
2012-07-25,62.540000915527344,55.45984649658203,-0.006670901856245637,0.000949999988079071,3.768058780329042e-06
2012-07-26,63.369998931884766,56.19587707519531,0.01327141391670894,0.0010000000149011613,3.9662790878303156e-06
2012-07-27,64.87000274658203,57.526058197021484,0.02367043973788796,0.0010000000149011613,3.9662790878303156e-06
2012-07-30,64.81999969482422,57.48172378540039,-0.0007706839823659051,0.0009000000357627869,3.569828905813921e-06
2012-07-31,64.80000305175781,57.46398162841797,-0.0003086573577483209,0.0010000000149011613,3.9662790878303156e-06
2012-08-01,64.61000061035156,57.29549789428711,-0.0029319885144808433,0.0009000000357627869,3.569828905813921e-06
2012-08-02,64.37999725341797,57.09153366088867,-0.0035598649264687587,0.0008500000089406968,3.3715888723140353e-06
2012-08-03,65.5999984741211,58.17340087890625,0.018949696192147147,0.0007500000298023224,2.9750795063065993e-06
2012-08-06,66.0999984741211,58.61681365966797,0.007622259899927819,0.0007500000298023224,2.9750795063065993e-06
2012-08-07,66.6500015258789,59.10454177856445,0.00832061806921569,0.0010000000149011613,3.9662790878303156e-06
2012-08-08,66.62000274658203,59.07796096801758,-0.00044972534676712694,0.0010499999672174453,4.164489238123181e-06
2012-08-09,66.81999969482422,59.25530242919922,0.003001820954478207,0.0010999999940395355,4.362689823400601e-06
2012-08-10,66.86000061035156,59.29079055786133,0.0005989021607730738,0.000949999988079071,3.768058780329042e-06
2012-08-13,67.0199966430664,59.432701110839844,0.00239346704004606,0.000949999988079071,3.768058780329042e-06
2012-08-14,67.05000305175781,59.459259033203125,0.000446857064661188,0.0010499999672174453,4.164489238123181e-06
2012-08-15,67.22000122070312,59.61003112792969,0.002535721049641282,0.0007999999821186065,3.173338974260531e-06
2012-08-16,68.0199966430664,60.31944274902344,0.011900876541588667,0.0007500000298023224,2.9750795063065993e-06
2012-08-17,68.31999969482422,60.58549499511719,0.004410721219702429,0.0007999999821186065,3.173338974260531e-06
2012-08-20,68.41999816894531,60.67416000366211,0.001463469243786264,0.0008500000089406968,3.3715888723140353e-06
2012-08-21,68.1500015258789,60.434730529785156,-0.0039461522642011415,0.0010499999672174453,4.164489238123181e-06
2012-08-22,68.43000030517578,60.68305206298828,0.004108920996689802,0.0010000000149011613,3.9662790878303156e-06
2012-08-23,67.87000274658203,60.186424255371094,-0.008183962255255306,0.000949999988079071,3.768058780329042e-06
2012-08-24,68.29000091552734,60.55889892578125,0.006188682498062148,0.0009000000357627869,3.569828905813921e-06
2012-08-27,68.4000015258789,60.65645217895508,0.0016108822139151435,0.000949999988079071,3.768058780329042e-06
2012-08-28,68.4000015258789,60.65645217895508,0.0,0.0010000000149011613,3.9662790878303156e-06
2012-08-29,68.4000015258789,60.65645217895508,0.0,0.000949999988079071,3.768058780329042e-06
2012-08-30,67.70999908447266,60.044551849365234,-0.010087967687008037,0.0009000000357627869,3.569828905813921e-06
2012-08-31,68.16000366210938,60.44362258911133,0.00664624395477631,0.0008500000089406968,3.3715888723140353e-06
2012-09-04,68.08999633789062,60.38153076171875,-0.0010272684649408337,0.0009000000357627869,3.569828905813921e-06
2012-09-05,68.0199966430664,60.31944274902344,-0.0010282616540532308,0.0010000000149011613,3.9662790878303156e-06
2012-09-06,69.52999877929688,61.65850067138672,0.022199441197340297,0.0010000000149011613,3.9662790878303156e-06
2012-09-07,69.43000030517578,61.56982421875,-0.0014381869761855848,0.0010000000149011613,3.9662790878303156e-06
2012-09-10,68.54000091552734,60.78055953979492,-0.012819017903168195,0.000949999988079071,3.768058780329042e-06
2012-09-11,68.43000030517578,60.68305206298828,-0.0016042543462074788,0.0010000000149011613,3.9662790878303156e-06
2012-09-12,68.62999725341797,60.86037063598633,0.002922044408939728,0.000949999988079071,3.768058780329042e-06
2012-09-13,69.55999755859375,61.68511962890625,0.013551494746110837,0.000949999988079071,3.768058780329042e-06
2012-09-14,70.18000030517578,62.234901428222656,0.008912713513791637,0.000949999988079071,3.768058780329042e-06
2012-09-17,70.20999908447266,62.26150894165039,0.00042753363172631786,0.0009000000357627869,3.569828905813921e-06
2012-09-18,70.2699966430664,62.31470489501953,0.0008543955049176155,0.0010000000149011613,3.9662790878303156e-06
2012-09-19,70.4000015258789,62.430023193359375,0.0018505792257881293,0.0010499999672174453,4.164489238123181e-06
2012-09-20,70.33000183105469,62.36795425415039,-0.0009942161805185368,0.0010499999672174453,4.164489238123181e-06
2012-09-21,70.1500015258789,62.38572311401367,0.0002849036829213336,0.0010000000149011613,3.9662790878303156e-06
2012-09-24,69.73999786376953,62.0211067199707,-0.0058445486538099,0.000949999988079071,3.768058780329042e-06
2012-09-25,68.76000213623047,61.14957809448242,-0.014052129534277591,0.0010499999672174453,4.164489238123181e-06
2012-09-26,68.19999694824219,60.65154266357422,-0.00814454402512288,0.0010000000149011613,3.9662790878303156e-06
2012-09-27,69.13999938964844,61.48752212524414,0.013783317372601411,0.0008500000089406968,3.3715888723140353e-06
2012-09-28,68.56999969482422,60.9805908203125,-0.008244458182898762,0.0009000000357627869,3.569828905813921e-06
2012-10-01,68.47000122070312,60.89167404174805,-0.0014581160557538553,0.0007999999821186065,3.173338974260531e-06
2012-10-02,68.66999816894531,61.069541931152344,0.0029210543510818088,0.0009000000357627869,3.569828905813921e-06
2012-10-03,69.11000061035156,61.46084976196289,0.0064075776309522325,0.0008500000089406968,3.3715888723140353e-06
2012-10-04,69.3499984741211,61.67427062988281,0.003472468551061425,0.000949999988079071,3.768058780329042e-06
2012-10-05,68.9800033569336,61.34523010253906,-0.00533513447314804,0.0010000000149011613,3.9662790878303156e-06
2012-10-08,68.3499984741211,60.784976959228516,-0.00913279064034933,0.000949999988079071,3.768058780329042e-06
2012-10-09,67.26000213623047,59.81560134887695,-0.01594761829064717,0.000949999988079071,3.768058780329042e-06
2012-10-10,66.91999816894531,59.513248443603516,-0.0050547499056300405,0.000949999988079071,3.768058780329042e-06
2012-10-11,66.70999908447266,59.326473236083984,-0.0031383803170570435,0.000949999988079071,3.768058780329042e-06
2012-10-12,66.68000030517578,59.29978561401367,-0.0004498433939282842,0.0010000000149011613,3.9662790878303156e-06
2012-10-15,67.16999816894531,59.73554611206055,0.007348432941786109,0.000949999988079071,3.768058780329042e-06
2012-10-16,68.12000274658203,60.580413818359375,0.014143466684206851,0.0010000000149011613,3.9662790878303156e-06
2012-10-17,68.08000183105469,60.54484176635742,-0.0005871873392712113,0.0010499999672174453,4.164489238123181e-06
2012-10-18,67.29000091552734,59.84228515625,-0.011603905297475015,0.000949999988079071,3.768058780329042e-06
2012-10-19,65.68000030517578,58.410465240478516,-0.023926558152533084,0.0009000000357627869,3.569828905813921e-06
2012-10-22,66.0199966430664,58.71284103393555,0.005176740027872384,0.0009000000357627869,3.569828905813921e-06
2012-10-23,65.38999938964844,58.152565002441406,-0.009542648961073152,0.0010000000149011613,3.9662790878303156e-06
2012-10-24,65.16000366210938,57.94803237915039,-0.003517172858711004,0.0010499999672174453,4.164489238123181e-06
2012-10-25,65.16000366210938,57.94803237915039,0.0,0.0010999999940395355,4.362689823400601e-06
2012-10-26,65.3499984741211,58.11701965332031,0.002916186576694235,0.0010499999672174453,4.164489238123181e-06
2012-10-31,64.94999694824219,57.76127624511719,-0.006121157112412234,0.0010499999672174453,4.164489238123181e-06
2012-11-01,65.87000274658203,58.579437255859375,0.014164524469130857,0.0009000000357627869,3.569828905813921e-06
2012-11-02,65.16999816894531,57.95691680908203,-0.010626944810998129,0.0009000000357627869,3.569828905813921e-06
2012-11-05,65.5999984741211,58.33930587768555,0.0065978159235620115,0.0009000000357627869,3.569828905813921e-06
2012-11-06,65.72000122070312,58.446048736572266,0.0018296902453813768,0.0010000000149011613,3.9662790878303156e-06
2012-11-07,64.16999816894531,57.067604064941406,-0.02358490781547573,0.0009000000357627869,3.569828905813921e-06
2012-11-08,63.15999984741211,56.16938018798828,-0.015739645840588845,0.0008500000089406968,3.3715888723140353e-06
2012-11-09,63.43000030517578,56.40949630737305,0.004274857913353136,0.0009000000357627869,3.569828905813921e-06
2012-11-12,63.41999816894531,56.400604248046875,-0.00015763408483071562,0.0008699999749660492,3.450885892153366e-06
2012-11-13,62.97999954223633,56.00930404663086,-0.006937872503902542,0.0008500000089406968,3.3715888723140353e-06
2012-11-14,62.2400016784668,55.35121536254883,-0.011749631517187553,0.000949999988079071,3.768058780329042e-06
2012-11-15,62.029998779296875,55.16444778442383,-0.003374227230633964,0.0007500000298023224,2.9750795063065993e-06
2012-11-16,62.29999923706055,55.40457534790039,0.004352940582582399,0.0007500000298023224,2.9750795063065993e-06
2012-11-19,63.779998779296875,56.72076416015625,0.023755958853418635,0.0007500000298023224,2.9750795063065993e-06
2012-11-20,63.79999923706055,56.73855972290039,0.00031373982716265125,0.0008500000089406968,3.3715888723140353e-06
2012-11-21,63.93000030517578,56.85415267944336,0.0020372909905979064,0.0009000000357627869,3.569828905813921e-06
2012-11-23,64.9000015258789,57.716819763183594,0.015173334630526503,0.0009000000357627869,3.569828905813921e-06
2012-11-26,65.18000030517578,57.96580505371094,0.004313912158517175,0.0009000000357627869,3.569828905813921e-06
2012-11-27,64.95999908447266,57.770164489746094,-0.0033751030246809144,0.000949999988079071,3.768058780329042e-06
2012-11-28,65.5199966430664,58.2681770324707,0.008620583775782897,0.0009200000017881393,3.6491219801426666e-06
2012-11-29,65.91000366210938,58.615028381347656,0.005952672050880681,0.0007999999821186065,3.173338974260531e-06
2012-11-30,65.80000305175781,58.517189025878906,-0.0016691855002135547,0.0007500000298023224,2.9750795063065993e-06
2012-12-03,65.66999816894531,58.401580810546875,-0.0019756283112113415,0.0007699999958276748,3.0543844182773228e-06
2012-12-04,65.62999725341797,58.36599349975586,-0.0006093552656812884,0.0009000000357627869,3.569828905813921e-06
2012-12-05,64.9000015258789,57.716819763183594,-0.011122465285800076,0.0009000000357627869,3.569828905813921e-06
2012-12-06,65.31999969482422,58.090328216552734,0.006471396984478295,0.0009000000357627869,3.569828905813921e-06
2012-12-07,64.93000030517578,57.74347686767578,-0.005970896697018779,0.0007999999821186065,3.173338974260531e-06
2012-12-10,65.12000274658203,57.91244125366211,0.0029261207525401733,0.0007500000298023224,2.9750795063065993e-06
2012-12-11,65.97000122070312,58.66837692260742,0.013053078968545684,0.0007500000298023224,2.9750795063065993e-06
2012-12-12,65.83000183105469,58.54387283325195,-0.0021221669302307067,0.0005999999865889549,2.3802411603934814e-06
2012-12-13,65.30999755859375,58.081417083740234,-0.007899302303230105,0.0005200000107288361,2.06295791183031e-06
2012-12-14,64.69000244140625,57.530033111572266,-0.009493294066379221,0.0002500000037252903,9.919400114632992e-07
2012-12-17,65.55000305175781,58.294864654541016,0.013294474235491238,0.00021999999880790712,8.72920231653751e-07
2012-12-18,66.55000305175781,59.18418884277344,0.015255618029180074,0.0005499999970197678,2.1819420727986483e-06
2012-12-19,66.26000213623047,58.9262809753418,-0.00435771567498866,0.00045000001788139346,1.7853142850743353e-06
2012-12-20,66.26000213623047,58.9262809753418,0.0,0.0005000000074505806,1.9836331146549924e-06
2012-12-21,65.19999694824219,58.30651092529297,-0.010517718746040905,0.0005000000074505806,1.9836331146549924e-06
2012-12-24,65.06999969482422,58.1903076171875,-0.001992973104742224,0.0005000000074505806,1.9836331146549924e-06
2012-12-26,64.5,57.6805419921875,-0.008760318442610049,0.0005499999970197678,2.1819420727986483e-06
2012-12-27,64.4000015258789,57.59113311767578,-0.0015500699442774213,0.0007000000029802323,2.7768098762592786e-06
2012-12-28,63.779998779296875,57.036678314208984,-0.009627433485878467,9.999999776482581e-05,3.968056268011111e-07
2012-12-31,65.12999725341797,58.24394226074219,0.021166449067782533,0.00035000000149011613,1.3886468601675972e-06
2013-01-02,67.19999694824219,60.0951042175293,0.031782909688701455,0.0005499999970197678,2.1819420727986483e-06
2013-01-03,66.8499984741211,59.7820930480957,-0.005208596831791312,0.0006499999761581421,2.578530378549715e-06
2013-01-04,66.62999725341797,59.585330963134766,-0.00329132144641775,0.0006499999761581421,2.578530378549715e-06
2013-01-07,66.6500015258789,59.60322570800781,0.0003003213137158234,0.0005799999833106995,2.3009226801651295e-06
2013-01-08,66.5199966430664,59.486995697021484,-0.0019500624270862854,0.0005999999865889549,2.3802411603934814e-06
2013-01-09,66.7699966430664,59.710548400878906,0.003758009649638794,0.0005499999970197678,2.1819420727986483e-06
2013-01-10,67.16999816894531,60.0682487487793,0.005990572143114381,0.0005499999970197678,2.1819420727986483e-06
2013-01-11,67.26000213623047,60.148746490478516,0.0013401046871848177,0.0006300000101327896,2.499215993712056e-06
2013-01-14,66.95999908447266,59.880462646484375,-0.0044603397352031005,0.0005999999865889549,2.3802411603934814e-06
2013-01-15,66.62999725341797,59.585330963134766,-0.004928680746706604,0.0007999999821186065,3.173338974260531e-06
2013-01-16,66.9000015258789,59.826820373535156,0.004052833247662813,0.0007199999690055847,2.85611873485081e-06
2013-01-17,67.22000122070312,60.112979888916016,0.004783130936830471,0.0007000000029802323,2.7768098762592786e-06
2013-01-18,67.06999969482422,59.978824615478516,-0.002231718901398838,0.0007000000029802323,2.7768098762592786e-06
2013-01-22,67.18000030517578,60.07721710205078,0.0016404537301799582,0.0005999999865889549,2.3802411603934814e-06
2013-01-23,67.58999633789062,60.4438591003418,0.006102845903601217,0.0007000000029802323,2.7768098762592786e-06
2013-01-24,66.66000366210938,59.612186431884766,-0.013759423717079167,0.0007500000298023224,2.9750795063065993e-06
2013-01-25,67.0,59.91621398925781,0.005100090695724369,0.0007000000029802323,2.7768098762592786e-06
2013-01-28,67.1500015258789,60.05038070678711,0.0022392389070735597,0.0005999999865889549,2.3802411603934814e-06
2013-01-29,67.16000366210938,60.0593147277832,0.0001487754264160035,0.0006300000101327896,2.499215993712056e-06
2013-01-30,67.0199966430664,59.93415451049805,-0.002083943479083028,0.0005999999865889549,2.3802411603934814e-06
2013-01-31,66.87000274658203,59.79998779296875,-0.0022385686195972587,0.0006499999761581421,2.578530378549715e-06
2013-02-01,67.66000366210938,60.50645065307617,0.011813762614020007,0.0005999999865889549,2.3802411603934814e-06
2013-02-04,66.4800033569336,59.45123291015625,-0.017439756117412775,0.0005499999970197678,2.1819420727986483e-06
2013-02-05,67.45999908447266,60.32761001586914,0.014741109020182774,0.0007000000029802323,2.7768098762592786e-06
2013-02-06,67.23999786376953,60.130859375,-0.0032613697246979267,0.0006499999761581421,2.578530378549715e-06
2013-02-07,67.30000305175781,60.18452072143555,0.0008924094382369852,0.0006499999761581421,2.578530378549715e-06
2013-02-08,67.98999786376953,60.801551818847656,0.01025232219208072,0.0006499999761581421,2.578530378549715e-06
2013-02-11,68.01000213623047,60.81943893432617,0.0002941884695937258,0.0006499999761581421,2.578530378549715e-06
2013-02-12,67.7300033569336,60.56906509399414,-0.0041166746145486766,0.0008299999684095383,3.2922899788623283e-06
2013-02-13,67.97000122070312,60.78367614746094,0.0035432452710595363,0.0008500000089406968,3.3715888723140353e-06
2013-02-14,67.94999694824219,60.765769958496094,-0.0002945887794183477,0.000949999988079071,3.768058780329042e-06
2013-02-15,67.75,60.586944580078125,-0.0029428636967837596,0.000949999988079071,3.768058780329042e-06
2013-02-19,68.23999786376953,61.02511978149414,0.007232171954749678,0.0010000000149011613,3.9662790878303156e-06
2013-02-20,67.19000244140625,60.086158752441406,-0.015386467612268029,0.0011500000208616258,4.560880549009383e-06
2013-02-21,66.47000122070312,59.4422721862793,-0.010716054737580416,0.0011999999731779098,4.7590611207404265e-06
2013-02-22,67.13999938964844,60.04142379760742,0.010079554318692896,0.0011999999731779098,4.7590611207404265e-06
2013-02-25,66.30999755859375,59.29917526245117,-0.012362274046969324,0.0011500000208616258,4.560880549009383e-06
2013-02-26,66.55999755859375,59.522762298583984,0.0037704914974490134,0.0010999999940395355,4.362689823400601e-06
2013-02-27,67.23999786376953,60.130859375,0.010216210621503352,0.0010000000149011613,3.9662790878303156e-06
2013-02-28,67.0999984741211,60.00565719604492,-0.0020821618093675998,0.0010000000149011613,3.9662790878303156e-06
2013-03-01,67.37999725341797,60.256038665771484,0.0041726310722427495,0.0010000000149011613,3.9662790878303156e-06
2013-03-04,67.68000030517578,60.524322509765625,0.00445239763407379,0.0008500000089406968,3.3715888723140353e-06
2013-03-05,68.68000030517578,61.418609619140625,0.01477566492761162,0.0008500000089406968,3.3715888723140353e-06
2013-03-06,68.51000213623047,61.266578674316406,-0.0024753237783624593,0.0009200000017881393,3.6491219801426666e-06
2013-03-07,68.69000244140625,61.42754364013672,0.002627288307969211,0.0009000000357627869,3.569828905813921e-06
2013-03-08,68.7699966430664,61.49910354614258,0.0011649481936812922,0.0008699999749660492,3.450885892153366e-06
2013-03-11,68.97000122070312,61.67795181274414,0.0029081442864833384,0.0008699999749660492,3.450885892153366e-06
2013-03-12,68.72000122070312,61.454383850097656,-0.003624763081064075,0.0009200000017881393,3.6491219801426666e-06
2013-03-13,68.62999725341797,61.373870849609375,-0.0013101262341946862,0.0008500000089406968,3.3715888723140353e-06
2013-03-14,68.86000061035156,61.57957077026367,0.0033515878631533713,0.0009000000357627869,3.569828905813921e-06
2013-03-15,68.51000213623047,61.40837860107422,-0.0027800156293411593,0.0008299999684095383,3.2922899788623283e-06
2013-03-18,68.36000061035156,61.2739372253418,-0.002189300202921629,0.0007199999690055847,2.85611873485081e-06
2013-03-19,68.2300033569336,61.15738296508789,-0.001902183302262217,0.0007000000029802323,2.7768098762592786e-06
2013-03-20,68.70999908447266,61.58761215209961,0.007034787398560116,0.0006300000101327896,2.499215993712056e-06
2013-03-21,67.93000030517578,60.888519287109375,-0.011351192887032568,0.0005999999865889549,2.3802411603934814e-06
2013-03-22,68.58999633789062,61.48008346557617,0.0097155290585631,0.0006499999761581421,2.578530378549715e-06
2013-03-25,68.33999633789062,61.25601577758789,-0.0036445573160898137,0.0005799999833106995,2.3009226801651295e-06
2013-03-26,68.70999908447266,61.58761215209961,0.005413286683804142,0.0007199999690055847,2.85611873485081e-06
2013-03-27,68.80000305175781,61.66832733154297,0.0013105749130850608,0.0007999999821186065,3.173338974260531e-06
2013-03-28,68.97000122070312,61.82069396972656,0.0024707438125317616,0.0006499999761581421,2.578530378549715e-06
2013-04-01,68.5,61.39942932128906,-0.006814298277592834,0.0006499999761581421,2.578530378549715e-06
2013-04-02,69.04000091552734,61.883445739746094,0.007883076826728841,0.0006800000369548797,2.697499438486517e-06
2013-04-03,68.41000366210938,61.31871032714844,-0.00912579132992497,0.0005499999970197678,2.1819420727986483e-06
2013-04-04,68.43000030517578,61.33668518066406,0.00029313815342368876,0.0006499999761581421,2.578530378549715e-06
2013-04-05,67.86000061035156,60.825767517089844,-0.008329724080610723,0.0005999999865889549,2.3802411603934814e-06
2013-04-08,68.22000122070312,61.148433685302734,0.005304761146207149,0.0005499999970197678,2.1819420727986483e-06
2013-04-09,68.68000030517578,61.560760498046875,0.006743047824677939,0.0006300000101327896,2.499215993712056e-06
2013-04-10,70.0199966430664,62.76182556152344,0.019510237589002388,0.0006499999761581421,2.578530378549715e-06
2013-04-11,69.98999786376953,62.734954833984375,-0.0004281380807306112,0.0006300000101327896,2.499215993712056e-06
2013-04-12,69.94000244140625,62.69015121459961,-0.0007141731352693359,0.0005499999970197678,2.1819420727986483e-06
2013-04-15,68.55999755859375,61.453189849853516,-0.01973135079084043,0.0005499999970197678,2.1819420727986483e-06
2013-04-16,69.47000122070312,62.26887893676758,0.013273340064315686,0.0005200000107288361,2.06295791183031e-06
2013-04-17,68.11000061035156,61.04985427856445,-0.019576788261131406,0.0005000000074505806,1.9836331146549924e-06
2013-04-18,67.16999816894531,60.20726013183594,-0.013801738868758684,0.0005000000074505806,1.9836331146549924e-06
2013-04-19,68.08999633789062,61.03192138671875,0.013697040075848932,0.00045000001788139346,1.7853142850743353e-06
2013-04-22,68.79000091552734,61.65937042236328,0.010280669875503357,0.00045000001788139346,1.7853142850743353e-06
2013-04-23,69.44999694824219,62.250919342041016,0.009593820300558553,0.00045000001788139346,1.7853142850743353e-06
2013-04-24,69.41999816894531,62.224037170410156,-0.0004318357369657022,0.00048000000417232515,1.9043067378543554e-06
2013-04-25,69.79000091552734,62.555721282958984,0.005330482039287432,0.0005000000074505806,1.9836331146549924e-06
2013-04-26,69.56999969482422,62.35852813720703,-0.0031522799467051943,0.00045000001788139346,1.7853142850743353e-06
2013-04-29,70.20999908447266,62.932132720947266,0.009198494590477502,0.00045000001788139346,1.7853142850743353e-06
2013-04-30,70.72000122070312,63.38930892944336,0.007264591055944347,0.00045000001788139346,1.7853142850743353e-06
2013-05-01,70.38999938964844,63.093467712402344,-0.0046670522527750835,0.0005000000074505806,1.9836331146549924e-06
2013-05-02,71.27999877929688,63.89121627807617,0.012643916947316702,0.0005000000074505806,1.9836331146549924e-06
2013-05-03,72.12000274658203,64.64417266845703,0.011784975059853986,0.00045000001788139346,1.7853142850743353e-06
2013-05-06,72.4000015258789,64.89515686035156,0.003882549370409105,0.00029999999329447744,1.1902983365619235e-06
2013-05-07,72.36000061035156,64.85931396484375,-0.0005523200380722626,0.00035000000149011613,1.3886468601675972e-06
2013-05-08,72.70999908447266,65.17302703857422,0.004836823804527324,0.00035000000149011613,1.3886468601675972e-06
2013-05-09,72.61000061035156,65.0833740234375,-0.0013756153306130336,0.00035000000149011613,1.3886468601675972e-06
2013-05-10,73.05000305175781,65.477783203125,0.006060060431800407,0.00035000000149011613,1.3886468601675972e-06
2013-05-13,73.13999938964844,65.55842590332031,0.0012316040075019963,0.00035000000149011613,1.3886468601675972e-06
2013-05-14,73.5199966430664,65.8990249633789,0.0051953514039657644,0.00039999999105930326,1.5869854355088364e-06
2013-05-15,73.66999816894531,66.03348541259766,0.0020404011940005073,0.00037000000476837156,1.467983504754855e-06
2013-05-16,73.58999633789062,65.96178436279297,-0.001085828642190756,0.0002500000037252903,9.919400114632992e-07
2013-05-17,74.30000305175781,66.59819793701172,0.009648216469076099,0.00029999999329447744,1.1902983365619235e-06
2013-05-20,74.19000244140625,66.49959564208984,-0.0014805549996282918,0.00035000000149011613,1.3886468601675972e-06
2013-05-21,74.2699966430664,66.57132720947266,0.0010786767451771428,0.00039999999105930326,1.5869854355088364e-06
2013-05-22,73.62000274658203,65.98869323730469,-0.008752025783332451,0.00035000000149011613,1.3886468601675972e-06
2013-05-23,73.44999694824219,65.8363037109375,-0.0023093278392281036,0.00039999999105930326,1.5869854355088364e-06
2013-05-24,73.41000366210938,65.80046844482422,-0.0005443085971323924,0.00037000000476837156,1.467983504754855e-06
2013-05-28,73.88999938964844,66.23069763183594,0.006538390944321071,0.00035000000149011613,1.3886468601675972e-06
2013-05-29,73.54000091552734,65.91695404052734,-0.004737132515991838,0.00039999999105930326,1.5869854355088364e-06
2013-05-30,73.93000030517578,66.26654052734375,0.0053034381200542935,0.0002500000037252903,9.919400114632992e-07
2013-05-31,73.25,65.65702819824219,-0.009197889677823978,0.00029999999329447744,1.1902983365619235e-06
2013-06-03,73.37999725341797,65.77355194091797,0.0017747337318398948,0.00029999999329447744,1.1902983365619235e-06
2013-06-04,73.0,65.43297576904297,-0.005178010945507849,0.00039999999105930326,1.5869854355088364e-06
2013-06-05,72.05000305175781,64.5814208984375,-0.013014154722401416,0.00045000001788139346,1.7853142850743353e-06
2013-06-06,72.4000015258789,64.89515686035156,0.004857991006538054,0.00045000001788139346,1.7853142850743353e-06
2013-06-07,73.38999938964844,65.78253173828125,0.013673976932350174,0.00039999999105930326,1.5869854355088364e-06
2013-06-10,73.41999816894531,65.80941009521484,0.0004085941392546477,0.00039999999105930326,1.5869854355088364e-06
2013-06-11,72.69000244140625,65.15507507324219,-0.009942879308991626,0.00045000001788139346,1.7853142850743353e-06
2013-06-12,71.8499984741211,64.40214538574219,-0.01155596377801138,0.00039999999105930326,1.5869854355088364e-06
2013-06-13,72.76000213623047,65.21782684326172,0.012665439212217855,0.00043000001460313797,1.7059839594324444e-06
2013-06-14,72.27999877929688,64.78758239746094,-0.006597037445525311,0.00039999999105930326,1.5869854355088364e-06
2013-06-17,72.9800033569336,65.4150161743164,0.00968447584610077,0.00039999999105930326,1.5869854355088364e-06
2013-06-18,73.58000183105469,65.95283508300781,0.008221642982679134,0.00045000001788139346,1.7853142850743353e-06
2013-06-19,72.76000213623047,65.21782684326172,-0.011144452529159965,0.00039999999105930326,1.5869854355088364e-06
2013-06-20,71.02999877929688,63.667152404785156,-0.023776849268579703,0.00039999999105930326,1.5869854355088364e-06
2013-06-21,70.43000030517578,63.329071044921875,-0.005310137914034785,0.00039999999105930326,1.5869854355088364e-06
2013-06-24,69.7300033569336,62.699676513671875,-0.009938477240626908,0.00039999999105930326,1.5869854355088364e-06
2013-06-25,70.23999786376953,63.1582145690918,0.007313244356530912,0.0005799999833106995,2.3009226801651295e-06
2013-06-26,70.87000274658203,63.7247428894043,0.008969986314175227,0.0005499999970197678,2.1819420727986483e-06
2013-06-27,71.16999816894531,63.99445724487305,0.004232490289318935,0.00045000001788139346,1.7853142850743353e-06
2013-06-28,71.2699966430664,64.08438873291016,0.001405301207462184,0.00029999999329447744,1.1902983365619235e-06
2013-07-01,71.70999908447266,64.48002624511719,0.006173695653959754,9.999999776482581e-05,3.968056268011111e-07
2013-07-02,71.73999786376953,64.50698852539062,0.00041814933776462837,0.00035000000149011613,1.3886468601675972e-06
2013-07-03,72.02999877929688,64.76776123046875,0.004042549668482609,0.00035000000149011613,1.3886468601675972e-06
2013-07-05,72.58000183105469,65.26229095458984,0.007635430262308507,0.00035000000149011613,1.3886468601675972e-06
2013-07-08,72.6500015258789,65.32526397705078,0.0009649220329202013,0.00035000000149011613,1.3886468601675972e-06
2013-07-09,73.08999633789062,65.72087097167969,0.006055957076084528,0.00035000000149011613,1.3886468601675972e-06
2013-07-10,73.51000213623047,66.09854125976562,0.00574658069045797,0.00029999999329447744,1.1902983365619235e-06
2013-07-11,74.97000122070312,67.41133117675781,0.019861102710768685,0.00029999999329447744,1.1902983365619235e-06
2013-07-12,75.30000305175781,67.70806121826172,0.004401782850510072,0.00029999999329447744,1.1902983365619235e-06
2013-07-15,75.47000122070312,67.86093139648438,0.002257784013780295,0.00019999999552965163,7.935717363238837e-07
2013-07-16,75.37000274658203,67.77100372314453,-0.0013251759368646532,0.00035000000149011613,1.3886468601675972e-06
2013-07-17,75.55999755859375,67.94184875488281,0.0025209163558534975,0.0002500000037252903,9.919400114632992e-07
2013-07-18,75.37000274658203,67.77100372314453,-0.002514577316767519,0.00021999999880790712,8.72920231653751e-07
2013-07-19,74.58999633789062,67.06965637207031,-0.010348782112470034,0.00019999999552965163,7.935717363238837e-07
2013-07-22,74.80999755859375,67.2674560546875,0.0029491679742608135,4.999999888241291e-05,1.9840775355994822e-07
2013-07-23,74.26000213623047,66.77293395996094,-0.007351580150801618,0.00019999999552965163,7.935717363238837e-07
2013-07-24,74.5,66.98873901367188,0.0032319240882892064,0.00019999999552965163,7.935717363238837e-07
2013-07-25,74.97000122070312,67.41133117675781,0.006308405999397637,0.00014999999664723872,5.95193620611667e-07
2013-07-26,75.37000274658203,67.77100372314453,0.005335490934656573,0.00014999999664723872,5.95193620611667e-07
2013-07-29,75.2300033569336,67.64513397216797,-0.0018572803125472825,0.00019999999552965163,7.935717363238837e-07
2013-07-30,75.62999725341797,68.00479888916016,0.005316937019300916,0.00029999999329447744,1.1902983365619235e-06
2013-07-31,75.7699966430664,68.13066101074219,0.0018507829394094344,0.00029999999329447744,1.1902983365619235e-06
2013-08-01,76.54000091552734,68.82305145263672,0.010162684929555521,0.00035000000149011613,1.3886468601675972e-06
2013-08-02,76.97000122070312,69.20968627929688,0.005617809999695078,0.00029999999329447744,1.1902983365619235e-06
2013-08-05,77.0199966430664,69.25463104248047,0.0006493998976129234,0.00035000000149011613,1.3886468601675972e-06
2013-08-06,76.55999755859375,68.84100341796875,-0.005972562676104687,0.00039999999105930326,1.5869854355088364e-06
2013-08-07,76.41999816894531,68.71514892578125,-0.0018281908446826645,0.00039999999105930326,1.5869854355088364e-06
2013-08-08,76.80000305175781,69.05682373046875,0.004972335940893302,0.00045000001788139346,1.7853142850743353e-06
2013-08-09,76.48999786376953,68.7780532836914,-0.00403682694508789,0.00048000000417232515,1.9043067378543554e-06
2013-08-12,76.66999816894531,68.93995666503906,0.002353997730640156,0.00048000000417232515,1.9043067378543554e-06
2013-08-13,77.0999984741211,69.32657623291016,0.005608062241024836,0.0005200000107288361,2.06295791183031e-06
2013-08-14,76.80999755859375,69.0658187866211,-0.0037612912746912697,0.0005000000074505806,1.9836331146549924e-06
2013-08-15,75.51000213623047,67.89688873291016,-0.01692487071386717,0.00045000001788139346,1.7853142850743353e-06
2013-08-16,75.4800033569336,67.86994171142578,-0.00039688153591810327,0.00039999999105930326,1.5869854355088364e-06
2013-08-19,75.3499984741211,67.75301361083984,-0.0017228260057021716,0.00039999999105930326,1.5869854355088364e-06
2013-08-20,75.68000030517578,68.04975128173828,0.004379697006583916,0.00045000001788139346,1.7853142850743353e-06
2013-08-21,75.41999816894531,67.81595611572266,-0.0034356505587752606,0.00032999999821186065,1.3093086357329753e-06
2013-08-22,76.16000366210938,68.48136901855469,0.009812040424477031,0.00019999999552965163,7.935717363238837e-07
2013-08-23,76.66999816894531,68.93995666503906,0.006696531524656324,0.00021999999880790712,8.72920231653751e-07
2013-08-26,76.70999908447266,68.97589874267578,0.0005213533540693316,0.00013000000268220902,5.158396307880508e-07
2013-08-27,75.13999938964844,67.564208984375,-0.020466420648860062,0.00032999999821186065,1.3093086357329753e-06
2013-08-28,75.43000030517578,67.82494354248047,0.003859063282540154,0.00029999999329447744,1.1902983365619235e-06
2013-08-29,75.95999908447266,68.30152893066406,0.00702669789743493,0.00019999999552965163,7.935717363238837e-07
2013-08-30,75.47000122070312,67.86093139648438,-0.006450771177127779,0.00019999999552965163,7.935717363238837e-07
2013-09-03,75.9000015258789,68.24756622314453,0.005697458297487801,0.00014999999664723872,5.95193620611667e-07
2013-09-04,76.70999908447266,68.97589874267578,0.010671919305515809,0.00014999999664723872,5.95193620611667e-07
2013-09-05,76.83999633789062,69.09280395507812,0.001694870447987551,0.00014999999664723872,5.95193620611667e-07
2013-09-06,76.93000030517578,69.17371368408203,0.0011710297508913392,0.00014999999664723872,5.95193620611667e-07
2013-09-09,77.83000183105469,69.98300170898438,0.011699357773364394,9.999999776482581e-05,3.968056268011111e-07
2013-09-10,78.20999908447266,70.32466888427734,0.004882145191681619,0.00014999999664723872,5.95193620611667e-07
2013-09-11,78.05999755859375,70.18978118896484,-0.001918070819991513,0.00014999999664723872,5.95193620611667e-07
2013-09-12,78.01000213623047,70.14484405517578,-0.000640223306411003,9.999999776482581e-05,3.968056268011111e-07
2013-09-13,78.05999755859375,70.18978118896484,0.0006406334548796355,9.999999776482581e-05,3.968056268011111e-07
2013-09-16,77.8499984741211,70.00099182128906,-0.002689698763521209,3.0000000260770322e-05,1.1904584140687291e-07
2013-09-17,78.37000274658203,70.46853637695312,0.006679113302532791,4.999999888241291e-05,1.9840775355994822e-07
2013-09-18,79.30999755859375,71.31377410888672,0.01199454076088946,4.999999888241291e-05,1.9840775355994822e-07
2013-09-19,79.5,71.48461151123047,0.0023955737089851326,4.999999888241291e-05,1.9840775355994822e-07
2013-09-20,78.98999786376953,71.23931121826172,-0.003431511870638282,4.999999888241291e-05,1.9840775355994822e-07
2013-09-23,78.83000183105469,71.094970703125,-0.002026135748203539,4.999999888241291e-05,1.9840775355994822e-07
2013-09-24,78.83000183105469,71.094970703125,0.0,0.00014999999664723872,5.95193620611667e-07
2013-09-25,78.55999755859375,70.85147857666016,-0.003424885390017396,0.00014999999664723872,5.95193620611667e-07
2013-09-26,79.16999816894531,71.40161895751953,0.007764698661357317,3.0000000260770322e-05,1.1904584140687291e-07
2013-09-27,79.06999969482422,71.31146240234375,-0.0012626682208622952,4.999999888241291e-05,1.9840775355994822e-07
2013-09-30,78.87999725341797,71.14009857177734,-0.0024030334646562013,4.999999888241291e-05,1.9840775355994822e-07
2013-10-01,79.68000030517578,71.86158752441406,0.010141804230265006,0.00013000000268220902,5.158396307880508e-07
2013-10-02,79.6500015258789,71.83455657958984,-0.0003761529038728284,9.999999776482581e-05,3.968056268011111e-07
2013-10-03,78.72000122070312,70.99580383300781,-0.011676173509232002,0.00019999999552965163,7.935717363238837e-07
2013-10-04,79.4000015258789,71.60905456542969,0.008637844764238789,0.00017999999225139617,7.142216607025631e-07
2013-10-07,78.73999786376953,71.0138168334961,-0.00831232496429235,0.00017999999225139617,7.142216607025631e-07
2013-10-08,77.22000122070312,69.64298248291016,-0.019303769487564515,0.00045000001788139346,1.7853142850743353e-06
2013-10-09,76.9800033569336,69.42652130126953,-0.003108154962974785,0.00037000000476837156,1.467983504754855e-06
2013-10-10,78.61000061035156,70.89656829833984,0.02117414166109799,0.00039999999105930326,1.5869854355088364e-06
2013-10-11,79.2300033569336,71.45574951171875,0.007887281807855917,0.0006300000101327896,2.499215993712056e-06
2013-10-14,79.79000091552734,71.9607925415039,0.007067913124364278,0.0005799999833106995,2.3009226801651295e-06
2013-10-15,79.4800033569336,71.68122100830078,-0.0038850535594349145,0.0009200000017881393,3.6491219801426666e-06
2013-10-16,80.37999725341797,72.49291229248047,0.011323625250268643,0.0009200000017881393,3.6491219801426666e-06
2013-10-17,80.83999633789062,72.90779113769531,0.005723026322090208,0.00037000000476837156,1.467983504754855e-06
2013-10-18,82.1500015258789,74.08927154541016,0.016205132390905597,0.0002500000037252903,9.919400114632992e-07
2013-10-21,82.33000183105469,74.25155639648438,0.002190396094996716,0.0002500000037252903,9.919400114632992e-07
2013-10-22,82.44999694824219,74.35979461669922,0.001457723251441001,0.00032999999821186065,1.3093086357329753e-06
2013-10-23,81.94999694824219,73.9088363647461,-0.006064544076240019,0.00029999999329447744,1.1902983365619235e-06
2013-10-24,82.30999755859375,74.2334976196289,0.004392725834304612,0.00029999999329447744,1.1902983365619235e-06
2013-10-25,82.9000015258789,74.76561737060547,0.007168189133470948,0.00029999999329447744,1.1902983365619235e-06
2013-10-28,82.91999816894531,74.78368377685547,0.0002416405680227829,0.00019999999552965163,7.935717363238837e-07
2013-10-29,83.05999755859375,74.90994262695312,0.0016883208170701547,0.00039999999105930326,1.5869854355088364e-06
2013-10-30,82.9800033569336,74.83779907226562,-0.0009630704838043957,0.00035000000149011613,1.3886468601675972e-06
2013-10-31,82.79000091552734,74.66643524169922,-0.002289803183561423,0.00032999999821186065,1.3093086357329753e-06
2013-11-01,82.80999755859375,74.68448638916016,0.00024175718852115224,0.00032999999821186065,1.3093086357329753e-06
2013-11-04,82.93000030517578,74.79267883300781,0.0014486602114915925,0.00032999999821186065,1.3093086357329753e-06
2013-11-05,83.0199966430664,74.87383270263672,0.0010850509821971333,0.00045000001788139346,1.7853142850743353e-06
2013-11-06,83.0,74.8558349609375,-0.0002403742542564924,0.00045000001788139346,1.7853142850743353e-06
2013-11-07,81.44000244140625,73.44890594482422,-0.018795181656145687,0.00048000000417232515,1.9043067378543554e-06
2013-11-08,82.54000091552734,74.44095611572266,0.013506670496136186,0.0005200000107288361,2.06295791183031e-06
2013-11-11,82.41000366210938,74.32372283935547,-0.0015748491486989868,0.0005200000107288361,2.06295791183031e-06
2013-11-12,82.54000091552734,74.44095611572266,0.001577333210562859,0.0005799999833106995,2.3009226801651295e-06
2013-11-13,83.54000091552734,75.34284210205078,0.01211545409124093,0.0007000000029802323,2.7768098762592786e-06
2013-11-14,83.80000305175781,75.57733154296875,0.0031122988511682603,0.0006800000369548797,2.697499438486517e-06
2013-11-15,83.95999908447266,75.72161102294922,0.0019090311477647504,0.0007000000029802323,2.7768098762592786e-06
2013-11-18,83.13999938964844,74.98209381103516,-0.009766263579494283,0.0006499999761581421,2.578530378549715e-06
2013-11-19,82.9000015258789,74.76561737060547,-0.002887041817947078,0.0007999999821186065,3.173338974260531e-06
2013-11-20,82.69999694824219,74.58525085449219,-0.002412425958033926,0.0007699999958276748,3.0543844182773228e-06
2013-11-21,83.54000091552734,75.34284210205078,0.010157386867767793,0.0007000000029802323,2.7768098762592786e-06
2013-11-22,83.98999786376953,75.7486801147461,0.0053865503526613345,0.0006499999761581421,2.578530378549715e-06
2013-11-25,84.19000244140625,75.92906951904297,0.00238141976894668,0.0005999999865889549,2.3802411603934814e-06
2013-11-26,84.62999725341797,76.32585906982422,0.005225792351922998,0.0006800000369548797,2.697499438486517e-06
2013-11-27,85.22000122070312,76.85800170898438,0.006971983619252109,0.0006300000101327896,2.499215993712056e-06
2013-11-29,85.7300033569336,77.31794738769531,0.0059843564558506035,0.0005499999970197678,2.1819420727986483e-06
2013-12-02,85.4800033569336,77.09249877929688,-0.002915863858464429,0.0005000000074505806,1.9836331146549924e-06
2013-12-03,85.41000366210938,77.02935791015625,-0.0008190274039681089,0.00035000000149011613,1.3886468601675972e-06
2013-12-04,85.48999786376953,77.10151672363281,0.0009367702838796177,0.0005200000107288361,2.06295791183031e-06
2013-12-05,85.37999725341797,77.0022964477539,-0.0012868783922184157,0.00048000000417232515,1.9043067378543554e-06
2013-12-06,86.0,77.56145477294922,0.007261579861773448,0.0005200000107288361,2.06295791183031e-06
2013-12-09,86.3499984741211,77.87712097167969,0.004069884966115378,0.0005200000107288361,2.06295791183031e-06
2013-12-10,86.29000091552734,77.82298278808594,-0.000695174435293211,0.0007000000029802323,2.7768098762592786e-06
2013-12-11,85.18000030517578,76.82193756103516,-0.012863105360233384,0.0006800000369548797,2.697499438486517e-06
2013-12-12,84.95999908447266,76.62352752685547,-0.002582726243035127,0.0006300000101327896,2.499215993712056e-06
2013-12-13,84.8499984741211,76.52430725097656,-0.0012949061349875057,0.0005999999865889549,2.3802411603934814e-06
2013-12-16,85.31999969482422,76.94815063476562,0.005538676520115082,0.0005799999833106995,2.3009226801651295e-06
2013-12-17,85.1500015258789,76.79486846923828,-0.001992018836877496,0.0006300000101327896,2.499215993712056e-06
2013-12-18,86.13999938964844,77.68771362304688,0.011626364776785136,0.0005999999865889549,2.3802411603934814e-06
2013-12-19,85.9000015258789,77.47130584716797,-0.002785611337835836,0.0005799999833106995,2.3009226801651295e-06
2013-12-20,86.5,78.26018524169922,0.010182859136097733,0.0005499999970197678,2.1819420727986483e-06
2013-12-23,87.41000366210938,79.08353424072266,0.010520662537158554,0.0005799999833106995,2.3009226801651295e-06
2013-12-24,87.44999694824219,79.11974334716797,0.0004578589815560363,0.0006800000369548797,2.697499438486517e-06
2013-12-26,87.73999786376953,79.38208770751953,0.0033157888189858653,0.0005999999865889549,2.3802411603934814e-06
2013-12-27,87.5199966430664,79.18305206298828,-0.002507311791352551,0.0005799999833106995,2.3009226801651295e-06
2013-12-30,87.38999938964844,79.06541442871094,-0.0014856415762272146,0.0005499999970197678,2.1819420727986483e-06
2013-12-31,87.95999908447266,79.58113098144531,0.006522656669299742,0.0006300000101327896,2.499215993712056e-06
2014-01-02,87.2699966430664,78.95685577392578,-0.007844512886667654,0.0005799999833106995,2.3009226801651295e-06
2014-01-03,86.63999938964844,78.38687133789062,-0.0072189353343448115,0.0005799999833106995,2.3009226801651295e-06
2014-01-06,86.31999969482422,78.09737396240234,-0.003693187016488908,0.00045000001788139346,1.7853142850743353e-06
2014-01-07,87.12000274658203,78.82113647460938,0.009267437245143118,0.00043000001460313797,1.7059839594324444e-06
2014-01-08,87.30999755859375,78.99302673339844,0.002180763516958839,0.00039999999105930326,1.5869854355088364e-06
2014-01-09,87.0199966430664,78.73065185546875,-0.003321494172076722,0.00032999999821186065,1.3093086357329753e-06
2014-01-10,87.30000305175781,78.98397827148438,0.003217633920784335,0.00032999999821186065,1.3093086357329753e-06
2014-01-13,86.01000213623047,77.8168716430664,-0.014776498398274884,0.00029999999329447744,1.1902983365619235e-06
2014-01-14,87.6500015258789,79.3006820678711,0.019067978363492832,0.00032999999821186065,1.3093086357329753e-06
2014-01-15,88.37000274658203,79.95205688476562,0.008213987571217052,0.00035000000149011613,1.3886468601675972e-06
2014-01-16,88.37999725341797,79.96109771728516,0.0001130781729925534,0.00029999999329447744,1.1902983365619235e-06
2014-01-17,87.87999725341797,79.50877380371094,-0.005656799699942594,0.00029999999329447744,1.1902983365619235e-06
2014-01-21,88.55000305175781,80.11492156982422,0.007623658838076475,0.00028000000864267347,1.1109562358946334e-06
2014-01-22,88.77999877929688,80.32302856445312,0.00259760592098357,0.00029999999329447744,1.1902983365619235e-06
2014-01-23,88.4800033569336,80.05158996582031,-0.0033793372023441792,0.00029999999329447744,1.1902983365619235e-06
2014-01-24,86.73999786376953,78.47734069824219,-0.019665434106309276,0.00032999999821186065,1.3093086357329753e-06
2014-01-27,85.9000015258789,77.7174072265625,-0.009683476337478791,0.00048000000417232515,1.9043067378543554e-06
2014-01-28,85.8499984741211,77.67212677001953,-0.0005826295312576502,0.00045000001788139346,1.7853142850743353e-06
2014-01-29,84.93000030517578,76.8397445678711,-0.01071661401281121,0.00039999999105930326,1.5869854355088364e-06
2014-01-30,86.5,78.26018524169922,0.01848575475902936,0.00014999999664723872,5.95193620611667e-07
2014-01-31,86.2699966430664,78.05209350585938,-0.0026589732083711626,9.999999776482581e-05,3.968056268011111e-07
2014-02-03,84.29000091552734,76.2607421875,-0.022950714553542362,0.00019999999552965163,7.935717363238837e-07
2014-02-04,84.91000366210938,76.82173156738281,0.007356201418857511,0.0005499999970197678,2.1819420727986483e-06
2014-02-05,84.69000244140625,76.62264251708984,-0.00259157202305893,0.0005499999970197678,2.1819420727986483e-06
2014-02-06,85.7699966430664,77.5997543334961,0.012752259440651947,0.0005999999865889549,2.3802411603934814e-06
2014-02-07,87.30000305175781,78.98397827148438,0.017837993816828046,0.0007199999690055847,2.85611873485081e-06
2014-02-10,87.80000305175781,79.43636322021484,0.005727553342217417,0.0005499999970197678,2.1819420727986483e-06
2014-02-11,88.80000305175781,80.34112548828125,0.011389774548945741,0.00045000001788139346,1.7853142850743353e-06
2014-02-12,88.97000122070312,80.4948959350586,0.0019139692883662907,0.00043000001460313797,1.7059839594324444e-06
2014-02-13,89.62999725341797,81.09202575683594,0.007418232110755207,0.0002500000037252903,9.919400114632992e-07
2014-02-14,89.80999755859375,81.25489044189453,0.0020083933474168703,9.999999776482581e-05,3.968056268011111e-07
2014-02-18,90.25,81.6529769897461,0.004899231857757869,0.00014999999664723872,5.95193620611667e-07
2014-02-19,89.62999725341797,81.09202575683594,-0.006869942206523594,0.00045000001788139346,1.7853142850743353e-06
2014-02-20,90.05000305175781,81.47203826904297,0.004686188421862081,0.00039999999105930326,1.5869854355088364e-06
2014-02-21,89.93000030517578,81.36344909667969,-0.0013328397652786483,0.00035000000149011613,1.3886468601675972e-06
2014-02-24,90.41000366210938,81.79774475097656,0.005337724237585162,0.00032999999821186065,1.3093086357329753e-06
2014-02-25,90.30999755859375,81.70729064941406,-0.001105826350565997,0.00039999999105930326,1.5869854355088364e-06
2014-02-26,90.2300033569336,81.6348876953125,-0.0008861259934835886,0.00039999999105930326,1.5869854355088364e-06
2014-02-27,90.44000244140625,82.16454315185547,0.006488101735618423,0.00035000000149011613,1.3886468601675972e-06
2014-02-28,90.33999633789062,82.07368469238281,-0.001105811046800742,0.00043000001460313797,1.7059839594324444e-06
2014-03-03,89.66999816894531,81.46499633789062,-0.007416364414167487,0.00043000001460313797,1.7059839594324444e-06
2014-03-04,90.80999755859375,82.50067901611328,0.012713223160619513,0.00048000000417232515,1.9043067378543554e-06
2014-03-05,91.05999755859375,82.72783660888672,0.0027534027050744037,0.0005000000074505806,1.9836331146549924e-06
2014-03-06,90.9800033569336,82.6551513671875,-0.0008786068230316468,0.00045000001788139346,1.7853142850743353e-06
2014-03-07,90.52999877929688,82.24633026123047,-0.004946105586824068,0.00045000001788139346,1.7853142850743353e-06
2014-03-10,90.61000061035156,82.3189926147461,0.0008834722872721468,0.00039999999105930326,1.5869854355088364e-06
2014-03-11,90.22000122070312,81.96471405029297,-0.004303728133690288,0.00045000001788139346,1.7853142850743353e-06
2014-03-12,90.55999755859375,82.27354431152344,0.0037678440632511467,0.00039999999105930326,1.5869854355088364e-06
2014-03-13,89.27999877929688,81.11067962646484,-0.014134126526207269,0.00039999999105930326,1.5869854355088364e-06
2014-03-14,88.66999816894531,80.55650329589844,-0.006832347270649519,0.00039999999105930326,1.5869854355088364e-06
2014-03-17,89.44999694824219,81.26514434814453,0.008796819912144427,0.00043000001460313797,1.7059839594324444e-06
2014-03-18,90.52999877929688,82.24633026123047,0.012073883839822885,0.0005000000074505806,1.9836331146549924e-06
2014-03-19,90.04000091552734,81.80115509033203,-0.005412705581932631,0.0005000000074505806,1.9836331146549924e-06
2014-03-20,90.29000091552734,82.0282974243164,0.0027767619385514752,0.0005200000107288361,2.06295791183031e-06
2014-03-21,89.0,81.04122161865234,-0.012033357227422492,0.00045000001788139346,1.7853142850743353e-06
2014-03-24,88.22000122070312,80.33096313476562,-0.008764163097502498,0.00043000001460313797,1.7059839594324444e-06
2014-03-25,88.51000213623047,80.59504699707031,0.003287447977707636,0.00045000001788139346,1.7853142850743353e-06
2014-03-26,87.37000274658203,79.55697631835938,-0.012880080319931708,0.00037000000476837156,1.467983504754855e-06
2014-03-27,86.87999725341797,79.11079406738281,-0.005608335957755561,0.00032999999821186065,1.3093086357329753e-06
2014-03-28,87.05000305175781,79.26558685302734,0.0019566582217931394,0.00032999999821186065,1.3093086357329753e-06
2014-03-31,87.66999816894531,79.83015441894531,0.007122480111889873,0.00028000000864267347,1.1109562358946334e-06
2014-04-01,89.20999908447266,81.23242950439453,0.017565731842257737,0.00029999999329447744,1.1902983365619235e-06
2014-04-02,89.44000244140625,81.44185638427734,0.002578119122627953,0.00017999999225139617,7.142216607025631e-07
2014-04-03,88.7300033569336,80.79537963867188,-0.007937893047957001,0.00014999999664723872,5.95193620611667e-07
2014-04-04,86.37000274658203,78.64641571044922,-0.02659760914340792,0.00019999999552965163,7.935717363238837e-07
2014-04-07,85.55000305175781,77.89973449707031,-0.009494154395134125,0.00019999999552965163,7.935717363238837e-07
2014-04-08,86.33999633789062,78.61907958984375,0.009234243189885305,0.0002500000037252903,9.919400114632992e-07
2014-04-09,87.81999969482422,79.96673583984375,0.01714159281729999,0.00028000000864267347,1.1109562358946334e-06
2014-04-10,85.0999984741211,77.48997497558594,-0.03097238918465095,0.00028000000864267347,1.1109562358946334e-06
2014-04-11,84.11000061035156,76.58849334716797,-0.011633525868371852,0.00029999999329447744,1.1902983365619235e-06
2014-04-14,84.7699966430664,77.18948364257812,0.007847005067535662,0.00029999999329447744,1.1902983365619235e-06
2014-04-15,85.05000305175781,77.44445037841797,0.0033031278848871803,0.00029999999329447744,1.1902983365619235e-06
2014-04-16,86.18000030517578,78.47340393066406,0.013286343272091106,0.0002500000037252903,9.919400114632992e-07
2014-04-17,86.19999694824219,78.49158477783203,0.00023168164317222129,0.0002500000037252903,9.919400114632992e-07
2014-04-21,86.83999633789062,79.07439422607422,0.007425120156406617,0.0002500000037252903,9.919400114632992e-07
2014-04-22,87.52999877929688,79.70266723632812,0.007945340794615063,0.0002500000037252903,9.919400114632992e-07
2014-04-23,86.76000213623047,79.00153350830078,-0.008796866558410055,0.00014999999664723872,5.95193620611667e-07
2014-04-24,87.58999633789062,79.75729370117188,0.00956639902175671,7.000000216066837e-05,2.7776810318513867e-07
2014-04-25,86.19000244140625,78.4825210571289,-0.015983148184781526,7.000000216066837e-05,2.7776810318513867e-07
2014-04-28,86.47000122070312,78.7374267578125,0.0032479295676299813,3.0000000260770322e-05,1.1904584140687291e-07
2014-04-29,87.16000366210938,79.3657455444336,0.00797992533530123,0.00014999999664723872,5.95193620611667e-07
2014-04-30,87.38999938964844,79.5751953125,0.002639044925863532,0.00019999999552965163,7.935717363238837e-07
2014-05-01,87.6500015258789,79.81195831298828,0.002975336718414434,0.00017999999225139617,7.142216607025631e-07
2014-05-02,87.48999786376953,79.66625213623047,-0.001825618363935133,0.00014999999664723872,5.95193620611667e-07
2014-05-05,87.94999694824219,80.08512878417969,0.005257893232292865,0.00014999999664723872,5.95193620611667e-07
2014-05-06,86.80999755859375,79.04707336425781,-0.012961899864322057,0.00019999999552965163,7.935717363238837e-07
2014-05-07,86.55999755859375,78.81941986083984,-0.0028799738400043795,0.00019999999552965163,7.935717363238837e-07
2014-05-08,86.4800033569336,78.74659729003906,-0.0009239166049350711,0.00021999999880790712,8.72920231653751e-07
2014-05-09,86.80000305175781,79.03794860839844,0.003699859148024842,0.00021999999880790712,8.72920231653751e-07
2014-05-12,88.2300033569336,80.34007263183594,0.016474668768150957,0.00019999999552965163,7.935717363238837e-07
2014-05-13,88.29000091552734,80.39470672607422,0.0006800354100828798,0.00019999999552965163,7.935717363238837e-07
2014-05-14,87.83000183105469,79.97583770751953,-0.005210156683348344,0.00019999999552965163,7.935717363238837e-07
2014-05-15,87.13999938964844,79.3475341796875,-0.007856166885426119,0.00017999999225139617,7.142216607025631e-07
2014-05-16,87.70999908447266,79.86658477783203,0.006541483658069502,0.00014999999664723872,5.95193620611667e-07
2014-05-19,88.31999969482422,80.42201232910156,0.0069544422465863676,0.00017999999225139617,7.142216607025631e-07
2014-05-20,88.0,80.13066101074219,-0.0036227807527012823,0.0002500000037252903,9.919400114632992e-07
2014-05-21,88.83999633789062,80.89555358886719,0.00954556680897034,0.0002500000037252903,9.919400114632992e-07
2014-05-22,89.2300033569336,81.25064849853516,0.004389547928340454,0.00028000000864267347,1.1109562358946334e-06
2014-05-23,89.87999725341797,81.84251403808594,0.007284440807404202,0.00028000000864267347,1.1109562358946334e-06
2014-05-27,91.0,82.86235809326172,0.012461054833936114,0.00028000000864267347,1.1109562358946334e-06
2014-05-28,90.72000122070312,82.60740661621094,-0.003076806923160813,0.00028000000864267347,1.1109562358946334e-06
2014-05-29,91.30000305175781,83.13555145263672,0.0063934319942944295,0.00029999999329447744,1.1902983365619235e-06
2014-05-30,91.30999755859375,83.14462280273438,0.00010911517322198527,0.00029999999329447744,1.1902983365619235e-06
2014-06-02,91.22000122070312,83.06270599365234,-0.00098523279462559,0.0002500000037252903,9.919400114632992e-07
2014-06-03,91.18000030517578,83.02627563476562,-0.0004385886355484647,0.00029999999329447744,1.1902983365619235e-06
2014-06-04,91.5199966430664,83.33586883544922,0.0037288581032528523,0.00029999999329447744,1.1902983365619235e-06
2014-06-05,92.29000091552734,84.0370101928711,0.008413440301514363,0.00029999999329447744,1.1902983365619235e-06
2014-06-06,92.81999969482422,84.51962280273438,0.005742857923617839,0.00028000000864267347,1.1109562358946334e-06
2014-06-09,92.75,84.45587921142578,-0.0007541868881427716,0.00029999999329447744,1.1902983365619235e-06
2014-06-10,92.91000366210938,84.60159301757812,0.001725324601589584,0.00035000000149011613,1.3886468601675972e-06
2014-06-11,92.88999938964844,84.58336639404297,-0.0002154406658910757,0.00032999999821186065,1.3093086357329753e-06
2014-06-12,92.05000305175781,83.81849670410156,-0.009042790829324021,0.00032999999821186065,1.3093086357329753e-06
2014-06-13,92.31999969482422,84.06431579589844,0.002932754719577879,0.00029999999329447744,1.1902983365619235e-06
2014-06-16,92.4000015258789,84.13716888427734,0.0008666351196600086,0.0002500000037252903,9.919400114632992e-07
2014-06-17,92.44999694824219,84.1827163696289,0.0005413479673199717,0.00032999999821186065,1.3093086357329753e-06
2014-06-18,92.97000122070312,84.65619659423828,0.005624435098178893,0.00017999999225139617,7.142216607025631e-07
2014-06-19,92.91000366210938,84.60159301757812,-0.000645003896429186,9.999999776482581e-05,3.968056268011111e-07
2014-06-20,92.7699966430664,84.70109558105469,0.0011761310860409768,9.999999776482581e-05,3.968056268011111e-07
2014-06-23,92.79000091552734,84.71934509277344,0.00021545780008569437,4.999999888241291e-05,1.9840775355994822e-07
2014-06-24,92.69999694824219,84.63716888427734,-0.0009699816305958064,0.00021999999880790712,8.72920231653751e-07
2014-06-25,93.29000091552734,85.17586517333984,0.006364772075482028,0.00019999999552965163,7.935717363238837e-07
2014-06-26,93.33999633789062,85.22149658203125,0.0005357316723293426,0.0002500000037252903,9.919400114632992e-07
2014-06-27,93.75,85.5958480834961,0.004392688658131139,0.00017999999225139617,7.142216607025631e-07
2014-06-30,93.91000366210938,85.74192810058594,0.0017066250333468425,0.00019999999552965163,7.935717363238837e-07
2014-07-01,94.94000244140625,86.68233489990234,0.010967875579065423,0.0002500000037252903,9.919400114632992e-07
2014-07-02,95.0999984741211,86.82845306396484,0.0016856740676314264,7.000000216066837e-05,2.7776810318513867e-07
2014-07-03,95.69999694824219,87.37625122070312,0.006308970589798735,3.0000000260770322e-05,1.1904584140687291e-07
2014-07-07,95.41000366210938,87.1114730834961,-0.0030303215519996707,7.000000216066837e-05,2.7776810318513867e-07
2014-07-08,94.26000213623047,86.0615005493164,-0.012053206047535125,0.0002500000037252903,9.919400114632992e-07
2014-07-09,94.95999908447266,86.70060729980469,0.007426163225239701,0.00014999999664723872,5.95193620611667e-07
2014-07-10,94.66000366210938,86.42668151855469,-0.003159444781081877,0.00014999999664723872,5.95193620611667e-07
2014-07-11,95.2699966430664,86.983642578125,0.006444318464903009,0.00014999999664723872,5.95193620611667e-07
2014-07-14,95.83999633789062,87.50404357910156,0.005982745554822699,0.00014999999664723872,5.95193620611667e-07
2014-07-15,95.51000213623047,87.20277404785156,-0.003442921251720854,0.00019999999552965163,7.935717363238837e-07
2014-07-16,95.88999938964844,87.54974365234375,0.0039788826477216155,0.00017999999225139617,7.142216607025631e-07
2014-07-17,94.62000274658203,86.3901596069336,-0.013244859402613662,7.000000216066837e-05,2.7776810318513867e-07
2014-07-18,96.12000274658203,87.75972747802734,0.015853285574712883,9.999999776482581e-05,3.968056268011111e-07
2014-07-21,96.0,87.65015411376953,-0.0012485608992489627,0.00013000000268220902,5.158396307880508e-07
2014-07-22,96.61000061035156,88.20709991455078,0.006354190775960777,0.00019999999552965163,7.935717363238837e-07
2014-07-23,97.2300033569336,88.77314758300781,0.006417257443055879,0.00019999999552965163,7.935717363238837e-07
2014-07-24,97.12000274658203,88.67272186279297,-0.0011312623574706304,0.00019999999552965163,7.935717363238837e-07
2014-07-25,96.73999786376953,88.32577514648438,-0.003912665688163286,0.00019999999552965163,7.935717363238837e-07
2014-07-28,96.7699966430664,88.35317993164062,0.00031026939883394,0.0002500000037252903,9.919400114632992e-07
2014-07-29,96.5999984741211,88.19794464111328,-0.0017569858905751579,0.00028000000864267347,1.1109562358946334e-06
2014-07-30,96.9800033569336,88.54492950439453,0.003934160423955113,0.00028000000864267347,1.1109562358946334e-06
2014-07-31,95.0199966430664,86.75537109375,-0.020210738442744125,0.00017999999225139617,7.142216607025631e-07
2014-08-01,94.66999816894531,86.43583679199219,-0.00368316448571826,0.00017999999225139617,7.142216607025631e-07
2014-08-04,95.31999969482422,87.029296875,0.006865903137329266,0.00014999999664723872,5.95193620611667e-07
2014-08-05,94.58999633789062,86.36279296875,-0.0076583855113444566,0.0002500000037252903,9.919400114632992e-07
2014-08-06,94.5199966430664,86.29887390136719,-0.0007401227448253778,0.00019999999552965163,7.935717363238837e-07
2014-08-07,94.22000122070312,86.02495574951172,-0.0031740640343527193,0.00019999999552965163,7.935717363238837e-07
2014-08-08,94.9000015258789,86.64582824707031,0.007217353291833817,0.00019999999552965163,7.935717363238837e-07
2014-08-11,95.45999908447266,87.15709686279297,0.0059006720354126685,0.0002500000037252903,9.919400114632992e-07
2014-08-12,95.41999816894531,87.12059783935547,-0.0004187728223090659,0.0002500000037252903,9.919400114632992e-07
2014-08-13,96.43000030517578,88.04277038574219,0.0105850116879036,0.00029999999329447744,1.1902983365619235e-06
2014-08-14,96.93000030517578,88.49925231933594,0.005184774758833166,0.00028000000864267347,1.1109562358946334e-06
2014-08-15,97.4000015258789,88.92840576171875,0.004849232407458937,0.00021999999880790712,8.72920231653751e-07
2014-08-18,98.1500015258789,89.6131591796875,0.007700052779575639,0.00021999999880790712,8.72920231653751e-07
2014-08-19,98.69999694824219,90.11528015136719,0.005603205782231946,0.0002500000037252903,9.919400114632992e-07
2014-08-20,98.69999694824219,90.11528015136719,0.0,0.0002500000037252903,9.919400114632992e-07
2014-08-21,98.9000015258789,90.29792022705078,0.0020267381444836197,0.00014999999664723872,5.95193620611667e-07
2014-08-22,99.05000305175781,90.43484497070312,0.001516366526582713,0.00014999999664723872,5.95193620611667e-07
2014-08-25,99.4000015258789,90.75445556640625,0.0035341531884824917,0.00014999999664723872,5.95193620611667e-07
2014-08-26,99.5,90.84571838378906,0.0010056015080828207,0.0002500000037252903,9.919400114632992e-07
2014-08-27,99.5199966430664,90.86396789550781,0.00020088466515999492,0.0002500000037252903,9.919400114632992e-07
2014-08-28,99.41000366210938,90.76354217529297,-0.0011052315075028574,0.00021999999880790712,8.72920231653751e-07
2014-08-29,99.77999877929688,91.10136413574219,0.0037220006221967417,0.00017999999225139617,7.142216607025631e-07
2014-09-02,100.06999969482422,91.36614227294922,0.0029064124310203,0.00019999999552965163,7.935717363238837e-07
2014-09-03,99.4800033569336,90.82746124267578,-0.005895849566069811,0.00019999999552965163,7.935717363238837e-07
2014-09-04,99.38999938964844,90.74529266357422,-0.0009046666941622261,0.00019999999552965163,7.935717363238837e-07
2014-09-05,99.88999938964844,91.20182037353516,0.005030869332841803,0.00019999999552965163,7.935717363238837e-07
2014-09-08,100.08000183105469,91.3752670288086,0.0019017894002888447,0.00019999999552965163,7.935717363238837e-07
2014-09-09,99.25,90.61746978759766,-0.008293242426005931,0.00014999999664723872,5.95193620611667e-07
2014-09-10,100.06999969482422,91.36614227294922,0.00826190012926209,0.00014999999664723872,5.95193620611667e-07
2014-09-11,99.98999786376953,91.29309844970703,-0.0007994627049479064,9.999999776482581e-05,3.968056268011111e-07
2014-09-12,99.4800033569336,90.82746124267578,-0.005100464492261314,9.999999776482581e-05,3.968056268011111e-07
2014-09-15,98.5199966430664,89.95096588134766,-0.009650114066122262,9.999999776482581e-05,3.968056268011111e-07
2014-09-16,99.37999725341797,90.73614501953125,0.008728968393950431,0.00014999999664723872,5.95193620611667e-07
2014-09-17,99.52999877929688,90.87311553955078,0.0015095474905844064,0.00013000000268220902,5.158396307880508e-07
2014-09-18,100.27999877929688,91.55791473388672,0.007535773262201895,9.999999776482581e-05,3.968056268011111e-07
2014-09-19,99.9800033569336,91.50113677978516,-0.0006201315775549165,7.000000216066837e-05,2.7776810318513867e-07
2014-09-22,99.05000305175781,90.65000915527344,-0.009301825687260235,3.0000000260770322e-05,1.1904584140687291e-07
2014-09-23,98.77999877929688,90.40290832519531,-0.002725877607523075,7.000000216066837e-05,2.7776810318513867e-07
2014-09-24,99.83999633789062,91.37300872802734,0.010730853916141703,7.000000216066837e-05,2.7776810318513867e-07
2014-09-25,97.73999786376953,89.45108795166016,-0.02103379108471526,4.999999888241291e-05,1.9840775355994822e-07
2014-09-26,98.77999877929688,90.40290832519531,0.010640679675685272,4.999999888241291e-05,1.9840775355994822e-07
2014-09-29,98.6500015258789,90.2839584350586,-0.0013157750379980682,4.999999888241291e-05,1.9840775355994822e-07
2014-09-30,98.79000091552734,90.41204833984375,0.0014187448911791023,0.00013000000268220902,5.158396307880508e-07
2014-10-01,97.20999908447266,88.96605682373047,-0.01599334980972933,0.00013000000268220902,5.158396307880508e-07
2014-10-02,97.20999908447266,88.96605682373047,0.0,9.999999776482581e-05,3.968056268011111e-07
2014-10-03,98.16999816894531,89.8446273803711,0.009875345586928042,9.999999776482581e-05,3.968056268011111e-07
2014-10-06,97.95999908447266,89.65243530273438,-0.0021391604956303434,9.999999776482581e-05,3.968056268011111e-07
2014-10-07,96.56999969482422,88.38032531738281,-0.014189352258596855,9.999999776482581e-05,3.968056268011111e-07
2014-10-08,98.44999694824219,90.10089111328125,0.019467746805861053,4.999999888241291e-05,1.9840775355994822e-07
2014-10-09,96.86000061035156,88.64572143554688,-0.016150447123822964,4.999999888241291e-05,1.9840775355994822e-07
2014-10-10,94.44000244140625,86.43096160888672,-0.024984396209922877,4.999999888241291e-05,1.9840775355994822e-07
2014-10-13,92.95999908447266,85.07646942138672,-0.015671377042283607,4.999999888241291e-05,1.9840775355994822e-07
2014-10-14,92.97000122070312,85.08563232421875,0.0001077019638255905,4.999999888241291e-05,1.9840775355994822e-07
2014-10-15,92.37000274658203,84.53650665283203,-0.006453800205589055,9.999999776482581e-05,3.968056268011111e-07
2014-10-16,91.79000091552734,84.00569152832031,-0.006279123014766075,0.00019999999552965163,7.935717363238837e-07
2014-10-17,93.0,85.11308288574219,0.013182337259238563,0.00021999999880790712,8.72920231653751e-07
2014-10-20,94.38999938964844,86.38518524169922,0.014946026072921503,0.00019999999552965163,7.935717363238837e-07
2014-10-21,96.87000274658203,88.65487670898438,0.026274082308612723,0.00017999999225139617,7.142216607025631e-07
2014-10-22,96.37000274658203,88.19729614257812,-0.0051613693842053054,0.00014999999664723872,5.95193620611667e-07
2014-10-23,97.81999969482422,89.5243148803711,0.015046025171199462,0.00014999999664723872,5.95193620611667e-07
2014-10-24,98.62000274658203,90.2564468383789,0.008178023579249238,4.999999888241291e-05,1.9840775355994822e-07
2014-10-27,98.69000244140625,90.3205337524414,0.000710053589604076,4.999999888241291e-05,1.9840775355994822e-07
2014-10-28,100.18000030517578,91.68415832519531,0.015097614198023246,0.00014999999664723872,5.95193620611667e-07
2014-10-29,99.80999755859375,91.34555053710938,-0.0036931984136772122,0.00014999999664723872,5.95193620611667e-07
2014-10-30,100.0199966430664,91.53775787353516,0.002104178422436709,3.0000000260770322e-05,1.1904584140687291e-07
2014-10-31,101.4000015258789,92.80067443847656,0.01379667357251857,3.0000000260770322e-05,1.1904584140687291e-07
2014-11-03,101.69999694824219,93.07527923583984,0.0029590819142735203,3.0000000260770322e-05,1.1904584140687291e-07
2014-11-04,101.36000061035156,92.76411437988281,-0.00334315253751305,0.00021999999880790712,8.72920231653751e-07
2014-11-05,101.37000274658203,92.77325439453125,9.852963842260642e-05,0.00019999999552965163,7.935717363238837e-07
2014-11-06,101.69000244140625,93.0661392211914,0.003156996362492892,0.00017999999225139617,7.142216607025631e-07
2014-11-07,101.5999984741211,92.98373413085938,-0.0008854465332034378,0.00017999999225139617,7.142216607025631e-07
2014-11-10,101.95999908447266,93.3132095336914,0.00354336600817029,0.00014999999664723872,5.95193620611667e-07
2014-11-11,102.27999877929688,93.60608673095703,0.003138646701031922,0.00014999999664723872,5.95193620611667e-07
2014-11-12,102.45999908447266,93.77081298828125,0.0017597814744427787,0.00013000000268220902,5.158396307880508e-07
2014-11-13,102.9000015258789,94.17354583740234,0.004294863575208918,4.999999888241291e-05,1.9840775355994822e-07
2014-11-14,103.22000122070312,94.46638488769531,0.0031095680606374465,3.0000000260770322e-05,1.1904584140687291e-07
2014-11-17,102.91000366210938,94.18267059326172,-0.003003335999052781,9.999999776482581e-05,3.968056268011111e-07
2014-11-18,103.68000030517578,94.88734436035156,0.0074819896553268705,0.00014999999664723872,5.95193620611667e-07
2014-11-19,103.20999908447266,94.45720672607422,-0.0045331401903695445,0.00014999999664723872,5.95193620611667e-07
2014-11-20,103.66999816894531,94.8781967163086,0.004456938806747024,0.00014999999664723872,5.95193620611667e-07
2014-11-21,103.87000274658203,95.0612564086914,0.0019294179138982237,3.0000000260770322e-05,1.1904584140687291e-07
2014-11-24,104.68000030517578,95.80252838134766,0.007797834792645064,4.999999888241291e-05,1.9840775355994822e-07
2014-11-25,104.83999633789062,95.9489517211914,0.001528387009379406,0.00017999999225139617,7.142216607025631e-07
2014-11-26,105.5199966430664,96.5713119506836,0.006486368202339943,9.999999776482581e-05,3.968056268011111e-07
2014-11-28,106.01000213623047,97.0197525024414,0.004643620788612912,4.999999888241291e-05,1.9840775355994822e-07
2014-12-01,104.80999755859375,95.92151641845703,-0.011319716404726288,7.000000216066837e-05,2.7776810318513867e-07
2014-12-02,105.2300033569336,96.30591583251953,0.00400743679223714,0.00014999999664723872,5.95193620611667e-07
2014-12-03,105.41999816894531,96.47982025146484,0.0018057501186918845,4.999999888241291e-05,1.9840775355994822e-07
2014-12-04,105.37000274658203,96.43405151367188,-0.00047438664037391387,0.00013000000268220902,5.158396307880508e-07
2014-12-05,105.37999725341797,96.44318389892578,9.470083555096487e-05,9.999999776482581e-05,3.968056268011111e-07
2014-12-08,104.62999725341797,95.75679016113281,-0.007117078781973096,4.999999888241291e-05,1.9840775355994822e-07
2014-12-09,104.95999908447266,96.05879974365234,0.0031539234138000527,0.00028000000864267347,1.1109562358946334e-06
2014-12-10,103.30999755859375,94.54874420166016,-0.015720116699584064,0.0002500000037252903,9.919400114632992e-07
2014-12-11,103.80000305175781,94.99717712402344,0.004742875499296195,0.00021999999880790712,8.72920231653751e-07
2014-12-12,102.66999816894531,93.96300506591797,-0.010886345146396414,0.00014999999664723872,5.95193620611667e-07
2014-12-15,101.61000061035156,92.99292755126953,-0.010324036720280483,9.999999776482581e-05,3.968056268011111e-07
2014-12-16,99.9800033569336,91.50113677978516,-0.01604198094163567,0.00029999999329447744,1.1902983365619235e-06
2014-12-17,101.80000305175781,93.16681671142578,0.01820392609601562,0.00019999999552965163,7.935717363238837e-07
2014-12-18,104.25,95.40902709960938,0.02406662014790739,0.00032999999821186065,1.3093086357329753e-06
2014-12-19,104.31999969482422,95.82882690429688,0.004400000895609324,0.0002500000037252903,9.919400114632992e-07
2014-12-22,104.58000183105469,96.06765747070312,0.002492262235921583,0.00014999999664723872,5.95193620611667e-07
2014-12-23,104.20999908447266,95.72777557373047,-0.003537943007263511,0.00019999999552965163,7.935717363238837e-07
2014-12-24,104.30000305175781,95.8104476928711,0.0008636168410385281,0.00019999999552965163,7.935717363238837e-07
2014-12-26,105.04000091552734,96.49022674560547,0.007095040980431122,9.999999776482581e-05,3.968056268011111e-07
2014-12-29,105.0199966430664,96.47183990478516,-0.00019055650961197212,3.0000000260770322e-05,1.1904584140687291e-07
2014-12-30,104.31999969482422,95.82882690429688,-0.006665292183946292,0.00019999999552965163,7.935717363238837e-07
2014-12-31,103.25,94.84588623046875,-0.010257254581753084,0.00037000000476837156,1.467983504754855e-06
2015-01-02,102.94000244140625,94.56116485595703,-0.003001936993027421,0.00014999999664723872,5.95193620611667e-07
2015-01-05,101.43000030517578,93.174072265625,-0.014668734172690878,3.0000000260770322e-05,1.1904584140687291e-07
2015-01-06,100.06999969482422,91.92475891113281,-0.013408379864846776,0.00019999999552965163,7.935717363238837e-07
2015-01-07,101.36000061035156,93.1097640991211,0.012891033950209962,0.00019999999552965163,7.935717363238837e-07
2015-01-08,103.30000305175781,94.89185333251953,0.019139660062947872,0.00017999999225139617,7.142216607025631e-07
2015-01-09,102.62000274658203,94.2672119140625,-0.006582666441008023,0.00014999999664723872,5.95193620611667e-07
2015-01-12,101.55000305175781,93.28428649902344,-0.010427012691699544,0.00013000000268220902,5.158396307880508e-07
2015-01-13,101.5199966430664,93.25674438476562,-0.0002952492353371916,0.00023000000044703483,9.125938866816341e-07
2015-01-14,100.95999908447266,92.7423095703125,-0.005516328259655201,0.0002500000037252903,9.919400114632992e-07
2015-01-15,99.6500015258789,91.53892517089844,-0.012975570750712428,0.00023000000044703483,9.125938866816341e-07
2015-01-16,100.81999969482422,92.61370086669922,0.011741187629134009,0.00017999999225139617,7.142216607025631e-07
2015-01-20,101.62000274658203,93.34857940673828,0.00793487932305803,8.000000379979611e-05,3.1744768524966105e-07
2015-01-21,102.13999938964844,93.82624816894531,0.00511704372195898,0.00019999999552965163,7.935717363238837e-07
2015-01-22,104.02999877929688,95.5624008178711,0.01850391210143698,0.00014999999664723872,5.95193620611667e-07
2015-01-23,104.26000213623047,95.77371978759766,0.002211319179070248,0.00013000000268220902,5.158396307880508e-07
2015-01-26,104.13999938964844,95.66348266601562,-0.001151016393918014,4.999999888241291e-05,1.9840775355994822e-07
2015-01-27,101.44000244140625,93.18326568603516,-0.025926475922265046,0.00017999999225139617,7.142216607025631e-07
2015-01-28,100.91999816894531,92.70557403564453,-0.005126367345829275,0.00014999999664723872,5.95193620611667e-07
2015-01-29,101.88999938964844,93.59661865234375,0.009611553846337495,9.999999776482581e-05,3.968056268011111e-07
2015-01-30,101.0999984741211,92.87092590332031,-0.007753407756309616,4.999999888241291e-05,1.9840775355994822e-07
2015-02-02,101.9800033569336,93.67928314208984,0.00870409367524827,4.999999888241291e-05,1.9840775355994822e-07
2015-02-03,102.95999908447266,94.57952117919922,0.00960978785185529,0.00014999999664723872,5.95193620611667e-07
2015-02-04,102.87000274658203,94.49685668945312,-0.0008740210218390887,4.999999888241291e-05,1.9840775355994822e-07
2015-02-05,103.76000213623047,95.31437683105469,0.008651294553512878,8.000000379979611e-05,3.1744768524966105e-07
2015-02-06,103.12999725341797,94.7356948852539,-0.006071297584272051,0.00014999999664723872,5.95193620611667e-07
2015-02-09,102.80000305175781,94.43254089355469,-0.003199997551782463,3.0000000260770322e-05,1.1904584140687291e-07
2015-02-10,104.4000015258789,95.90231323242188,0.015564257034277329,4.999999888241291e-05,1.9840775355994822e-07
2015-02-11,104.77999877929688,96.25138092041016,0.003639825528945373,4.999999888241291e-05,1.9840775355994822e-07
2015-02-12,106.0,97.37207794189453,0.011643438366989,8.000000379979611e-05,3.1744768524966105e-07
2015-02-13,106.91000366210938,98.2080307006836,0.00858513833183161,4.999999888241291e-05,1.9840775355994822e-07
2015-02-17,107.01000213623047,98.29987335205078,0.0009351847370517863,8.000000379979611e-05,3.1744768524966105e-07
2015-02-18,107.16000366210938,98.43766784667969,0.0014017769294107918,0.00013000000268220902,5.158396307880508e-07
2015-02-19,107.69000244140625,98.92453002929688,0.004945893104410848,0.00013000000268220902,5.158396307880508e-07
2015-02-20,108.41000366210938,99.58592987060547,0.006685903295297058,9.999999776482581e-05,3.968056268011111e-07
2015-02-23,108.5199966430664,99.68695831298828,0.0010144851036093527,0.00014999999664723872,5.95193620611667e-07
2015-02-24,108.5999984741211,99.76045227050781,0.0007372474671036855,0.00017999999225139617,7.142216607025631e-07
2015-02-25,108.33000183105469,99.51242065429688,-0.0024862719701629343,0.00014999999664723872,5.95193620611667e-07
2015-02-26,108.87999725341797,100.01763916015625,0.005076939165358008,0.00013000000268220902,5.158396307880508e-07
2015-02-27,108.4000015258789,99.57672882080078,-0.00440832580190631,8.000000379979611e-05,3.1744768524966105e-07
2015-03-02,109.37999725341797,100.47694396972656,0.009040416968766118,4.999999888241291e-05,1.9840775355994822e-07
2015-03-03,108.87000274658203,100.00847625732422,-0.004662439898087345,0.00013000000268220902,5.158396307880508e-07
2015-03-04,108.44999694824219,99.62266540527344,-0.0038577815250186998,9.999999776482581e-05,3.968056268011111e-07
2015-03-05,108.63999938964844,99.79719543457031,0.0017519108587074061,3.0000000260770322e-05,1.1904584140687291e-07
2015-03-06,107.41000366210938,98.66728210449219,-0.011322095026397028,4.999999888241291e-05,1.9840775355994822e-07
2015-03-09,107.72000122070312,98.95208740234375,0.0028865221761145143,4.999999888241291e-05,1.9840775355994822e-07
2015-03-10,105.72000122070312,97.11486053466797,-0.0185668328572548,9.999999776482581e-05,3.968056268011111e-07
2015-03-11,105.11000061035156,96.55449676513672,-0.00577011351760337,0.00013000000268220902,5.158396307880508e-07
2015-03-12,105.80000305175781,97.1883316040039,0.006564529463697122,0.00017999999225139617,7.142216607025631e-07
2015-03-13,105.33999633789062,96.76580810546875,-0.00434747146660297,0.00023000000044703483,9.125938866816341e-07
2015-03-16,106.69999694824219,98.01508331298828,0.012910295816037642,0.00029999999329447744,1.1902983365619235e-06
2015-03-17,106.87000274658203,98.17127227783203,0.0015935196866077028,0.00048000000417232515,1.9043067378543554e-06
2015-03-18,107.91999816894531,99.13581085205078,0.009825059325797803,0.0003799999877810478,1.5076511605816023e-06
2015-03-19,108.08000183105469,99.28276824951172,0.0014823845812916847,9.999999776482581e-05,3.968056268011111e-07
2015-03-20,108.52999877929688,99.9254379272461,0.006473124078483217,3.0000000260770322e-05,1.1904584140687291e-07
2015-03-23,108.31999969482422,99.7320785522461,-0.00193503655336269,3.0000000260770322e-05,1.1904584140687291e-07
2015-03-24,107.93000030517578,99.37300872802734,-0.0036003443368589627,0.00014999999664723872,5.95193620611667e-07
2015-03-25,105.45999908447266,97.09882354736328,-0.02288534089662364,0.00017999999225139617,7.142216607025631e-07
2015-03-26,105.0999984741211,96.76737976074219,-0.003413468613854276,0.00028000000864267347,1.1109562358946334e-06
2015-03-27,105.5199966430664,97.15406036376953,0.003995980918191755,0.00029999999329447744,1.1902983365619235e-06
2015-03-30,106.7300033569336,98.26813507080078,0.0114670936331418,0.00023000000044703483,9.125938866816341e-07
2015-03-31,105.5999984741211,97.22771453857422,-0.010587567694013478,0.0002500000037252903,9.919400114632992e-07
2015-04-01,105.05000305175781,96.7213363647461,-0.005208166994681629,0.00032999999821186065,1.3093086357329753e-06
2015-04-02,105.12000274658203,96.78580474853516,0.0006665373557903642,9.999999776482581e-05,3.968056268011111e-07
2015-04-06,105.9800033569336,97.57762145996094,0.008181124427110387,3.0000000260770322e-05,1.1904584140687291e-07
2015-04-07,105.80000305175781,97.41185760498047,-0.0016987896661171398,0.00014999999664723872,5.95193620611667e-07
2015-04-08,106.63999938964844,98.18529510498047,0.007939870145341033,0.00017999999225139617,7.142216607025631e-07
2015-04-09,107.30999755859375,98.80216217041016,0.006282682806729056,0.00019999999552965163,7.935717363238837e-07
2015-04-10,107.75,99.20728302001953,0.004100323724805177,0.00014999999664723872,5.95193620611667e-07
2015-04-13,107.4800033569336,98.95867156982422,-0.0025059798295771207,4.999999888241291e-05,1.9840775355994822e-07
2015-04-14,107.16999816894531,98.67325592041016,-0.002884190388637964,9.999999776482581e-05,3.968056268011111e-07
2015-04-15,107.83999633789062,99.29015350341797,0.006251922846302049,0.00014999999664723872,5.95193620611667e-07
2015-04-16,107.69000244140625,99.15203857421875,-0.0013910234230272156,9.999999776482581e-05,3.968056268011111e-07
2015-04-17,106.01000213623047,97.6052017211914,-0.01560065607596639,0.00013000000268220902,5.158396307880508e-07
2015-04-20,107.5999984741211,99.0691909790039,0.014999090540219084,0.00013000000268220902,5.158396307880508e-07
2015-04-21,108.05999755859375,99.49270629882812,0.004274944769802058,0.00019999999552965163,7.935717363238837e-07
2015-04-22,108.6500015258789,100.03592681884766,0.005459902943919959,0.00019999999552965163,7.935717363238837e-07
2015-04-23,109.05999755859375,100.41341400146484,0.0037735161218706015,0.00019999999552965163,7.935717363238837e-07
2015-04-24,110.54000091552734,101.77608489990234,0.013570606198267665,0.00014999999664723872,5.95193620611667e-07
2015-04-27,110.26000213623047,101.51825714111328,-0.0025332843078277323,0.00013000000268220902,5.158396307880508e-07
2015-04-28,110.04000091552734,101.31572723388672,-0.0019950096951038,0.00013000000268220902,5.158396307880508e-07
2015-04-29,109.3499984741211,100.680419921875,-0.006270569529102987,3.0000000260770322e-05,1.1904584140687291e-07
2015-04-30,107.62999725341797,99.09678649902344,-0.01572930887734092,4.999999888241291e-05,1.9840775355994822e-07
2015-05-01,109.05000305175781,100.40421295166016,0.013193429361602949,3.0000000260770322e-05,1.1904584140687291e-07
2015-05-04,109.2300033569336,100.56993103027344,0.001650509214121021,3.0000000260770322e-05,1.1904584140687291e-07
2015-05-05,107.44999694824219,98.93103790283203,-0.016296055000257215,8.000000379979611e-05,3.1744768524966105e-07
2015-05-06,106.70999908447266,98.24974060058594,-0.006886588038379271,9.999999776482581e-05,3.968056268011111e-07
2015-05-07,107.3499984741211,98.83900451660156,0.005997612944456998,4.999999888241291e-05,1.9840775355994822e-07
2015-05-08,108.69000244140625,100.0727310180664,0.012482182590756619,3.0000000260770322e-05,1.1904584140687291e-07
2015-05-11,108.2699966430664,99.6860580444336,-0.0038639194683615097,4.999999888241291e-05,1.9840775355994822e-07
2015-05-12,107.77999877929688,99.23487854003906,-0.0045260040696305515,0.00013000000268220902,5.158396307880508e-07
2015-05-13,108.0,99.43743896484375,0.002041222076197391,9.999999776482581e-05,3.968056268011111e-07
2015-05-14,109.58000183105469,100.8921890258789,0.014629802176919338,9.999999776482581e-05,3.968056268011111e-07
2015-05-15,109.58000183105469,100.8921890258789,0.0,9.999999776482581e-05,3.968056268011111e-07
2015-05-18,110.05999755859375,101.33409881591797,0.0043800198440109295,8.000000379979611e-05,3.1744768524966105e-07
2015-05-19,109.94000244140625,101.2236328125,-0.0010901167988738303,9.999999776482581e-05,3.968056268011111e-07
2015-05-20,110.01000213623047,101.28809356689453,0.0006368152634270707,0.00013000000268220902,5.158396307880508e-07
2015-05-21,110.58000183105469,101.81287384033203,0.0051810657596287335,0.00013000000268220902,5.158396307880508e-07
2015-05-22,110.47000122070312,101.71162414550781,-0.0009944684891519673,9.999999776482581e-05,3.968056268011111e-07
2015-05-26,109.19999694824219,100.54230499267578,-0.011496416094577522,9.999999776482581e-05,3.968056268011111e-07
2015-05-27,110.95999908447266,102.16280364990234,0.016117580130519338,0.00013000000268220902,5.158396307880508e-07
2015-05-28,110.70999908447266,101.93260192871094,-0.0022532831223023297,3.0000000260770322e-05,1.1904584140687291e-07
2015-05-29,110.05000305175781,101.32494354248047,-0.0059613742289778004,3.0000000260770322e-05,1.1904584140687291e-07
2015-06-01,110.41999816894531,101.66558074951172,0.0033618297244688566,8.000000379979611e-05,3.1744768524966105e-07
2015-06-02,110.06999969482422,101.34335327148438,-0.003169484457294036,9.999999776482581e-05,3.968056268011111e-07
2015-06-03,110.4000015258789,101.64718627929688,0.0029980556001396597,9.999999776482581e-05,3.968056268011111e-07
2015-06-04,109.55999755859375,100.87378692626953,-0.007608664650119001,4.999999888241291e-05,1.9840775355994822e-07
2015-06-05,109.30000305175781,100.6343765258789,-0.002373365843453601,9.999999776482581e-05,3.968056268011111e-07
2015-06-08,108.19000244140625,99.61241149902344,-0.010155227886691987,9.999999776482581e-05,3.968056268011111e-07
2015-06-09,108.01000213623047,99.44667053222656,-0.0016638585925459193,0.00013000000268220902,5.158396307880508e-07
2015-06-10,109.48999786376953,100.8093032836914,0.013702145523547316,0.00013000000268220902,5.158396307880508e-07
2015-06-11,109.6500015258789,100.95662689208984,0.0014614088541395898,8.000000379979611e-05,3.1744768524966105e-07
2015-06-12,108.75,100.12799072265625,-0.008207843258464909,4.999999888241291e-05,1.9840775355994822e-07
2015-06-15,108.20999908447266,99.63082122802734,-0.0049653397720325065,3.0000000260770322e-05,1.1904584140687291e-07
2015-06-16,108.80000305175781,100.17402648925781,0.005452180906822202,8.000000379979611e-05,3.1744768524966105e-07
2015-06-17,109.0999984741211,100.45026397705078,0.0027575759652886944,3.0000000260770322e-05,1.1904584140687291e-07
2015-06-18,110.69000244140625,101.9142074584961,0.01457381417912229,3.0000000260770322e-05,1.1904584140687291e-07
2015-06-19,109.88999938964844,101.41030883789062,-0.004944341256940876,3.0000000260770322e-05,1.1904584140687291e-07
2015-06-22,110.69999694824219,102.1578140258789,0.007371096652345255,3.0000000260770322e-05,1.1904584140687291e-07
2015-06-23,110.79000091552734,102.24089813232422,0.0008132917411904916,8.000000379979611e-05,3.1744768524966105e-07
2015-06-24,110.22000122070312,101.71484375,-0.0051452441433307294,4.999999888241291e-05,1.9840775355994822e-07
2015-06-25,110.0,101.51180267333984,-0.0019961794087715035,4.999999888241291e-05,1.9840775355994822e-07
2015-06-26,109.2699966430664,100.83816528320312,-0.006636049921253551,4.999999888241291e-05,1.9840775355994822e-07
2015-06-29,106.69000244140625,98.4572525024414,-0.023611226702458743,4.999999888241291e-05,1.9840775355994822e-07
2015-06-30,107.06999969482422,98.80792999267578,0.003561723299415398,9.999999776482581e-05,3.968056268011111e-07
2015-07-01,107.91999816894531,99.59234619140625,0.007938798017412374,3.0000000260770322e-05,1.1904584140687291e-07
2015-07-02,107.94999694824219,99.62004852294922,0.0002781572339878302,3.0000000260770322e-05,1.1904584140687291e-07
2015-07-06,107.69999694824219,99.38929748535156,-0.0023163112347259762,4.999999888241291e-05,1.9840775355994822e-07
2015-07-07,107.97000122070312,99.63846588134766,0.002506994236807225,9.999999776482581e-05,3.968056268011111e-07
2015-07-08,106.08999633789062,97.90355682373047,-0.01741204104530436,9.999999776482581e-05,3.968056268011111e-07
2015-07-09,106.02999877929688,97.84818267822266,-0.0005655989149353502,8.000000379979611e-05,3.1744768524966105e-07
2015-07-10,107.6500015258789,99.34318542480469,0.015278799316063019,8.000000379979611e-05,3.1744768524966105e-07
2015-07-13,109.54000091552734,101.08731842041016,0.017556644556416368,8.000000379979611e-05,3.1744768524966105e-07
2015-07-14,110.26000213623047,101.75179290771484,0.00657327247064976,9.999999776482581e-05,3.968056268011111e-07
2015-07-15,110.37999725341797,101.86253356933594,0.0010883411334239312,0.00013000000268220902,5.158396307880508e-07
2015-07-16,111.94000244140625,103.30213165283203,0.014132753555714306,9.999999776482581e-05,3.968056268011111e-07
2015-07-17,113.58999633789062,104.82481384277344,0.014740084890587646,0.00013000000268220902,5.158396307880508e-07
2015-07-20,113.9800033569336,105.1846923828125,0.0034331426581768465,0.00023000000044703483,9.125938866816341e-07
2015-07-21,113.91000366210938,105.12013244628906,-0.0006137769200148524,0.00029999999329447744,1.1902983365619235e-06
2015-07-22,112.62000274658203,103.9296646118164,-0.011324831949587999,0.00029999999329447744,1.1902983365619235e-06
2015-07-23,112.19999694824219,103.5420913696289,-0.0037291878467530237,0.00029999999329447744,1.1902983365619235e-06
2015-07-24,111.0999984741211,102.52696228027344,-0.009804023425909136,0.00029999999329447744,1.1902983365619235e-06
2015-07-27,110.18000030517578,101.67791748046875,-0.008281185562522442,0.00028000000864267347,1.1109562358946334e-06
2015-07-28,111.12999725341797,102.55462646484375,0.008622412870950225,0.00043000001460313797,1.7059839594324444e-06
2015-07-29,111.55000305175781,102.9422378540039,0.0037795602453198907,0.00045000001788139346,1.7853142850743353e-06
2015-07-30,112.08000183105469,103.43135070800781,0.004751333021316029,0.0005999999865889549,2.3802411603934814e-06
2015-07-31,111.94999694824219,103.31134796142578,-0.0011602163730879411,0.0005799999833106995,2.3009226801651295e-06
2015-08-03,111.5999984741211,102.98835754394531,-0.0031263788911268797,0.0006300000101327896,2.499215993712056e-06
2015-08-04,111.38999938964844,102.79456329345703,-0.0018817102739558944,0.0007500000298023224,2.9750795063065993e-06
2015-08-05,112.25,103.58822631835938,0.007720865768324758,0.0007500000298023224,2.9750795063065993e-06
2015-08-06,110.44999694824219,101.92710876464844,-0.01603577561609948,0.00028000000864267347,1.1109562358946334e-06
2015-08-07,110.30999755859375,101.79793548583984,-0.001267310339458927,0.0005499999970197678,2.1819420727986483e-06
2015-08-10,111.56999969482422,102.96067810058594,0.01142206479136143,0.0006499999761581421,2.578530378549715e-06
2015-08-11,110.13999938964844,101.64105224609375,-0.012816794516475438,0.0009799999743700027,3.886992030022185e-06
2015-08-12,110.5199966430664,101.99170684814453,0.003449930852760019,0.0009000000357627869,3.569828905813921e-06
2015-08-13,110.33999633789062,101.82559967041016,-0.0016286341592625098,0.0008299999684095383,3.2922899788623283e-06
2015-08-14,110.51000213623047,101.98248291015625,0.0015407052868228188,0.0007999999821186065,3.173338974260531e-06
2015-08-17,111.43000030517578,102.83148956298828,0.008325024343445175,0.0005999999865889549,2.3802411603934814e-06
2015-08-18,110.86000061035156,102.30547332763672,-0.005115322529966382,0.0008500000089406968,3.3715888723140353e-06
2015-08-19,110.12999725341797,101.63178253173828,-0.00658509045494482,0.00039999999105930326,1.5869854355088364e-06
2015-08-20,107.08000183105469,98.81714630126953,-0.02769444912165908,0.00014999999664723872,5.95193620611667e-07
2015-08-21,102.4000015258789,94.49827575683594,-0.04370567969314154,0.00019999999552965163,7.935717363238837e-07
2015-08-24,98.45999908447266,90.86231231689453,-0.03847650563802363,0.00014999999664723872,5.95193620611667e-07
2015-08-25,98.08999633789062,90.52085876464844,-0.003757922768410582,0.0005299999937415123,2.102619644395176e-06
2015-08-26,103.02999877929688,95.07968139648438,0.05036212309572474,0.0005499999970197678,2.1819420727986483e-06
2015-08-27,105.63999938964844,97.48826599121094,0.02533227456540077,0.0005000000074505806,1.9836331146549924e-06
2015-08-28,105.62000274658203,97.4698486328125,-0.000188918719716491,0.0005000000074505806,1.9836331146549924e-06
2015-08-31,104.30999755859375,96.26091766357422,-0.012403127594796559,3.0000000260770322e-05,1.1904584140687291e-07
2015-09-01,101.05000305175781,93.25247192382812,-0.03125303407412361,0.0003799999877810478,1.5076511605816023e-06
2015-09-02,103.9000015258789,95.88253021240234,0.028203630791927337,0.0002500000037252903,9.919400114632992e-07
2015-09-03,103.38999938964844,95.41191101074219,-0.004908289347575923,0.00014999999664723872,5.95193620611667e-07
2015-09-04,102.16000366210938,94.27679443359375,-0.011897011233960475,0.0002500000037252903,9.919400114632992e-07
2015-09-08,105.04000091552734,96.93458557128906,0.028191360914030517,0.0002500000037252903,9.919400114632992e-07
2015-09-09,103.86000061035156,95.84559631347656,-0.011234269496222526,0.00035000000149011613,1.3886468601675972e-06
2015-09-10,104.98999786376953,96.88842010498047,0.010880247310405489,0.00014999999664723872,5.95193620611667e-07
2015-09-11,105.56999969482422,97.4236831665039,0.005524530805058658,0.00023000000044703483,9.125938866816341e-07
2015-09-14,105.25,97.12836456298828,-0.0030312814494080076,0.0002500000037252903,9.919400114632992e-07
2015-09-15,106.48999786376953,98.2726821899414,0.01178149793936889,0.0005799999833106995,2.3009226801651295e-06
2015-09-16,107.08999633789062,98.82638549804688,0.005634356321274181,0.0005299999937415123,2.102619644395176e-06
2015-09-17,107.12999725341797,98.86331176757812,0.0003736478810305588,3.0000000260770322e-05,1.1904584140687291e-07
2015-09-18,105.3499984741211,97.45718383789062,-0.014222949894630577,9.999999776482581e-05,3.968056268011111e-07
2015-09-21,105.68000030517578,97.7624740600586,0.0031325573974698706,0.00013000000268220902,5.158396307880508e-07
2015-09-22,104.0999984741211,96.30084228515625,-0.014950846824973163,3.0000000260770322e-05,1.1904584140687291e-07
2015-09-23,104.18000030517578,96.37482452392578,0.0007682408275355712,3.0000000260770322e-05,1.1904584140687291e-07
2015-09-24,103.80000305175781,96.02328491210938,-0.003647629072768166,4.999999888241291e-05,1.9840775355994822e-07
2015-09-25,102.91999816894531,95.2092056274414,-0.008477936215295023,0.00019999999552965163,7.935717363238837e-07
2015-09-28,99.98999786376953,92.49872589111328,-0.028468672944655937,0.00013000000268220902,5.158396307880508e-07
2015-09-29,99.47000122070312,92.01773071289062,-0.0052000194985265535,3.0000000260770322e-05,1.1904584140687291e-07
2015-09-30,101.76000213623047,94.13613891601562,0.023021739253000773,4.999999888241291e-05,1.9840775355994822e-07
2015-10-01,102.22000122070312,94.56167602539062,0.004520443628505344,0.00017999999225139617,7.142216607025631e-07
2015-10-02,104.01000213623047,96.21757507324219,0.01751131237782788,8.000000379979611e-05,3.1744768524966105e-07
2015-10-05,105.5,97.59593963623047,0.014325496791402825,8.000000379979611e-05,3.1744768524966105e-07
2015-10-06,105.0,97.13337707519531,-0.004739567678320067,4.999999888241291e-05,1.9840775355994822e-07
2015-10-07,105.62999725341797,97.71620178222656,0.006000251659942446,4.999999888241291e-05,1.9840775355994822e-07
2015-10-08,106.05000305175781,98.10474395751953,0.003976230842034578,3.0000000260770322e-05,1.1904584140687291e-07
2015-10-09,106.52999877929688,98.54876708984375,0.004526010816729542,3.0000000260770322e-05,1.1904584140687291e-07
2015-10-12,106.79000091552734,98.78929138183594,0.0024406626190758285,9.999999776482581e-05,3.968056268011111e-07
2015-10-13,106.0999984741211,98.1509780883789,-0.006461361191364867,4.999999888241291e-05,1.9840775355994822e-07
2015-10-14,105.93000030517578,97.9937515258789,-0.0016018848264398589,9.999999776482581e-05,3.968056268011111e-07
2015-10-15,107.66999816894531,99.60334777832031,0.01642549884434552,4.999999888241291e-05,1.9840775355994822e-07
2015-10-16,108.12000274658203,100.01964569091797,0.004179557433392489,4.999999888241291e-05,1.9840775355994822e-07
2015-10-19,108.73999786376953,100.59321594238281,0.005734575917588192,4.999999888241291e-05,1.9840775355994822e-07
2015-10-20,108.18000030517578,100.0751724243164,-0.005149885240403607,9.999999776482581e-05,3.968056268011111e-07
2015-10-21,107.5199966430664,99.46460723876953,-0.006101065536595729,4.999999888241291e-05,1.9840775355994822e-07
2015-10-22,109.70999908447266,101.49052429199219,0.020368220510430968,4.999999888241291e-05,1.9840775355994822e-07
2015-10-23,112.77999877929688,104.33052062988281,0.02798287187599735,3.0000000260770322e-05,1.1904584140687291e-07
2015-10-26,112.8499984741211,104.3952865600586,0.0006207764495447243,8.000000379979611e-05,3.1744768524966105e-07
2015-10-27,113.08000183105469,104.6080551147461,0.002038104992078349,9.999999776482581e-05,3.968056268011111e-07
2015-10-28,114.0199966430664,105.47761535644531,0.008312555287882883,0.00035000000149011613,1.3886468601675972e-06
2015-10-29,113.83999633789062,105.31110382080078,-0.0015786433460960314,0.0005299999937415123,2.102619644395176e-06
2015-10-30,113.33000183105469,104.83930969238281,-0.004480003639699581,0.0006800000369548797,2.697499438486517e-06
2015-11-02,114.61000061035156,106.02342987060547,0.011294620135301026,0.0005299999937415123,2.102619644395176e-06
2015-11-03,115.01000213623047,106.3934555053711,0.0034900364496528447,0.0005799999833106995,2.3009226801651295e-06
2015-11-04,115.0199966430664,106.40269470214844,8.683989756197441e-05,0.0005499999970197678,2.1819420727986483e-06
2015-11-05,114.70999908447266,106.11592102050781,-0.0026951731104497556,0.00039999999105930326,1.5869854355088364e-06
2015-11-06,114.79000091552734,106.18992614746094,0.0006973989034013695,0.000729999989271164,2.8957727200573657e-06
2015-11-09,113.56999969482422,105.06136322021484,-0.010627777682780448,0.0007500000298023224,2.9750795063065993e-06
2015-11-10,113.27999877929688,104.7930679321289,-0.0025537008074374423,0.00125,4.957232130120559e-06
2015-11-11,113.13999938964844,104.66356658935547,-0.0012357815772443548,0.0012300000339746475,4.877965086302893e-06
2015-11-12,112.04000091552734,103.6459732055664,-0.009722517748526172,0.0012300000339746475,4.877965086302893e-06
2015-11-13,109.83999633789062,101.61079406738281,-0.019635872723652414,0.0011299999803304672,4.481605323736204e-06
2015-11-16,111.41999816894531,103.07242584228516,0.014384611283847049,0.0009799999743700027,3.886992030022185e-06
2015-11-17,111.48999786376953,103.1371841430664,0.0006282795835264032,0.0013500000536441803,5.3535445796448755e-06
2015-11-18,113.62999725341797,105.11682891845703,0.01919428760673325,0.0012300000339746475,4.877965086302893e-06
2015-11-19,113.70999908447266,105.19084930419922,0.000704172552613791,0.0008799999952316285,3.490533957872799e-06
2015-11-20,114.4800033569336,105.90314483642578,0.006771459085444631,0.0009300000220537186,3.6887680732178296e-06
2015-11-23,114.1500015258789,105.5978775024414,-0.0028825143432320566,0.0010499999672174453,4.164489238123181e-06
2015-11-24,114.05000305175781,105.50537872314453,-0.0008759530161459583,0.0015299999713897705,6.066806950366654e-06
2015-11-25,114.1500015258789,105.5978775024414,0.0008767209825348843,0.0017499999701976775,6.938399087941249e-06
2015-11-27,114.30999755859375,105.74590301513672,0.001401784924056848,0.001599999964237213,6.344152377879553e-06
2015-11-30,114.0199966430664,105.47761535644531,-0.0025370974292309167,0.0017000000178813935,6.74032689618187e-06
2015-12-01,115.16000366210938,106.53223419189453,0.009998508516572802,0.002029999941587448,8.0474223642657e-06
2015-12-02,114.44999694824219,105.87541198730469,-0.006165478548086467,0.0020000000298023225,7.92861354415031e-06
2015-12-03,112.51000213623047,104.08074951171875,-0.016950701224200504,0.0019799999892711638,7.84940530218492e-06
2015-12-04,115.13999938964844,106.51370239257812,0.02337562798378423,0.0020499999821186068,8.126626669380244e-06
2015-12-07,114.62000274658203,106.03266143798828,-0.004516235411823999,0.0023499999940395353,9.314499976431634e-06
2015-12-08,114.62999725341797,106.04192352294922,8.735124475167666e-05,0.0026800000667572023,1.06207519157131e-05
2015-12-09,112.88999938964844,104.43228149414062,-0.015179298671060382,0.002450000047683716,9.71037925112661e-06
2015-12-10,113.4000015258789,104.90408325195312,0.004517776984877653,0.0023000000417232516,9.116545881981963e-06
2015-12-11,110.79000091552734,102.48961639404297,-0.02301594735937229,0.0021299999952316285,8.443427555571148e-06
2015-12-14,111.62999725341797,103.26667022705078,0.00758178106570595,0.0019799999892711638,7.84940530218492e-06
2015-12-15,112.30999755859375,103.89571380615234,0.006091448264173627,0.0025,9.908303843175759e-06
2015-12-16,113.9800033569336,105.44060516357422,0.014869635144952431,0.0023499999940395353,9.314499976431634e-06
2015-12-17,112.31999969482422,103.90496826171875,-0.014563999319552212,0.0021299999952316285,8.443427555571148e-06
2015-12-18,109.83000183105469,101.91184997558594,-0.019182126894187523,0.0017499999701976775,6.938399087941249e-06
2015-12-21,111.05000305175781,103.04386138916016,0.011107750608446487,0.0015299999713897705,6.066806950366654e-06
2015-12-22,111.77999877929688,103.72122955322266,0.006573590652861228,0.0019300000369548798,7.651378397754982e-06
2015-12-23,112.61000061035156,104.49142456054688,0.007425625502530453,0.001899999976158142,7.532557176226362e-06
2015-12-24,112.58999633789062,104.47286224365234,-0.00017764440452983088,0.0018299999833106995,7.255294467878315e-06
2015-12-28,112.52999877929688,104.41717529296875,-0.0005330279030139051,0.001899999976158142,7.532557176226362e-06
2015-12-29,114.30000305175781,106.05957794189453,0.015729238454474714,0.002150000035762787,8.522623988538314e-06
2015-12-30,113.2699966430664,105.10383605957031,-0.009011367958185024,0.0019499999284744263,7.730589986598702e-06
2015-12-31,111.86000061035156,103.79547119140625,-0.012448307475880438,0.0014800000190734863,5.868691420829464e-06
2016-01-04,109.5,101.60567474365234,-0.021097225366564998,0.001550000011920929,6.146050639976863e-06
2016-01-05,109.30999755859375,101.42933654785156,-0.0017355152283144992,0.0020499999821186068,8.126626669380244e-06
2016-01-06,108.26000213623047,100.4550552368164,-0.009605517931939866,0.0020499999821186068,8.126626669380244e-06
2016-01-07,104.87000274658203,97.30943298339844,-0.03131372777609209,0.001899999976158142,7.532557176226362e-06
2016-01-08,104.01000213623047,96.51143646240234,-0.008200608065738413,0.001899999976158142,7.532557176226362e-06
2016-01-11,104.33000183105469,96.80833435058594,0.003076297473815437,0.0017499999701976775,6.938399087941249e-06
2016-01-12,105.54000091552734,97.93109893798828,0.011597809165234896,0.0020999999344348905,8.324629954037377e-06
2016-01-13,101.9000015258789,94.55355834960938,-0.03448894809724978,0.002150000035762787,8.522623988538314e-06
2016-01-14,104.06999969482422,96.56712341308594,0.021295497479126624,0.0023999999463558195,9.512444235859618e-06
2016-01-15,100.83999633789062,93.5699691772461,-0.03103700441628454,0.0022300000488758086,8.839393389026284e-06
2016-01-19,101.05999755859375,93.77410888671875,0.0021816797768305918,0.0023000000417232516,9.116545881981963e-06
2016-01-20,100.75,93.48645782470703,-0.003067489154807146,0.002529999911785126,1.0027053643169026e-05
2016-01-21,100.8499984741211,93.57923126220703,0.0009923730095107164,0.0027300000190734865,1.081863128815641e-05
2016-01-22,103.7699966430664,96.28872680664062,0.02895402652797663,0.0028799998760223387,1.1412210443539905e-05
2016-01-25,102.2300033569336,94.85977172851562,-0.014840315429598627,0.002750000059604645,1.0897780521101907e-05
2016-01-26,103.1500015258789,95.71344757080078,0.008999345314980811,0.0030000001192092896,1.1887011517552892e-05
2016-01-27,100.58000183105469,93.3287353515625,-0.02491512195790746,0.0030000001192092896,1.1887011517552892e-05
2016-01-28,102.0,94.64634704589844,0.014117963662237498,0.0031799998879432677,1.2599104693311602e-05
2016-01-29,104.12999725341797,96.6227798461914,0.020882293527234586,0.0030000001192092896,1.1887011517552892e-05
2016-02-01,104.41000366210938,96.88258361816406,0.0026888459676508436,0.0029499998688697817,1.1689184023611077e-05
2016-02-02,102.1500015258789,94.78553771972656,-0.02164523096021498,0.0033000001311302186,1.3073764350224337e-05
2016-02-03,101.66000366210938,94.33084869384766,-0.00479702955553607,0.003330000042915344,1.3192419839880287e-05
2016-02-04,101.6500015258789,94.32156372070312,-9.842986968844336e-05,0.0028299999237060545,1.1214360551070612e-05
2016-02-05,98.12000274658203,91.04607391357422,-0.03472683952556177,0.0027799999713897707,1.1016500832905507e-05
2016-02-08,96.62000274658203,89.65422821044922,-0.015287267679946481,0.0025999999046325685,1.0304123532201004e-05
2016-02-09,96.31999969482422,89.37583923339844,-0.003105140522734806,0.0030000001192092896,1.1887011517552892e-05
2016-02-10,96.69000244140625,89.71918487548828,0.00384159348918911,0.0029800000786781313,1.1807881934666753e-05
2016-02-11,96.55000305175781,89.58929443359375,-0.0014477443377889365,0.0027300000190734865,1.081863128815641e-05
2016-02-12,98.0199966430664,90.9532699584961,0.015224760207408039,0.0027000001072883606,1.0699905079958327e-05
2016-02-16,100.2300033569336,93.00395202636719,0.022546545812007324,0.0027300000190734865,1.081863128815641e-05
2016-02-17,102.5,95.11029815673828,0.022647920700981983,0.002930000126361847,1.161005169048046e-05
2016-02-18,101.33000183105469,94.0246353149414,-0.011414776978279972,0.0028799998760223387,1.1412210443539905e-05
2016-02-19,101.62999725341797,94.30304718017578,0.0029610523274226086,0.0028299999237060545,1.1214360551070612e-05
2016-02-22,103.27999877929688,95.8340835571289,0.016235280011980047,0.002930000126361847,1.161005169048046e-05
2016-02-23,101.58000183105469,94.25662994384766,-0.01646025667205231,0.0031799998879432677,1.2599104693311602e-05
2016-02-24,102.55000305175781,95.15668487548828,0.009548982731260702,0.0031499999761581423,1.2480431532013725e-05
2016-02-25,103.55999755859375,96.09386444091797,0.0098488042816538,0.003100000023841858,1.2282634681115567e-05
2016-02-26,103.43000030517578,95.97323608398438,-0.0012553179917929036,0.003030000030994415,1.2005702355821768e-05
2016-02-29,102.5,95.11029815673828,-0.008991443473792549,0.0030799999833106993,1.2203512955499818e-05
2016-03-01,105.79000091552734,98.16312408447266,0.032097743219177355,0.003199999928474426,1.2678218563211274e-05
2016-03-02,105.83000183105469,98.20023345947266,0.00037803783596035423,0.003030000030994415,1.2005702355821768e-05
2016-03-03,105.62999725341797,98.0146255493164,-0.0018900964245960328,0.002630000114440918,1.0422862714465353e-05
2016-03-04,105.66999816894531,98.05175018310547,0.0003787662665750702,0.0026499998569488527,1.0502018630953458e-05
2016-03-07,105.0199966430664,97.44861602783203,-0.006151181943689132,0.0026499998569488527,1.0502018630953458e-05
2016-03-08,104.1500015258789,96.6413345336914,-0.008284176082193562,0.003050000071525574,1.2084828010072712e-05
2016-03-09,104.81999969482422,97.26304626464844,0.006433186523725931,0.0028799998760223387,1.1412210443539905e-05
2016-03-10,104.66000366210938,97.11457061767578,-0.0015265370834536274,0.003030000030994415,1.2005702355821768e-05
2016-03-11,106.48999786376953,98.8126449584961,0.0174852684825777,0.0030799999833106993,1.2203512955499818e-05
2016-03-14,106.66999816894531,98.97965240478516,0.001690142454533028,0.0030799999833106993,1.2203512955499818e-05
2016-03-15,106.62999725341797,98.94254302978516,-0.00037491922934052013,0.0032499998807907103,1.2875995776040483e-05
2016-03-16,107.58000183105469,99.8240737915039,0.00890952197836059,0.0030000001192092896,1.1887011517552892e-05
2016-03-17,107.5199966430664,99.76837158203125,-0.0005580037696016893,0.002750000059604645,1.0897780521101907e-05
2016-03-18,107.37000274658203,99.92474365234375,0.0015673511337601642,0.002800000011920929,1.1095646135217407e-05
2016-03-21,107.79000091552734,100.31562042236328,0.003911711511409566,0.0028799998760223387,1.1412210443539905e-05
2016-03-22,108.12000274658203,100.62271881103516,0.003061321730144062,0.0029499998688697817,1.1689184023611077e-05
2016-03-23,107.2300033569336,99.79444122314453,-0.008231516676130535,0.002930000126361847,1.161005169048046e-05
2016-03-24,107.26000213623047,99.82233428955078,0.0002795052115567298,0.002750000059604645,1.0897780521101907e-05
2016-03-28,107.11000061035156,99.6827621459961,-0.001398205567401778,0.0025499999523162843,1.0106218603311845e-05
2016-03-29,108.83000183105469,101.28347778320312,0.0160580987399066,0.0022499999403953553,8.918581361649913e-06
2016-03-30,109.36000061035156,101.77674865722656,0.004870200795032753,0.0018500000238418578,7.334514522172597e-06
2016-03-31,109.19999694824219,101.62784576416016,-0.001463034485095327,0.0019300000369548798,7.651378397754982e-06
2016-04-01,110.36000061035156,102.70738983154297,0.01062252239300654,0.0021799999475479127,8.641415096377614e-06
2016-04-04,109.94000244140625,102.31651306152344,-0.0038057317069456476,0.0018299999833106995,7.255294467878315e-06
2016-04-05,108.87999725341797,101.33004760742188,-0.009641312282684944,0.0021799999475479127,8.641415096377614e-06
2016-04-06,110.66999816894531,102.99588775634766,0.016439745053507426,0.002199999988079071,8.720607594048246e-06
2016-04-07,109.08000183105469,101.51615905761719,-0.0143668716389046,0.002199999988079071,8.720607594048246e-06
2016-04-08,109.0,101.44171905517578,-0.0007332822984285059,0.0021799999475479127,8.641415096377614e-06
2016-04-11,108.5999984741211,101.0694351196289,-0.003669929285646134,0.0020999999344348905,8.324629954037377e-06
2016-04-12,109.51000213623047,101.91633605957031,0.008379397183124526,0.0023000000417232516,9.116545881981963e-06
2016-04-13,110.91000366210938,103.21925354003906,0.012784186822681676,0.0022300000488758086,8.839393389026284e-06
2016-04-14,110.91999816894531,103.22857666015625,9.032345998871705e-05,0.002150000035762787,8.522623988538314e-06
2016-04-15,110.63999938964844,102.96797943115234,-0.002524467908356698,0.0020999999344348905,8.324629954037377e-06
2016-04-18,111.2300033569336,103.51707458496094,0.00533267873024279,0.0019799999892711638,7.84940530218492e-06
2016-04-19,110.55000305175781,102.88423156738281,-0.006113416749028433,0.002150000035762787,8.522623988538314e-06
2016-04-20,110.63999938964844,102.96797943115234,0.0008140009649066915,0.0021799999475479127,8.641415096377614e-06
2016-04-21,110.6500015258789,102.97727966308594,9.032159303279386e-05,0.0022499999403953553,8.918581361649913e-06
2016-04-22,108.9800033569336,101.4230728149414,-0.015092716113976556,0.0022499999403953553,8.918581361649913e-06
2016-04-25,108.9800033569336,101.4230728149414,0.0,0.0023800000548362733,9.433268066239009e-06
2016-04-26,108.44999694824219,100.92984008789062,-0.004863121510336632,0.002450000047683716,9.71037925112661e-06
2016-04-27,107.58000183105469,100.12019348144531,-0.008021875450711757,0.002450000047683716,9.71037925112661e-06
2016-04-28,106.27999877929688,98.91031646728516,-0.01208424566602917,0.0020999999344348905,8.324629954037377e-06
2016-04-29,105.72000122070312,98.3891372680664,-0.005269209702621125,0.0019300000369548798,7.651378397754982e-06
2016-05-02,106.72000122070312,99.3198013305664,0.009459012329423588,0.0018500000238418578,7.334514522172597e-06
2016-05-03,105.7300033569336,98.39845275878906,-0.009276584925002163,0.002029999941587448,8.0474223642657e-06
2016-05-04,105.05000305175781,97.7656478881836,-0.006431044928691176,0.0019799999892711638,7.84940530218492e-06
2016-05-05,105.0199966430664,97.73768615722656,-0.00028600772931008933,0.0018299999833106995,7.255294467878315e-06
2016-05-06,105.58000183105469,98.25886535644531,0.005332428254750665,0.0018000000715255738,7.136462023105139e-06
2016-05-09,105.87999725341797,98.53805541992188,0.002841372760246763,0.002029999941587448,8.0474223642657e-06
2016-05-10,107.33000183105469,99.88748931884766,0.01369454565726036,0.0024300000071525575,9.631206425053662e-06
2016-05-11,106.36000061035156,98.98477935791016,-0.009037267500597523,0.0024799999594688417,9.829134950400942e-06
2016-05-12,105.88999938964844,98.54735565185547,-0.0044191006828741,0.0025799998641014097,1.0224962504246093e-05
2016-05-13,105.5,98.18441009521484,-0.0036829558159107156,0.0025799998641014097,1.0224962504246093e-05
2016-05-16,106.81999969482422,99.4128646850586,0.012511707191115606,0.0025799998641014097,1.0224962504246093e-05
2016-05-17,105.4800033569336,98.1657943725586,-0.012544355465972545,0.0026800000667572023,1.06207519157131e-05
2016-05-18,105.86000061035156,98.51943969726562,0.0036025310747740402,0.0027000001072883606,1.0699905079958327e-05
2016-05-19,105.30999755859375,98.00757598876953,-0.005195560491096707,0.0028999999165534975,1.1491347885472791e-05
2016-05-20,106.47000122070312,99.0871353149414,0.011015059961237972,0.0029800000786781313,1.1807881934666753e-05
2016-05-23,106.33000183105469,98.95684814453125,-0.0013148747311751974,0.0031299999356269835,1.2401313734144992e-05
2016-05-24,108.45999908447266,100.93914031982422,0.020031884730177918,0.0034299999475479125,1.3587913403778629e-05
2016-05-25,109.23999786376953,101.66504669189453,0.007191525207865812,0.0031499999761581423,1.2480431532013725e-05
2016-05-26,109.55999755859375,101.9628677368164,0.002929434005223497,0.002750000059604645,1.0897780521101907e-05
2016-05-27,110.12999725341797,102.49333190917969,0.005202523076660581,0.0029800000786781313,1.1807881934666753e-05
2016-05-31,110.33999633789062,102.68878173828125,0.0019069516568623879,0.0028299999237060545,1.1214360551070612e-05
2016-06-01,110.3499984741211,102.69808197021484,9.05671659179319e-05,0.0029499998688697817,1.1689184023611077e-05
2016-06-02,110.58000183105469,102.91214752197266,0.0020844162583280035,0.0027000001072883606,1.0699905079958327e-05
2016-06-03,110.05999755859375,102.42822265625,-0.004702310440264923,0.0027000001072883606,1.0699905079958327e-05
2016-06-06,110.45999908447266,102.80045318603516,0.0036340621767338988,0.0025,9.908303843175759e-06
2016-06-07,110.18000030517578,102.53986358642578,-0.0025349071091913533,0.0026499998569488527,1.0502018630953458e-05
2016-06-08,110.37000274658203,102.71670532226562,0.0017246145026397208,0.0023499999940395353,9.314499976431634e-06
2016-06-09,110.19000244140625,102.5491943359375,-0.0016308056786145109,0.0023999999463558195,9.512444235859618e-06
2016-06-10,108.94000244140625,101.38587188720703,-0.011344042791009978,0.0023999999463558195,9.512444235859618e-06
2016-06-13,108.02999877929688,100.5389633178711,-0.008353319388308189,0.002450000047683716,9.71037925112661e-06
2016-06-14,108.02999877929688,100.5389633178711,0.0,0.002630000114440918,1.0422862714465353e-05
2016-06-15,107.72000122070312,100.25045013427734,-0.0028696653921282955,0.0025499999523162843,1.0106218603311845e-05
2016-06-16,108.04000091552734,100.54827880859375,0.0029708462547299863,0.002450000047683716,9.71037925112661e-06
2016-06-17,106.48999786376953,99.36971282958984,-0.0117213938713705,0.0024799999594688417,9.829134950400942e-06
2016-06-20,107.16000366210938,99.99494171142578,0.006291946147697347,0.0024799999594688417,9.829134950400942e-06
2016-06-21,107.5,100.31217956542969,0.0031725390162176126,0.0026499998569488527,1.0502018630953458e-05
2016-06-22,107.23999786376953,100.0695571899414,-0.002418673151549089,0.0026800000667572023,1.06207519157131e-05
2016-06-23,108.7699966430664,101.49725341796875,0.014267038529184761,0.002750000059604645,1.0897780521101907e-05
2016-06-24,104.29000091552734,97.31681823730469,-0.04118766803914298,0.0023800000548362733,9.433268066239009e-06
2016-06-27,102.22000122070312,95.38522338867188,-0.019848520364924682,0.0023499999940395353,9.314499976431634e-06
2016-06-28,104.45999908447266,97.47543334960938,0.02191335184507981,0.0025999999046325685,1.0304123532201004e-05
2016-06-29,106.30999755859375,99.20174407958984,0.01771021344207635,0.0025499999523162843,1.0106218603311845e-05
2016-06-30,107.54000091552734,100.34950256347656,0.011569942590584636,0.0024799999594688417,9.829134950400942e-06
2016-07-01,108.08000183105469,100.8534164428711,0.005021588214408679,0.0024300000071525575,9.631206425053662e-06
2016-07-05,107.41999816894531,100.23751831054688,-0.006106864338830786,0.0023800000548362733,9.433268066239009e-06
2016-07-06,108.30000305175781,101.05868530273438,0.00819221191852959,0.002630000114440918,1.0422862714465353e-05
2016-07-07,108.62000274658203,101.35728454589844,0.002954711336977889,0.0027000001072883606,1.0699905079958327e-05
2016-07-08,110.30000305175781,102.9249496459961,0.015466723552442385,0.0027300000190734865,1.081863128815641e-05
2016-07-11,110.93000030517578,103.5128402709961,0.005711837868485947,0.002750000059604645,1.0897780521101907e-05
2016-07-12,111.48999786376953,104.035400390625,0.005048263754147353,0.0029499998688697817,1.1689184023611077e-05
2016-07-13,111.22000122070312,103.78343963623047,-0.002421875183336475,0.0029800000786781313,1.1807881934666753e-05
2016-07-14,111.9800033569336,104.49266052246094,0.006833661407989133,0.003030000030994415,1.2005702355821768e-05
2016-07-15,111.80000305175781,104.32466125488281,-0.0016077614134631935,0.0029800000786781313,1.1807881934666753e-05
2016-07-18,112.54000091552734,105.01518249511719,0.006618964604613531,0.0028799998760223387,1.1412210443539905e-05
2016-07-19,112.12999725341797,104.63260650634766,-0.0036430540773217945,0.003100000023841858,1.2282634681115567e-05
2016-07-20,113.44000244140625,105.85499572753906,0.011682679635026005,0.0031499999761581423,1.2480431532013725e-05
2016-07-21,113.18000030517578,105.61241149902344,-0.0022916653753405347,0.003030000030994415,1.2005702355821768e-05
2016-07-22,113.6500015258789,106.05095672607422,0.004152402362811669,0.003030000030994415,1.2005702355821768e-05
2016-07-25,113.66000366210938,106.06031799316406,8.827140630152108e-05,0.0029800000786781313,1.1807881934666753e-05
2016-07-26,113.79000091552734,106.1816177368164,0.0011436864036196148,0.0030799999833106993,1.2203512955499818e-05
2016-07-27,114.58000183105469,106.91879272460938,0.006942585764893261,0.0028299999237060545,1.1214360551070612e-05
2016-07-28,114.9800033569336,107.29205322265625,0.0034910654014610465,0.002199999988079071,8.720607594048246e-06
2016-07-29,115.2300033569336,107.52532196044922,0.0021741473929004496,0.0023999999463558195,9.512444235859618e-06
2016-08-01,115.83999633789062,108.09451293945312,0.005293552891785458,0.0023800000548362733,9.433268066239009e-06
2016-08-02,114.95999908447266,107.27339935302734,-0.007596255943959962,0.002800000011920929,1.1095646135217407e-05
2016-08-03,115.33999633789062,107.62799072265625,0.00330549205830577,0.0026800000667572023,1.06207519157131e-05
2016-08-04,115.66999816894531,107.93592834472656,0.002861129525904005,0.0024799999594688417,9.829134950400942e-06
2016-08-05,116.77999877929688,108.9716796875,0.009595983086053028,0.0025,9.908303843175759e-06
2016-08-08,116.6500015258789,108.85038757324219,-0.0011130608852285562,0.0025,9.908303843175759e-06
2016-08-09,116.91999816894531,109.10234832763672,0.002314743750682524,0.002930000126361847,1.161005169048046e-05
2016-08-10,116.62000274658203,108.82240295410156,-0.0025658968649737712,0.0027300000190734865,1.081863128815641e-05
2016-08-11,117.12000274658203,109.28894805908203,0.004287215612921669,0.002750000059604645,1.0897780521101907e-05
2016-08-12,117.19999694824219,109.36359405517578,0.0006830150479022468,0.002630000114440918,1.0422862714465353e-05
2016-08-15,117.69999694824219,109.83015441894531,0.004266139639980571,0.002750000059604645,1.0897780521101907e-05
2016-08-16,117.05000305175781,109.22364044189453,-0.005522290123869289,0.0028799998760223387,1.1412210443539905e-05
2016-08-17,117.26000213623047,109.41962432861328,0.0017943357859695475,0.0028799998760223387,1.1412210443539905e-05
2016-08-18,117.29000091552734,109.44761657714844,0.0002558247545347836,0.0028499999642372133,1.1293501922970961e-05
2016-08-19,117.26000213623047,109.41962432861328,-0.00025575932496824105,0.002930000126361847,1.161005169048046e-05
2016-08-22,117.3499984741211,109.50357055664062,0.0007671953595382863,0.002800000011920929,1.1095646135217407e-05
2016-08-23,117.55999755859375,109.69953918457031,0.0017896094797047457,0.003050000071525574,1.2084828010072712e-05
2016-08-24,116.80000305175781,108.99036407470703,-0.006464704547847644,0.003050000071525574,1.2084828010072712e-05
2016-08-25,116.61000061035156,108.81306457519531,-0.001626744722039719,0.003050000071525574,1.2084828010072712e-05
2016-08-26,116.77999877929688,108.9716796875,0.001457684451071417,0.003050000071525574,1.2084828010072712e-05
2016-08-29,116.94000244140625,109.12100219726562,0.001370287309453655,0.003050000071525574,1.2084828010072712e-05
2016-08-30,116.55999755859375,108.76639556884766,-0.0032496643293004057,0.0032499998807907103,1.2875995776040483e-05
2016-08-31,116.44000244140625,108.65443420410156,-0.0010293745982896674,0.003199999928474426,1.2678218563211274e-05
2016-09-01,116.73999786376953,108.93436431884766,0.002576334015234494,0.0031499999761581423,1.2480431532013725e-05
2016-09-02,117.12000274658203,109.28894805908203,0.003255021888194154,0.003030000030994415,1.2005702355821768e-05
2016-09-06,117.8499984741211,109.97016143798828,0.006233140596595188,0.003030000030994415,1.2005702355821768e-05
2016-09-07,117.91999816894531,110.03546142578125,0.0005937973259209084,0.0033000001311302186,1.3073764350224337e-05
2016-09-08,117.2300033569336,109.39161682128906,-0.005851246463181914,0.003330000042915344,1.3192419839880287e-05
2016-09-09,114.27999877929688,106.63885498046875,-0.02516428516928715,0.003330000042915344,1.3192419839880287e-05
2016-09-12,116.33000183105469,108.55181121826172,0.017938641953191725,0.003499999940395355,1.3864735776802917e-05
2016-09-13,115.29000091552734,107.58130645751953,-0.00894047505841078,0.003449999988079071,1.3667007641382511e-05
2016-09-14,115.83999633789062,108.09451293945312,0.004770405740854633,0.0031499999761581423,1.2480431532013725e-05
2016-09-15,117.63999938964844,109.7741928100586,0.015538992913972427,0.0027799999713897707,1.1016500832905507e-05
2016-09-16,117.29000091552734,109.7218017578125,-0.0004772620130921723,0.0027300000190734865,1.081863128815641e-05
2016-09-19,116.77999877929688,109.24470520019531,-0.004348238453742104,0.0023800000548362733,9.433268066239009e-06
2016-09-20,117.0,109.45049285888672,0.0018837311914960964,0.0028799998760223387,1.1412210443539905e-05
2016-09-21,118.1500015258789,110.52631378173828,0.009829292630400444,0.0022300000488758086,8.839393389026284e-06
2016-09-22,119.08999633789062,111.40567779541016,0.007956150744413693,0.001599999964237213,6.344152377879553e-06
2016-09-23,118.33000183105469,110.69469451904297,-0.0063819303507390845,0.0016500000655651093,6.5422448567442615e-06
2016-09-26,117.33999633789062,109.7685775756836,-0.00836640768903385,0.0017299999296665192,6.859171156836652e-06
2016-09-27,118.5,110.85372924804688,0.009885813375098973,0.0025499999523162843,1.0106218603311845e-05
2016-09-28,118.69999694824219,111.04080963134766,0.0016876327442458816,0.002630000114440918,1.0422862714465353e-05
2016-09-29,117.83999633789062,110.23631286621094,-0.007245054928972761,0.0023499999940395353,9.314499976431634e-06
2016-09-30,118.72000122070312,111.05952453613281,0.007467699603858957,0.0025999999046325685,1.0304123532201004e-05
2016-10-03,118.55000305175781,110.90049743652344,-0.0014319087018749288,0.0028799998760223387,1.1412210443539905e-05
2016-10-04,118.37000274658203,110.73211669921875,-0.0015183046171732828,0.0031499999761581423,1.2480431532013725e-05
2016-10-05,118.79000091552734,111.12499237060547,0.0035479830341713647,0.0031299999356269835,1.2401313734144992e-05
2016-10-06,118.7300033569336,111.06889343261719,-0.0005048273731366182,0.003100000023841858,1.2282634681115567e-05
2016-10-07,118.47000122070312,110.8256607055664,-0.0021899266260210215,0.003100000023841858,1.2282634681115567e-05
2016-10-10,119.22000122070312,111.52725982666016,0.006330655884450032,0.0030799999833106993,1.2203512955499818e-05
2016-10-11,117.5199966430664,109.93694305419922,-0.014259444506505958,0.003199999928474426,1.2678218563211274e-05
2016-10-12,117.41999816894531,109.84342956542969,-0.0008506102332082044,0.003400000035762787,1.3469269692478747e-05
2016-10-13,117.0,109.45049285888672,-0.0035772436102690097,0.002750000059604645,1.0897780521101907e-05
2016-10-14,117.13999938964844,109.58148956298828,0.0011968580559107433,0.0028999999165534975,1.1491347885472791e-05
2016-10-17,116.81999969482422,109.28213500976562,-0.002731798540214103,0.0029499998688697817,1.1689184023611077e-05
2016-10-18,117.86000061035156,110.25503540039062,0.008902648090999055,0.003330000042915344,1.3192419839880287e-05
2016-10-19,117.8499984741211,110.24565887451172,-8.504396960062888e-05,0.003230000138282776,1.2796887012278546e-05
2016-10-20,117.70999908447266,110.11469268798828,-0.0011879486944017525,0.003199999928474426,1.2678218563211274e-05
2016-10-21,118.1500015258789,110.52631378173828,0.0037381123599584676,0.0031499999761581423,1.2480431532013725e-05
2016-10-24,119.56999969482422,111.85468292236328,0.012018578157308335,0.0031299999356269835,1.2401313734144992e-05
2016-10-25,119.19000244140625,111.49919128417969,-0.003178156058341708,0.0032499998807907103,1.2875995776040483e-05
2016-10-26,118.37999725341797,110.74147033691406,-0.006795752852901016,0.0031299999356269835,1.2401313734144992e-05
2016-10-27,117.83999633789062,110.23631286621094,-0.004561592591883268,0.002750000059604645,1.0897780521101907e-05
2016-10-28,117.0999984741211,109.54407501220703,-0.006279580983845512,0.0027300000190734865,1.081863128815641e-05
2016-10-31,116.98999786376953,109.441162109375,-0.0009394657156999164,0.0029499998688697817,1.1689184023611077e-05
2016-11-01,116.11000061035156,108.6179428100586,-0.007522026296592932,0.003449999988079071,1.3667007641382511e-05
2016-11-02,115.18000030517578,107.7479476928711,-0.008009681408796987,0.003449999988079071,1.3667007641382511e-05
2016-11-03,114.05000305175781,106.69086456298828,-0.009810703150429978,0.003580000102519989,1.4181081326114509e-05
2016-11-04,113.6500015258789,106.31666564941406,-0.0035073191608949728,0.003580000102519989,1.4181081326114509e-05
2016-11-07,116.3499984741211,108.84245300292969,0.023757210011124297,0.0038999998569488525,1.5446208866176647e-05
2016-11-08,117.11000061035156,109.55342864990234,0.006532153836642296,0.004199999868869781,1.663190214928889e-05
2016-11-09,117.6500015258789,110.05857849121094,0.004610990705940399,0.004180000126361847,1.6552867928343318e-05
2016-11-10,115.75,108.28118133544922,-0.016149555810441973,0.004580000042915344,1.8133274553022716e-05
2016-11-11,115.80000305175781,108.32793426513672,0.0004317733618242059,0.004580000042915344,1.8133274553022716e-05
2016-11-14,114.62999725341797,107.23345947265625,-0.01010334776440669,0.005030000209808349,1.9910484006846474e-05
2016-11-15,116.22000122070312,108.72087097167969,0.013870777892815322,0.004880000054836273,1.9318168543502878e-05
2016-11-16,116.91000366210938,109.36634063720703,0.005936943475144618,0.00453000009059906,1.793575815267623e-05
2016-11-17,117.76000213623047,110.1614990234375,0.007270595153843429,0.004199999868869781,1.663190214928889e-05
2016-11-18,117.31999969482422,109.7498550415039,-0.0037367318489921475,0.004180000126361847,1.6552867928343318e-05
2016-11-21,118.54000091552734,110.89115142822266,0.01039906965059001,0.004199999868869781,1.663190214928889e-05
2016-11-22,118.9000015258789,111.2279281616211,0.0030370027640702624,0.004749999940395355,1.880475731463882e-05
2016-11-23,118.41999816894531,110.7789077758789,-0.0040369392216830224,0.0048500001430511475,1.919969535379984e-05
2016-11-25,118.80000305175781,111.13439178466797,0.003208950295016999,0.004799999892711639,1.9002230639442175e-05
2016-11-28,118.52999877929688,110.88179779052734,-0.0022728697218233895,0.0044999998807907105,1.7817242670359335e-05
2016-11-29,118.94000244140625,111.26535034179688,0.0034591119454441266,0.004679999947547912,1.8528277979878993e-05
2016-11-30,117.5,109.91826629638672,-0.012106950108655035,0.004679999947547912,1.8528277979878993e-05
2016-12-01,115.47000122070312,108.01922607421875,-0.017276839293001056,0.004580000042915344,1.8133274553022716e-05
2016-12-02,115.69999694824219,108.23440551757812,0.0019920476305905765,0.004550000131130219,1.8014766123286563e-05
2016-12-05,116.5999984741211,109.07630920410156,0.007778521834138186,0.00453000009059906,1.793575815267623e-05
2016-12-06,116.87999725341797,109.33824157714844,0.0024013681335399717,0.0048500001430511475,1.919969535379984e-05
2016-12-07,118.36000061035156,110.72276306152344,0.012662737797901169,0.004880000054836273,1.9318168543502878e-05
2016-12-08,118.56999969482422,110.91920471191406,0.0017741758330351853,0.004900000095367432,1.9397149105149225e-05
2016-12-09,119.5,111.78917694091797,0.00784329667043182,0.005199999809265137,2.0581666154928513e-05
2016-12-12,118.95999908447266,111.28402709960938,-0.004518772345694755,0.005,1.9792027252663047e-05
2016-12-13,120.45999908447266,112.68724060058594,0.01260929836516933,0.005230000019073486,2.0700099434334263e-05
2016-12-14,120.20999908447266,112.45336151123047,-0.0020754709061022725,0.005230000019073486,2.0700099434334263e-05
2016-12-15,120.4000015258789,112.63111877441406,0.0015807198717296966,0.004880000054836273,1.9318168543502878e-05
2016-12-16,119.5999984741211,112.2136001586914,-0.0037069561260320016,0.0048500001430511475,1.919969535379984e-05
2016-12-19,120.08999633789062,112.6733627319336,0.0040972090066799804,0.004779999852180481,1.8923242248503058e-05
2016-12-20,120.55000305175781,113.10494232177734,0.0038303604275178316,0.005130000114440918,2.030531128216495e-05
2016-12-21,120.45999908447266,113.02047729492188,-0.0007467845800687156,0.005030000209808349,1.9910484006846474e-05
2016-12-22,120.12000274658203,112.70150756835938,-0.002822229512711827,0.0049300000071525575,1.951561642354882e-05
2016-12-23,120.19999694824219,112.77655792236328,0.0006659214736624008,0.005,1.9792027252663047e-05
2016-12-27,120.81999969482422,113.35826110839844,0.005158015076462963,0.004950000047683716,1.9594593070992872e-05
2016-12-28,119.87999725341797,112.47633361816406,-0.007780001930261071,0.004950000047683716,1.9594593070992872e-05
2016-12-29,119.70999908447266,112.31681060791016,-0.0014182806740078435,0.004399999976158142,1.7422168738567834e-05
2016-12-30,118.4800033569336,111.16278839111328,-0.01027470607962222,0.004799999892711639,1.9002230639442175e-05
2017-01-03,119.54000091552734,112.15731811523438,0.008946606490491726,0.004749999940395355,1.880475731463882e-05
2017-01-04,120.19000244140625,112.76719665527344,0.005437706163876399,0.005180000066757202,2.050271024822692e-05
2017-01-05,120.87000274658203,113.40518951416016,0.005657610349550923,0.0050800001621246335,2.0107902535482225e-05
2017-01-06,121.93000030517578,114.39971923828125,0.008769702060212214,0.005030000209808349,1.9910484006846474e-05
2017-01-09,122.33000183105469,114.7750015258789,0.003280447627812766,0.0048500001430511475,1.919969535379984e-05
2017-01-10,122.5999984741211,115.02833557128906,0.0022072231935716946,0.005030000209808349,1.9910484006846474e-05
2017-01-11,122.93000030517578,115.33795166015625,0.0026916506035619125,0.004979999959468842,1.9713054518755158e-05
2017-01-12,122.73999786376953,115.15969848632812,-0.0015454858636066993,0.005030000209808349,1.9910484006846474e-05
2017-01-13,123.16000366210938,115.55375671386719,0.003421841431669348,0.005130000114440918,2.030531128216495e-05
2017-01-17,122.79000091552734,115.20658874511719,-0.003004384960063722,0.005130000114440918,2.030531128216495e-05
2017-01-18,123.04000091552734,115.44114685058594,0.0020359782198540177,0.005149999856948853,2.038427110107044e-05
2017-01-19,122.9800033569336,115.38487243652344,-0.00048747275644567267,0.005030000209808349,1.9910484006846474e-05
2017-01-20,123.25,115.63817596435547,0.002195292350575473,0.004799999892711639,1.9002230639442175e-05
2017-01-23,123.3499984741211,115.73204040527344,0.000811708072487205,0.0047299998998641965,1.872576500860923e-05
2017-01-24,124.18000030517578,116.5107650756836,0.006728686953787477,0.0049300000071525575,1.951561642354882e-05
2017-01-25,125.43000030517578,117.68355560302734,0.01006594134526484,0.004830000102519989,1.9120710877951197e-05
2017-01-26,125.55999755859375,117.80550384521484,0.0010362385939362007,0.004880000054836273,1.9318168543502878e-05
2017-01-27,125.80000305175781,118.03072357177734,0.001911792906199139,0.004979999959468842,1.9713054518755158e-05
2017-01-30,124.81999969482422,117.11123657226562,-0.007790234370227855,0.004950000047683716,1.9594593070992872e-05
2017-01-31,124.56999969482422,116.87664794921875,-0.0020031265138432675,0.005,1.9792027252663047e-05
2017-02-01,125.43000030517578,117.68355560302734,0.006903925360343788,0.005,1.9792027252663047e-05
2017-02-02,125.31999969482422,117.58035278320312,-0.0008769519181791585,0.004880000054836273,1.9318168543502878e-05
2017-02-03,125.68000030517578,117.91812896728516,0.0028727264044259293,0.004880000054836273,1.9318168543502878e-05
2017-02-06,125.83000183105469,118.0588607788086,0.0011934705270169044,0.005030000209808349,1.9910484006846474e-05
2017-02-07,126.29000091552734,118.49042510986328,0.003655501401654604,0.005249999761581421,2.0779051429498097e-05
2017-02-08,126.5,118.68746185302734,0.001662891689192314,0.005249999761581421,2.0779051429498097e-05
2017-02-09,126.95999908447266,119.11905670166016,0.003636397997686336,0.00527999997138977,2.0897478841597206e-05
2017-02-10,127.37999725341797,119.51314544677734,0.0033083601904622117,0.005230000019073486,2.0700099434334263e-05
2017-02-13,128.10000610351562,120.18865966796875,0.005652216906065988,0.005230000019073486,2.0700099434334263e-05
2017-02-14,128.52999877929688,120.59209442138672,0.0033566790288908077,0.005350000262260437,2.1173794996443007e-05
2017-02-15,129.2899932861328,121.30514526367188,0.005912915317595635,0.005199999809265137,2.0581666154928513e-05
2017-02-16,129.25,121.26761627197266,-0.0003093767508183243,0.0050800001621246335,2.0107902535482225e-05
2017-02-17,129.80999755859375,121.7930908203125,0.0043331811450910696,0.0050800001621246335,2.0107902535482225e-05
2017-02-21,130.4499969482422,122.39352416992188,0.004929945907155231,0.005049999952316284,1.9989451650825885e-05
2017-02-22,130.5,122.4404525756836,0.00038342229362209324,0.0050999999046325685,2.0186866266591608e-05
2017-02-23,130.00999450683594,121.98070526123047,-0.0037548645466574104,0.004979999959468842,1.9713054518755158e-05
2017-02-24,130.25999450683594,122.21524810791016,0.0019227864454249843,0.004979999959468842,1.9713054518755158e-05
2017-02-27,130.4199981689453,122.36540222167969,0.001228603763394176,0.004900000095367432,1.9397149105149225e-05
2017-02-28,130.02000427246094,121.99009704589844,-0.00306708570369707,0.005230000019073486,2.0700099434334263e-05
2017-03-01,131.44000244140625,123.3224105834961,0.010921489283645558,0.006150000095367432,2.4330319886356477e-05
2017-03-02,130.77999877929688,122.703125,-0.005021679194932682,0.006449999809265136,2.5513371394669804e-05
2017-03-03,131.02000427246094,122.92830657958984,0.0018351739582007642,0.006830000281333923,2.701140246941236e-05
2017-03-06,130.72999572753906,122.6562271118164,-0.0022133182774894955,0.007049999833106994,2.7878423401794805e-05
2017-03-07,130.50999450683594,122.44982147216797,-0.0016827978856733816,0.007350000143051147,2.9060424316496025e-05
2017-03-08,130.74000549316406,122.66561126708984,0.0017622712089533366,0.007080000042915344,2.799663997921087e-05
2017-03-09,130.83999633789062,122.75946044921875,0.000765081436920001,0.007129999995231629,2.8193658248021336e-05
2017-03-10,131.38999938964844,123.2754898071289,0.004203581182434579,0.0072500002384185795,2.8666463756321647e-05
2017-03-13,131.61000061035156,123.48188781738281,0.001674282621604961,0.007279999852180481,2.8784654605873428e-05
2017-03-14,131.2899932861328,123.18163299560547,-0.00243156973937253,0.00753000020980835,2.976945611155024e-05
2017-03-15,132.10000610351562,123.94165802001953,0.006169954123283805,0.007149999737739563,2.8272461888301237e-05
2017-03-16,132.00999450683594,123.85717010498047,-0.0006816748814625351,0.007080000042915344,2.799663997921087e-05
2017-03-17,131.69000244140625,123.81391906738281,-0.0003492009187759937,0.007080000042915344,2.799663997921087e-05
2017-03-20,131.80999755859375,123.9267349243164,0.0009111726515351748,0.0070999997854232786,2.8075447516373586e-05
2017-03-21,129.80999755859375,122.04637908935547,-0.015173124960560669,0.00753000020980835,2.976945611155024e-05
2017-03-22,130.69000244140625,122.87371826171875,0.006778891586431746,0.0074800002574920655,2.9572515752640527e-05
2017-03-23,130.36000061035156,122.56348419189453,-0.002524820394573135,0.0074800002574920655,2.9572515752640527e-05
2017-03-24,130.6300048828125,122.81733703613281,0.002071194743785476,0.0074800002574920655,2.9572515752640527e-05
2017-03-27,130.83999633789062,123.01478576660156,0.0016076617131883797,0.007580000162124634,2.9966386736024475e-05
2017-03-28,131.63999938964844,123.76693725585938,0.006114317759207344,0.007730000019073487,3.0557120212826305e-05
2017-03-29,132.25,124.34042358398438,0.0046335987691079605,0.007549999952316284,2.9848228590534376e-05
2017-03-30,132.47000122070312,124.54728698730469,0.0016636858501659635,0.007580000162124634,2.9966386736024475e-05
2017-03-31,132.3800048828125,124.46266174316406,-0.0006794627662122243,0.00737999975681305,2.9178603479840248e-05
2017-04-03,132.3000030517578,124.3874282836914,-0.0006044660978559158,0.007400000095367431,2.925738998937888e-05
2017-04-04,132.50999450683594,124.58487701416016,0.0015873688618952553,0.007799999713897705,3.083276492499287e-05
2017-04-05,131.97000122070312,124.07720184326172,-0.004074934157865195,0.007799999713897705,3.083276492499287e-05
2017-04-06,132.0399932861328,124.14300537109375,0.0005303434221151093,0.007879999876022338,3.1147766114791864e-05
2017-04-07,131.97000122070312,124.07720184326172,-0.0005300623070573218,0.007979999780654907,3.154148140960267e-05
2017-04-10,132.02000427246094,124.12420654296875,0.00037883429839435934,0.007879999876022338,3.1147766114791864e-05
2017-04-11,131.4499969482422,123.58828735351562,-0.004317604151351406,0.00800000011920929,3.162022120806185e-05
2017-04-12,130.9199981689453,123.09001159667969,-0.004031739313699267,0.007929999828338623,3.134462862575127e-05
2017-04-13,130.39999389648438,122.6010513305664,-0.00397237972253528,0.007900000214576722,3.122651369458218e-05
2017-04-17,131.47999572753906,123.61649322509766,0.0082824892895359,0.007900000214576722,3.122651369458218e-05
2017-04-18,131.27999877929688,123.42847442626953,-0.0015209847320758474,0.008050000071525574,3.181706037636012e-05
2017-04-19,131.49000549316406,123.62591552734375,0.0015996398075239782,0.007850000262260437,3.102964534740238e-05
2017-04-20,132.58999633789062,124.66011810302734,0.008365580722068389,0.007699999809265137,3.043897958554531e-05
2017-04-21,132.55999755859375,124.63191986083984,-0.00022620099047387932,0.007630000114440918,3.0163307627173452e-05
2017-04-24,134.16000366210938,126.13619232177734,0.01206972068324963,0.007699999809265137,3.043897958554531e-05
2017-04-25,135.1300048828125,127.04818725585938,0.007230239927930482,0.008080000281333924,3.193516014809994e-05
2017-04-26,134.94000244140625,126.86957550048828,-0.001405858353660694,0.008029999732971192,3.1738324468122414e-05
2017-04-27,135.75,127.63109588623047,0.006002387749293403,0.007850000262260437,3.102964534740238e-05
2017-04-28,135.99000549316406,127.85675048828125,0.0017680221303744137,0.007799999713897705,3.083276492499287e-05
2017-05-01,137.1999969482422,128.99436950683594,0.008897606221104137,0.007850000262260437,3.102964534740238e-05
2017-05-02,137.42999267578125,129.2106170654297,0.0016764108342131046,0.008429999947547912,3.331272127016227e-05
2017-05-03,136.99000549316406,128.79698181152344,-0.003201248189200978,0.008479999899864197,3.35094768402211e-05
2017-05-04,137.0399932861328,128.84396362304688,0.0003647741652221814,0.008550000190734864,3.378491972272357e-05
2017-05-05,137.5399932861328,129.31411743164062,0.003649016961083662,0.008679999709129334,3.4296401969058365e-05
2017-05-08,137.83999633789062,129.59613037109375,0.0021808364396269653,0.008700000047683716,3.4375087341276256e-05
2017-05-09,138.32000732421875,130.04739379882812,0.0034820748616659625,0.008899999856948853,3.516184153773416e-05
2017-05-10,138.39999389648438,130.12265014648438,0.0005786840124812898,0.00875,3.457179045573966e-05
2017-05-11,138.2899932861328,130.01922607421875,-0.0007948199037538517,0.008600000143051147,3.398165197565639e-05
2017-05-12,138.60000610351562,130.31069946289062,0.002241771447751173,0.008550000190734864,3.378491972272357e-05
2017-05-15,139.0399932861328,130.724365234375,0.0031744574558298932,0.008629999756813049,3.409968525769358e-05
2017-05-16,139.6199951171875,131.26966857910156,0.0041713979161335235,0.008899999856948853,3.516184153773416e-05
2017-05-17,136.07000732421875,127.93199157714844,-0.025426109763824645,0.00875,3.457179045573966e-05
2017-05-18,137.25999450683594,129.05078125,0.008745190777217582,0.008930000066757203,3.527984220630387e-05
2017-05-19,137.83999633789062,129.59613037109375,0.004225849048037134,0.008880000114440918,3.508317404654626e-05
2017-05-22,139.0,130.68673706054688,0.008415426342825327,0.008780000209808349,3.468980860099613e-05
2017-05-23,139.13999938964844,130.8184051513672,0.0010075092069925518,0.00912999987602234,3.606641778031161e-05
2017-05-24,139.77999877929688,131.42015075683594,0.004599854315396001,0.009049999713897704,3.575180524739707e-05
2017-05-25,140.97000122070312,132.53887939453125,0.008512611127385439,0.009079999923706054,3.5869788444609085e-05
2017-05-26,141.22000122070312,132.7739715576172,0.001773760002799829,0.009100000262260438,3.594844274990017e-05
2017-05-30,141.33999633789062,132.88677978515625,0.0008496260691435165,0.009100000262260438,3.594844274990017e-05
2017-05-31,141.2899932861328,132.8397674560547,-0.0003537773221502505,0.00949999988079071,3.75211747456472e-05
2017-06-01,141.83999633789062,133.3568878173828,0.0038928129070927575,0.009480000138282776,3.744255382587269e-05
2017-06-02,143.4600067138672,134.88002014160156,0.011421474729558012,0.00953000009059906,3.763910555942829e-05
2017-06-05,143.42999267578125,134.851806640625,-0.00020917479806825678,0.009480000138282776,3.744255382587269e-05
2017-06-06,142.86000061035156,134.31585693359375,-0.003974360599109605,0.009580000042915345,3.783564759696212e-05
2017-06-07,143.4199981689453,134.8424072265625,0.003920239240472467,0.009729999899864197,3.842521554386913e-05
2017-06-08,143.57000732421875,134.98342895507812,0.0010458262457349043,0.009729999899864197,3.842521554386913e-05
2017-06-09,139.97999572753906,131.60806274414062,-0.02500578209537707,0.009800000190734863,3.8700318804485434e-05
2017-06-12,139.22999572753906,130.90296936035156,-0.005357524220684251,0.009729999899864197,3.842521554386913e-05
2017-06-13,140.36000061035156,131.9653778076172,0.008115999602277935,0.009829999804496765,3.881821237960992e-05
2017-06-14,139.75,131.39190673828125,-0.004345617607157237,0.009829999804496765,3.881821237960992e-05
2017-06-15,139.1300048828125,130.80899047851562,-0.0044364700553949366,0.009929999709129333,3.921117045457834e-05
2017-06-16,138.14999389648438,130.24148559570312,-0.004338424146050679,0.009850000143051147,3.889680850055477e-05
2017-06-19,140.4600067138672,132.41915893554688,0.01672027411145871,0.009850000143051147,3.889680850055477e-05
2017-06-20,139.36000061035156,131.38218688964844,-0.007830981968426243,0.009929999709129333,3.921117045457834e-05
2017-06-21,140.74000549316406,132.68321228027344,0.009902601116829945,0.009679999947547913,3.822870258818334e-05
2017-06-22,140.6999969482422,132.6454620361328,-0.0002845140955803904,0.009330000281333923,3.68528404399715e-05
2017-06-23,141.24000549316406,133.15452575683594,0.003837777130773379,0.009330000281333923,3.68528404399715e-05
2017-06-26,140.5800018310547,132.53231811523438,-0.004672823834300788,0.009330000281333923,3.68528404399715e-05
2017-06-27,138.02999877929688,130.1282958984375,-0.01813913957731139,0.009900000095367432,3.909328850681959e-05
2017-06-28,140.02000427246094,132.00440979003906,0.014417416893446777,0.009850000143051147,3.889680850055477e-05
2017-06-29,137.58999633789062,129.71351623535156,-0.017354674425887007,0.01003000020980835,3.9604092118450396e-05
2017-06-30,137.63999938964844,129.76060485839844,0.00036302017255818164,0.009929999709129333,3.921117045457834e-05
2017-07-03,136.19000244140625,128.39364624023438,-0.010534465523305503,0.01,3.948621945371045e-05
2017-07-05,137.52999877929688,129.65692138671875,0.009839078361562281,0.010199999809265137,4.0271965112026464e-05
2017-07-06,136.2899932861328,128.48794555664062,-0.009015915367846072,0.010080000162124634,3.9800537249279344e-05
2017-07-07,137.75999450683594,129.873779296875,0.01078571016316432,0.010080000162124634,3.9800537249279344e-05
2017-07-10,138.66000366210938,130.72222900390625,0.006532879166408101,0.010130000114440919,3.999697269474467e-05
2017-07-11,139.0500030517578,131.08990478515625,0.002812649264410938,0.010329999923706056,4.07826176416215e-05
2017-07-12,140.6999969482422,132.6454620361328,0.011866339010055516,0.010230000019073487,4.038981453313717e-05
2017-07-13,141.00999450683594,132.9376983642578,0.0022031385291221284,0.010130000114440919,3.999697269474467e-05
2017-07-14,142.1199951171875,133.98416137695312,0.007871830380483447,0.010080000162124634,3.9800537249279344e-05
2017-07-17,142.19000244140625,134.05018615722656,0.0004927804868493091,0.010199999809265137,4.0271965112026464e-05
2017-07-18,143.13999938964844,134.94581604003906,0.006681302790299881,0.010399999618530274,4.1057555840717797e-05
2017-07-19,143.97999572753906,135.73770141601562,0.005868172865334476,0.010850000381469726,4.2824573515565234e-05
2017-07-20,144.1699981689453,135.91680908203125,0.0013195130324674675,0.011130000352859498,4.3923653820776565e-05
2017-07-21,144.11000061035156,135.86024475097656,-0.00041616876850414375,0.011380000114440918,4.4904718549787503e-05
2017-07-24,144.77000427246094,136.48245239257812,0.0045797624076273635,0.011499999761581422,4.537554289107959e-05
2017-07-25,144.39999389648438,136.13368225097656,-0.002555421121818391,0.011430000066757201,4.510090250997578e-05
2017-07-26,144.8699951171875,136.5767364501953,0.0032545523774338836,0.010950000286102294,4.321713666755045e-05
2017-07-27,143.9600067138672,135.71888732910156,-0.006281077900895493,0.010779999494552613,4.2549752549136954e-05
2017-07-28,143.83999633789062,135.60574340820312,-0.0008336637819913451,0.01052999973297119,4.156810769861963e-05
2017-07-31,143.22999572753906,135.0305633544922,-0.00424156115555907,0.01052999973297119,4.156810769861963e-05
2017-08-01,143.55999755859375,135.3417510986328,0.00230457265681161,0.010579999685287476,4.176445601844492e-05
2017-08-02,143.9499969482422,135.7093963623047,0.002716421656196344,0.010499999523162842,4.145029312563331e-05
2017-08-03,143.38999938964844,135.18145751953125,-0.003890215835637423,0.010579999685287476,4.176445601844492e-05
2017-08-04,143.64999389648438,135.42660522460938,0.00181347138562038,0.01052999973297119,4.156810769861963e-05
2017-08-07,144.55999755859375,136.2844696044922,0.006334533590796498,0.010329999923706056,4.07826176416215e-05
2017-08-08,144.30999755859375,136.04884338378906,-0.0017289293592067656,0.010299999713897705,4.06647798387727e-05
2017-08-09,144.1199951171875,135.86968994140625,-0.0013168317931040452,0.01024999976158142,4.046837731652708e-05
2017-08-10,141.02999877929688,132.9565887451172,-0.021440405123065664,0.010180000066757202,4.019339845573455e-05
2017-08-11,142.10000610351562,133.96531677246094,0.007586897624739075,0.010130000114440919,3.999697269474467e-05
2017-08-14,143.92999267578125,135.6905517578125,0.012878221221108044,0.01003000020980835,3.9604092118450396e-05
2017-08-15,144.02999877929688,135.7847900390625,0.0006945087924632443,0.010080000162124634,3.9800537249279344e-05
2017-08-16,144.27999877929688,136.02052307128906,0.0017360783351267894,0.009850000143051147,3.889680850055477e-05
2017-08-17,141.3300018310547,133.2394256591797,-0.020446160250771728,0.009779999852180482,3.8621718807307914e-05
2017-08-18,141.22999572753906,133.14512634277344,-0.0007077433420304979,0.00987999975681305,3.901469626166332e-05
2017-08-21,141.0500030517578,132.9754180908203,-0.0012746110700005975,0.009649999737739563,3.81107892251098e-05
2017-08-22,143.1999969482422,135.0023651123047,0.015243020481424674,0.009950000047683715,3.9289758824168075e-05
2017-08-23,142.69000244140625,134.5215606689453,-0.003561452000929055,0.009800000190734863,3.8700318804485434e-05
2017-08-24,142.27000427246094,134.1255645751953,-0.0029437369874449892,0.009980000257492065,3.94076373011476e-05
2017-08-25,141.97000122070312,133.84274291992188,-0.0021086334746787117,0.009950000047683715,3.9289758824168075e-05
2017-08-28,142.41000366210938,134.25750732421875,0.0030988934868514395,0.010049999952316284,3.9682670396334885e-05
2017-08-29,142.97000122070312,134.78549194335938,0.003932626410719786,0.010099999904632569,3.9879111652929566e-05
2017-08-30,144.64999389648438,136.3693389892578,0.01175087187101731,0.009980000257492065,3.94076373011476e-05
2017-08-31,146.1999969482422,137.83056640625,0.010715219622112304,0.009779999852180482,3.8621718807307914e-05
2017-09-01,146.0,137.64202880859375,-0.001367893948143184,0.009850000143051147,3.889680850055477e-05
2017-09-05,144.69000244140625,136.40701293945312,-0.008972665397558588,0.009829999804496765,3.881821237960992e-05
2017-09-06,145.1300048828125,136.82186889648438,0.003041309593190711,0.010379999876022339,4.097900467447957e-05
2017-09-07,145.47000122070312,137.14239501953125,0.00234265271796108,0.010230000019073487,4.038981453313717e-05
2017-09-08,144.2100067138672,135.9545135498047,-0.00866166490352882,0.010199999809265137,4.0271965112026464e-05
2017-09-11,145.8699951171875,137.51953125,0.011511333160866277,0.010199999809265137,4.0271965112026464e-05
2017-09-12,146.22000122070312,137.84942626953125,0.002398895753444208,0.010180000066757202,4.019339845573455e-05
2017-09-13,146.4199981689453,138.0380401611328,0.001368260258354459,0.010180000066757202,4.019339845573455e-05
2017-09-14,145.55999755859375,137.2272186279297,-0.005873899196602972,0.01027999997138977,4.058622092828479e-05
2017-09-15,146.05999755859375,137.6986083984375,0.003435104021060953,0.010099999904632569,3.9879111652929566e-05
2017-09-18,145.5500030517578,137.51817321777344,-0.0013103631384709935,0.01,3.948621945371045e-05
2017-09-19,145.8000030517578,137.7543487548828,0.0017174132813366771,0.010180000066757202,4.019339845573455e-05
2017-09-20,145.35000610351562,137.32911682128906,-0.003086885731283906,0.010199999809265137,4.0271965112026464e-05
2017-09-21,144.4600067138672,136.48831176757812,-0.006122554875271691,0.010080000162124634,3.9800537249279344e-05
2017-09-22,144.32000732421875,136.3560028076172,-0.0009693794160648972,0.01003000020980835,3.9604092118450396e-05
2017-09-25,142.8000030517578,134.91989135742188,-0.010532073547370735,0.009980000257492065,3.94076373011476e-05
2017-09-26,143.1699981689453,135.26950073242188,0.002591236707075506,0.010429999828338622,4.117538202752513e-05
2017-09-27,144.4600067138672,136.48831176757812,0.009010242726978035,0.010379999876022339,4.097900467447957e-05
2017-09-28,144.41000366210938,136.44110107421875,-0.0003458955037832778,0.010299999713897705,4.06647798387727e-05
2017-09-29,145.4499969482422,137.42369079589844,0.007201566932131476,0.01027999997138977,4.058622092828479e-05
2017-10-02,145.5800018310547,137.54649353027344,0.0008936067257674374,0.010130000114440919,3.999697269474467e-05
2017-10-03,145.88999938964844,137.8394012451172,0.0021295178621132393,0.010349999666213989,4.086117267987355e-05
2017-10-04,146.02999877929688,137.97164916992188,0.0009594348467134584,0.010429999828338622,4.117538202752513e-05
2017-10-05,147.4600067138672,139.32272338867188,0.009792404648914843,0.010429999828338622,4.117538202752513e-05
2017-10-06,147.66000366210938,139.51173400878906,0.0013566388563184262,0.010429999828338622,4.117538202752513e-05
2017-10-09,147.49000549316406,139.35108947753906,-0.0011514768445203272,0.010449999570846557,4.125392932241567e-05
2017-10-10,147.60000610351562,139.4550018310547,0.0007456874137490299,0.010549999475479126,4.164664725148093e-05
2017-10-11,148.0399932861328,139.8707275390625,0.0029810741999161117,0.010679999589920044,4.215712363175861e-05
2017-10-12,147.77000427246094,139.61561584472656,-0.0018239105410007284,0.01052999973297119,4.156810769861963e-05
2017-10-13,148.33999633789062,140.1541748046875,0.0038574407074913886,0.010499999523162842,4.145029312563331e-05
2017-10-16,148.85000610351562,140.63604736328125,0.0034381605775586355,0.010549999475479126,4.164664725148093e-05
2017-10-17,149.0399932861328,140.81553649902344,0.0012762669252111003,0.010729999542236328,4.2353442927023366e-05
2017-10-18,148.86000061035156,140.64553833007812,-0.0012072401467325689,0.010679999589920044,4.215712363175861e-05
2017-10-19,148.30999755859375,140.1258544921875,-0.003694989859336917,0.010650000572204589,4.203933115576319e-05
2017-10-20,148.7100067138672,140.5037841796875,0.002697073205152556,0.010750000476837157,4.243197168096735e-05
2017-10-23,147.74000549316406,139.58731079101562,-0.006522766586128492,0.010700000524520874,4.2235656255273923e-05
2017-10-24,147.99000549316406,139.8235626220703,0.0016925022032152626,0.010980000495910644,4.333489900698595e-05
2017-10-25,147.42999267578125,139.29441833496094,-0.0037843713690774994,0.010829999446868896,4.274605249943164e-05
2017-10-26,146.9600067138672,138.85040283203125,-0.0031876044154329763,0.010800000429153443,4.262827743417574e-05
2017-10-27,151.24000549316406,142.8942108154297,0.029123487587502828,0.010729999542236328,4.2353442927023366e-05
2017-10-30,151.5800018310547,143.21543884277344,0.0022480128866708693,0.010750000476837157,4.243197168096735e-05
2017-10-31,152.14999389648438,143.75393676757812,0.0037600549853837872,0.011230000257492066,4.431610870159197e-05
2017-11-01,152.10000610351562,143.7067413330078,-0.00032830707548980875,0.011380000114440918,4.4904718549787503e-05
2017-11-02,151.80999755859375,143.43275451660156,-0.0019065689880988224,0.011380000114440918,4.4904718549787503e-05
2017-11-03,153.27000427246094,144.8121337890625,0.009616905685941424,0.011480000019073486,4.529707681055761e-05
2017-11-06,153.7899932861328,145.30343627929688,0.003392688702108515,0.011579999923706055,4.568939643689873e-05
2017-11-07,153.8800048828125,145.38851928710938,0.0005855539964585432,0.01187999963760376,4.686612358417719e-05
2017-11-08,154.5,145.97422790527344,0.004028575440729432,0.011950000524520873,4.714064699173903e-05
2017-11-09,153.69000244140625,145.20899963378906,-0.005242214892761443,0.012029999494552612,4.7454356855825e-05
2017-11-10,153.67999267578125,145.1995086669922,-6.536073398211162e-05,0.012000000476837159,4.73367208886355e-05
2017-11-13,153.8699951171875,145.37904357910156,0.0012364705208549598,0.01184999942779541,4.674846557239931e-05
2017-11-14,153.30999755859375,144.8499298095703,-0.0036395463644892656,0.012400000095367432,4.890496478915374e-05
2017-11-15,152.58999633789062,144.16966247558594,-0.004696359431300423,0.012300000190734864,4.851296167984742e-05
2017-11-16,154.5399932861328,146.0120391845703,0.012779226068427407,0.012300000190734864,4.851296167984742e-05
2017-11-17,153.9499969482422,145.45465087890625,-0.0038174133364405893,0.012400000095367432,4.890496478915374e-05
2017-11-20,153.8300018310547,145.34120178222656,-0.0007799619743622532,0.012400000095367432,4.890496478915374e-05
2017-11-21,155.5,146.9190673828125,0.010856285631586804,0.012779999971389771,5.0394225893812816e-05
2017-11-22,155.69000244140625,147.09857177734375,0.0012217910018685885,0.012649999856948852,4.988480385859084e-05
2017-11-24,156.25999450683594,147.6371307373047,0.003661211345927562,0.012400000095367432,4.890496478915374e-05
2017-11-27,156.19000244140625,147.57102966308594,-0.000447726624654865,0.012230000495910644,4.823853748825435e-05
2017-11-28,156.58999633789062,147.94894409179688,0.0025608985013776397,0.012649999856948852,4.988480385859084e-05
2017-11-29,153.86000061035156,145.36959838867188,-0.017434025764486827,0.012580000162124634,4.961047414231423e-05
2017-11-30,155.14999389648438,146.58839416503906,0.008384117379952594,0.012380000352859497,4.882656818727682e-05
2017-12-01,154.49000549316406,145.96484375,-0.0042537502275727945,0.012350000143051147,4.8708968055644064e-05
2017-12-04,152.7100067138672,144.28302001953125,-0.011522115101560204,0.012450000047683716,4.9100951881486665e-05
2017-12-05,152.80999755859375,144.37750244140625,0.0006548408943909401,0.012829999923706054,5.0590139744510765e-05
2017-12-06,153.5,145.0294189453125,0.004515360723675199,0.012630000114440917,4.980642653440448e-05
2017-12-07,154.02000427246094,145.5207977294922,0.0033881317856274684,0.012599999904632569,4.9688855321194936e-05
2017-12-08,154.6999969482422,146.16322326660156,0.004414664756742015,0.012530000209808349,4.941451211259995e-05
2017-12-11,155.89999389648438,147.2969970703125,0.007756902033030144,0.012630000114440917,4.980642653440448e-05
2017-12-12,155.69000244140625,147.09857177734375,-0.0013471102392809131,0.01309999942779541,5.164790717038237e-05
2017-12-13,155.99000549316406,147.38206481933594,0.0019272317777585535,0.012730000019073486,5.0198302409265594e-05
2017-12-14,155.8800048828125,147.2781524658203,-0.0007050542658837422,0.012829999923706054,5.0590139744510765e-05
2017-12-15,157.64999389648438,148.95040893554688,0.011354409610173866,0.01284999966621399,5.066850165325043e-05
2017-12-18,158.63999938964844,150.19923400878906,0.008384166798646175,0.01315000057220459,5.184376405575897e-05
2017-12-19,157.6999969482422,149.30926513671875,-0.005925255730786505,0.013530000448226928,5.333192729017888e-05
2017-12-20,157.52999877929688,149.14828491210938,-0.0010781663446134404,0.01350000023841858,5.321446006600894e-05
2017-12-21,157.5500030517578,149.16726684570312,0.0001272688694002877,0.013200000524520875,5.2039606644571634e-05
2017-12-22,157.3699951171875,148.9968719482422,-0.0011423075656216142,0.012979999780654908,5.117782350239075e-05
2017-12-26,156.52000427246094,148.19207763671875,-0.005401417499576788,0.013029999732971191,5.137369882679543e-05
2017-12-27,156.5399932861328,148.21102905273438,0.00012788413738329396,0.014079999923706055,5.548486242323847e-05
2017-12-28,156.72999572753906,148.39083862304688,0.0012131996617372742,0.013700000047683715,5.399750326207098e-05
2017-12-29,155.75999450683594,147.47247314453125,-0.006188828684016823,0.013550000190734863,5.341023529314981e-05
2018-01-02,158.49000549316406,150.05728149414062,0.01752739541484538,0.01378000020980835,5.43106783885694e-05
2018-01-03,160.02999877929688,151.5153045654297,0.009716443325984203,0.013700000047683715,5.399750326207098e-05
2018-01-04,160.30999755859375,151.7803955078125,0.001749598452401413,0.013700000047683715,5.399750326207098e-05
2018-01-05,161.9199981689453,153.30474853515625,0.010043148341020602,0.013700000047683715,5.399750326207098e-05
2018-01-08,162.5500030517578,153.9012451171875,0.003890920455699165,0.013799999952316283,5.438896715759256e-05
2018-01-09,162.55999755859375,153.91073608398438,6.16692008543751e-05,0.014149999618530274,5.5758787981252667e-05
2018-01-10,162.17999267578125,153.5509033203125,-0.0023379315363388775,0.013949999809265137,5.4976090893443796e-05
2018-01-11,163.2899932861328,154.6018829345703,0.006844502972837896,0.01402999997138977,5.52891891127949e-05
2018-01-12,164.49000549316406,155.73805236816406,0.007349001267174637,0.014099999666213989,5.5563128123603533e-05
2018-01-16,164.02000427246094,155.2930450439453,-0.00285740907537968,0.013949999809265137,5.4976090893443796e-05
2018-01-17,165.7899932861328,156.96884155273438,0.010791188416164,0.014149999618530274,5.5758787981252667e-05
2018-01-18,165.82000732421875,156.9971923828125,0.00018061438052097145,0.014049999713897705,5.536745865719617e-05
2018-01-19,166.33999633789062,157.48959350585938,0.0031363689730592448,0.01402999997138977,5.52891891127949e-05
2018-01-22,168.1199951171875,159.17481994628906,0.010700557433129587,0.013899999856948852,5.478039259454448e-05
2018-01-23,169.50999450683594,160.4908905029297,0.0082680825841972,0.014129999876022339,5.568052612425767e-05
2018-01-24,168.41000366210938,159.44943237304688,-0.006489204007898541,0.014099999666213989,5.5563128123603533e-05
2018-01-25,168.35000610351562,159.3926239013672,-0.00035627892074763245,0.013930000066757202,5.489781366052604e-05
2018-01-26,170.92999267578125,161.8353271484375,0.015325070804919294,0.013880000114440919,5.4702111516702345e-05
2018-01-29,170.10000610351562,161.04949951171875,-0.004855723719691785,0.01375,5.4193240017541555e-05
2018-01-30,168.6999969482422,159.72401428222656,-0.008230297104374062,0.014249999523162842,5.61500788736069e-05
2018-01-31,169.39999389648438,160.38670349121094,0.004148964148956491,0.014299999475479126,5.6345709910310404e-05
2018-02-01,167.9600067138672,159.0233612060547,-0.008500344825847495,0.014529999494552612,5.7245489911483816e-05
2018-02-02,164.61000061035156,155.85159301757812,-0.01994529712126225,0.014500000476837159,5.7128142677775884e-05
2018-02-05,158.1199951171875,149.70692443847656,-0.03942640854757595,0.014579999446868896,5.7441067171426496e-05
2018-02-06,162.30999755859375,153.6739501953125,0.026498612350200457,0.014880000352859498,5.861433382881032e-05
2018-02-07,160.2100067138672,151.68576049804688,-0.012937714523110322,0.015149999856948853,5.9669973377252106e-05
2018-02-08,153.4499969482422,145.285400390625,-0.04219486447776544,0.015149999856948853,5.9669973377252106e-05
2018-02-09,156.10000610351562,147.79441833496094,0.017269580684569963,0.015249999761581421,6.0060880366030744e-05
2018-02-12,158.8699951171875,150.41700744628906,0.01774484544730437,0.01534999966621399,6.045174900570771e-05
2018-02-13,159.69000244140625,151.19334411621094,0.0051612293257401465,0.015700000524520873,6.181949201478076e-05
2018-02-14,162.67999267578125,154.02427673339844,0.018723923554542,0.015499999523162842,6.103798007806027e-05
2018-02-15,165.6999969482422,156.88360595703125,0.01856414640779036,0.01559999942779541,6.142875287884486e-05
2018-02-16,164.9600067138672,156.1830291748047,-0.004465583117833516,0.015700000524520873,6.181949201478076e-05
2018-02-20,165.2899932861328,156.4954376220703,0.002000271405390386,0.015729999542236327,6.19367011605032e-05
2018-02-21,164.82000732421875,156.05047607421875,-0.002843287667760208,0.016080000400543214,6.330393459408334e-05
2018-02-22,164.8000030517578,156.03150939941406,-0.00012154192208724268,0.016050000190734864,6.318676100702803e-05
2018-02-23,168.1699981689453,159.22219848632812,0.020449004814447003,0.016050000190734864,6.318676100702803e-05
2018-02-26,170.39999389648438,161.3335418701172,0.013260358190383625,0.016080000400543214,6.330393459408334e-05
2018-02-27,168.2899932861328,159.3358154296875,-0.012382585897965148,0.016349999904632567,6.435833253171097e-05
2018-02-28,167.2100067138672,158.31329345703125,-0.006417401950081225,0.01618000030517578,6.369448522902665e-05
2018-03-01,164.47999572753906,155.728515625,-0.01632697909056391,0.01590000033378601,6.260084603337823e-05
2018-03-02,165.99000549316406,157.158203125,0.009180640387292494,0.016050000190734864,6.318676100702803e-05
2018-03-05,167.8300018310547,158.9002685546875,0.01108478841732441,0.01625,6.396784696605096e-05
2018-03-06,168.5399932861328,159.572509765625,0.0042305857444548955,0.0164300000667572,6.467069436300044e-05
2018-03-07,168.92999267578125,159.9417724609375,0.0023140746225953635,0.01649999976158142,6.494398913359234e-05
2018-03-08,169.86000061035156,160.82228088378906,0.005505181099994427,0.016349999904632567,6.435833253171097e-05
2018-03-09,173.16000366210938,163.9467010498047,0.019427781703166724,0.016349999904632567,6.435833253171097e-05
2018-03-12,174.0800018310547,164.81776428222656,0.005313087892858892,0.0164300000667572,6.467069436300044e-05
2018-03-13,171.7100067138672,162.57386779785156,-0.01361440918791168,0.01690000057220459,6.650532399077314e-05
2018-03-14,171.67999267578125,162.54541015625,-0.00017504437820814456,0.01718000054359436,6.759789213539591e-05
2018-03-15,171.52999877929688,162.40342712402344,-0.0008734976403829142,0.01733000040054321,6.818307278266822e-05
2018-03-16,171.02000427246094,161.9205780029297,-0.0029731461314853602,0.017380000352859498,6.837811390081328e-05
2018-03-19,167.10000610351562,158.46583557128906,-0.021336030751929025,0.017280000448226928,6.798802211616106e-05
2018-03-20,167.64999389648438,158.98736572265625,0.0032911204455332577,0.017580000162124635,6.915818291153286e-05
2018-03-21,166.9199981689453,158.29507446289062,-0.004354379083010174,0.017100000381469728,6.728575971393091e-05
2018-03-22,162.8000030517578,154.3880157470703,-0.02468212437485695,0.016829999685287474,6.623213164624886e-05
2018-03-23,158.50999450683594,150.31964111328125,-0.026351622009665343,0.01687999963760376,6.6427268288205e-05
2018-03-26,164.39999389648438,155.90524291992188,0.037158163532543975,0.01705000042915344,6.709066511412232e-05
2018-03-27,159.0800018310547,150.86019897460938,-0.032359681116713945,0.01733000040054321,6.818307278266822e-05
2018-03-28,157.25,149.12477111816406,-0.011503550096320647,0.016950000524520874,6.67004472534316e-05
2018-03-29,160.1300048828125,151.85592651367188,0.01831456554822597,0.016699999570846558,6.572473071542184e-05
2018-04-02,155.50999450683594,147.47462463378906,-0.02885170161263584,0.016829999685287474,6.623213164624886e-05
2018-04-03,157.25999450683594,149.13424682617188,0.011253611911228756,0.017130000591278075,6.740281281891747e-05
2018-04-04,159.74000549316406,151.48614501953125,0.015770342784516167,0.016679999828338624,6.564666437203215e-05
2018-04-05,160.64999389648438,152.34902954101562,0.005696128324957472,0.01674999952316284,6.591989220883221e-05
2018-04-06,156.6300048828125,148.5368194580078,-0.025022870801953423,0.016799999475479124,6.611504414300029e-05
2018-04-09,157.72999572753906,149.57992553710938,0.007022542174443425,0.01674999952316284,6.591989220883221e-05
2018-04-10,161.2100067138672,152.88011169433594,0.022063028480434843,0.016950000524520874,6.67004472534316e-05
2018-04-11,160.27999877929688,151.9982147216797,-0.005768552644829894,0.016929999589920045,6.662239537336134e-05
2018-04-12,162.2100067138672,153.82850646972656,0.01204153451011436,0.01705000042915344,6.709066511412232e-05
2018-04-13,161.3699951171875,153.03187561035156,-0.005178694623364732,0.01718000054359436,6.759789213539591e-05
2018-04-16,162.60000610351562,154.1983642578125,0.007622520751369821,0.017130000591278075,6.740281281891747e-05
2018-04-17,166.10000610351562,157.51742553710938,0.02152462054492066,0.017549999952316285,6.904118136574766e-05
2018-04-18,166.44000244140625,157.8398895263672,0.0020471639131878216,0.017699999809265135,6.962615009076245e-05
2018-04-19,164.91000366210938,156.3889617919922,-0.009192402115389409,0.017829999923706055,7.013305445457974e-05
2018-04-20,162.3000030517578,153.913818359375,-0.015826842280015185,0.01764999985694885,6.943117005819843e-05
2018-04-23,161.88999938964844,153.5250244140625,-0.002526049639056449,0.017829999923706055,7.013305445457974e-05
2018-04-24,158.4600067138672,150.27230834960938,-0.02118687866598501,0.01822999954223633,7.169235295667598e-05
2018-04-25,158.64999389648438,150.45242309570312,0.0011985890685508593,0.01815000057220459,7.138054578903485e-05
2018-04-26,161.99000549316406,153.61984252929688,0.021052631578947434,0.01784999966621399,7.021103294513331e-05
2018-04-27,162.08999633789062,153.7146453857422,0.0006171263743304234,0.017699999809265135,6.962615009076245e-05
2018-04-30,160.94000244140625,152.6240997314453,-0.007094611262057571,0.01763000011444092,6.935317630318849e-05
2018-05-01,162.77999877929688,154.3690185546875,0.011432786999644895,0.01809999942779541,7.118564694685858e-05
2018-05-02,161.82000732421875,153.45863342285156,-0.005897460127424647,0.01784999966621399,7.021103294513331e-05
2018-05-03,161.8000030517578,153.43968200683594,-0.00012349527421762208,0.01787999987602234,7.032800014306062e-05
2018-05-04,164.8699951171875,156.35101318359375,0.018973782653095572,0.017929999828338622,7.052293629383755e-05
2018-05-07,166.24000549316406,157.6502685546875,0.008309862178942806,0.017929999828338622,7.052293629383755e-05
2018-05-08,166.07000732421875,157.48902893066406,-0.0010227678360567038,0.018350000381469726,7.21600272517442e-05
2018-05-09,167.8800048828125,159.20545959472656,0.01089873164954347,0.018450000286102296,7.254971080516981e-05
2018-05-10,169.6199951171875,160.85556030273438,0.010364598753135112,0.018450000286102296,7.254971080516981e-05
2018-05-11,169.4600067138672,160.70391845703125,-0.000942720571285971,0.018600000143051146,7.313416468379685e-05
2018-05-14,169.75,160.97886657714844,0.0017108986685392402,0.018550000190734862,7.293935624974601e-05
2018-05-15,167.8699951171875,159.19598388671875,-0.011075259307874785,0.01875,7.371853284321439e-05
2018-05-16,168.97999572753906,160.2486572265625,0.006612436533529831,0.018650000095367433,7.332896359324437e-05
2018-05-17,168.3300018310547,159.63223266601562,-0.0038466753557588884,0.018630000352859496,7.325104610123034e-05
2018-05-18,167.4600067138672,158.8072052001953,-0.00516830123867551,0.018550000190734862,7.293935624974601e-05
2018-05-21,168.39999389648438,159.69862365722656,0.005613211666986473,0.018630000352859496,7.325104610123034e-05
2018-05-22,168.17999267578125,159.49000549316406,-0.0013063241203021825,0.018930000066757203,7.441966244892129e-05
2018-05-23,169.60000610351562,160.83660888671875,0.008443183567464319,0.018730000257492066,7.364062296910667e-05
2018-05-24,169.5500030517578,160.78921508789062,-0.0002946704680991674,0.018600000143051146,7.313416468379685e-05
2018-05-25,169.72000122070312,160.95040893554688,0.0010025165404790037,0.01853000044822693,7.286143113827137e-05
2018-05-29,168.97000122070312,160.2391815185547,-0.004418922708528172,0.018400000333786012,7.2354873792424e-05
2018-05-30,170.17999267578125,161.38662719726562,0.007160830876923097,0.01878000020980835,7.383539711969256e-05
2018-05-31,170.07000732421875,161.28233337402344,-0.0006462358440313398,0.018700000047683716,7.352375297942082e-05
2018-06-01,172.74000549316406,163.81439208984375,0.015699541684756735,0.018680000305175783,7.3445839296582e-05
2018-06-04,174.3000030517578,165.2937469482422,0.00903067697243043,0.018650000095367433,7.332896359324437e-05
2018-06-05,174.83999633789062,165.80584716796875,0.0030981221563506356,0.01902999997138977,7.480912507573656e-05
2018-06-06,175.86000061035156,166.77317810058594,0.005834118332613603,0.01899999976158142,7.469228935641503e-05
2018-06-07,174.42999267578125,165.41702270507812,-0.008131735636109694,0.01884999990463257,7.410806400653946e-05
2018-06-08,174.44000244140625,165.42652893066406,5.7468242569580497e-05,0.018799999952316283,7.391330318529121e-05
2018-06-11,174.91000366210938,165.87220764160156,0.002694118735479867,0.018680000305175783,7.3445839296582e-05
2018-06-12,175.8300018310547,166.74473571777344,0.005260242740948717,0.01888000011444092,7.422491685860066e-05
2018-06-13,175.82000732421875,166.73526000976562,-5.682762917236239e-05,0.018949999809265136,7.44975570912132e-05
2018-06-14,177.60000610351562,168.42324829101562,0.01012376315094432,0.018830000162124633,7.403016174922783e-05
2018-06-15,176.97999572753906,167.83531188964844,-0.003490826874157582,0.01888000011444092,7.422491685860066e-05
2018-06-18,176.5,167.7383270263672,-0.0005778573185183378,0.018830000162124633,7.403016174922783e-05
2018-06-19,176.0,167.26315307617188,-0.002832828719703473,0.018980000019073486,7.461439852107787e-05
2018-06-20,177.25,168.45114135742188,0.0071025103820026025,0.01888000011444092,7.422491685860066e-05
2018-06-21,175.7100067138672,166.98753356933594,-0.008688619004251441,0.018899999856948853,7.430281530829141e-05
2018-06-22,175.32000732421875,166.61695861816406,-0.002219177343666834,0.018700000047683716,7.352375297942082e-05
2018-06-25,171.3699951171875,162.86300659179688,-0.02253043182098957,0.01853000044822693,7.286143113827137e-05
2018-06-26,172.07000732421875,163.52828979492188,0.004084925220571911,0.018930000066757203,7.441966244892129e-05
2018-06-27,169.72999572753906,161.30442810058594,-0.01359924754991837,0.018799999952316283,7.391330318529121e-05
2018-06-28,171.19000244140625,162.69195556640625,0.008601918014024212,0.018799999952316283,7.391330318529121e-05
2018-06-29,171.64999389648438,163.12911987304688,0.002687067747871419,0.018799999952316283,7.391330318529121e-05
2018-07-02,172.8000030517578,164.22201538085938,0.006699573372694223,0.018949999809265136,7.44975570912132e-05
2018-07-03,170.8000030517578,162.32130432128906,-0.011574033208411438,0.019329999685287477,7.597728459396436e-05
2018-07-05,172.9199981689453,164.33604431152344,0.012412049044693063,0.01909999966621399,7.508172533676749e-05
2018-07-06,175.61000061035156,166.8925323486328,0.015556465703063793,0.019049999713897706,7.488701210456306e-05
2018-07-09,177.19000244140625,168.39410400390625,0.008997236929311425,0.019149999618530273,7.527642905391652e-05
2018-07-10,177.32000732421875,168.5176239013672,0.0007335167593400804,0.01934999942779541,7.60551487908323e-05
2018-07-11,176.4199981689453,167.66232299804688,-0.005075438897838458,0.019199999570846556,7.547112325712035e-05
2018-07-12,179.4600067138672,170.55142211914062,0.01723165389475967,0.01927999973297119,7.578261512319884e-05
2018-07-13,179.61000061035156,170.69398498535156,0.0008358937406651723,0.01927999973297119,7.578261512319884e-05
2018-07-16,179.17999267578125,170.28530883789062,-0.002394203565497688,0.01937999963760376,7.617194455389331e-05
2018-07-17,180.27000427246094,171.3212432861328,0.006083522150630127,0.01975000023841858,7.761213646495513e-05
2018-07-18,179.92999267578125,170.9980926513672,-0.0018862262995950063,0.019600000381469727,7.702833912515139e-05
2018-07-19,179.02999877929688,170.14276123046875,-0.005001993926577297,0.019479999542236327,7.656123594523834e-05
2018-07-20,178.99000549316406,170.10475158691406,-0.00022339853473518634,0.019329999685287477,7.597728459396436e-05
2018-07-23,179.55999755859375,170.6464080810547,0.003184252580174851,0.019199999570846556,7.547112325712035e-05
2018-07-24,180.3000030517578,171.3496856689453,0.004121256320593458,0.019600000381469727,7.702833912515139e-05
2018-07-25,182.82000732421875,173.74465942382812,0.013977112041571038,0.019529999494552613,7.675586737843076e-05
2018-07-26,180.0500030517578,171.11212158203125,-0.015151762652888978,0.019450000524520873,7.644445623400387e-05
2018-07-27,177.6199951171875,168.8027801513672,-0.013496071519147002,0.019450000524520873,7.644445623400387e-05
2018-07-30,175.11000061035156,166.4173583984375,-0.014131412710090774,0.019450000524520873,7.644445623400387e-05
2018-07-31,176.4499969482422,167.69082641601562,0.007652254727714025,0.019850000143051147,7.800128717527777e-05
2018-08-01,177.1199951171875,168.3275604248047,0.0037970712077559643,0.01978000044822693,7.77288865967396e-05
2018-08-02,179.52999877929688,170.61793518066406,0.013606653301926341,0.01965000033378601,7.722294774303862e-05
2018-08-03,180.0800018310547,171.14065551757812,0.003063689267840175,0.019600000381469727,7.702833912515139e-05
2018-08-06,181.13999938964844,172.14796447753906,0.005885854281173275,0.01968000054359436,7.733970927925604e-05
2018-08-07,181.8000030517578,172.77528381347656,0.0036440705984610577,0.020079998970031737,7.88961858841919e-05
2018-08-08,182.02000427246094,172.9842987060547,0.001209749959396822,0.020079998970031737,7.88961858841919e-05
2018-08-09,181.91000366210938,172.8798065185547,-0.0006040559072795215,0.02005000114440918,7.877947922807493e-05
2018-08-10,180.52000427246094,171.5587921142578,-0.007641230233301433,0.02,7.85849419846496e-05
2018-08-13,180.32000732421875,171.3687286376953,-0.0011078620583661047,0.019950000047683717,7.839039988111196e-05
2018-08-14,181.4499969482422,172.44261169433594,0.006266505360560837,0.020329999923706054,7.986868262244151e-05
2018-08-15,179.22999572753906,170.33279418945312,-0.012234896491956304,0.020199999809265137,7.936301542565971e-05
2018-08-16,179.82000732421875,170.89353942871094,0.003292056834540702,0.020150001049041747,7.91685159471367e-05
2018-08-17,179.86000061035156,170.93157958984375,0.00022259566546511955,0.019950000047683717,7.839039988111196e-05
2018-08-20,179.6999969482422,170.77952575683594,-0.0008895596318285737,0.01993000030517578,7.831258130752694e-05
2018-08-21,180.36000061035156,171.40676879882812,0.003672823420796334,0.020350000858306884,7.994647544662392e-05
2018-08-22,181.05999755859375,172.07196044921875,0.003880778192437262,0.020350000858306884,7.994647544662392e-05
2018-08-23,180.8000030517578,171.8249053955078,-0.0014357659032068204,0.020329999923706054,7.986868262244151e-05
2018-08-24,182.47999572753906,173.4215087890625,0.009292037087869298,0.020480000972747804,8.04520686050747e-05
2018-08-27,184.33999633789062,175.1890869140625,0.01019238119505661,0.02059999942779541,8.091870662707557e-05
2018-08-28,184.61000061035156,175.4457550048828,0.0014650917779268635,0.020780000686645508,8.161857510935455e-05
2018-08-29,186.74000549316406,177.46998596191406,0.011537645678431518,0.020799999237060548,8.169632450649722e-05
2018-08-30,186.41000366210938,177.15640258789062,-0.0017669656777384857,0.02058000087738037,8.084094205407233e-05
2018-08-31,186.64999389648438,177.3844757080078,0.0012874111055853898,0.02055000066757202,8.072428307737134e-05
2018-09-04,185.85000610351562,176.6241912841797,-0.004286082086910614,0.02068000078201294,8.122977755298244e-05
2018-09-05,183.4499969482422,174.3433380126953,-0.01291359498889133,0.020899999141693115,8.208507654194896e-05
2018-09-06,181.80999755859375,172.7847442626953,-0.008939795278478102,0.020799999237060548,8.169632450649722e-05
2018-09-07,181.11000061035156,172.1195068359375,-0.003850093534568111,0.020880000591278078,8.200733473029409e-05
2018-09-10,181.72000122070312,172.69923400878906,0.0033681665925533455,0.020829999446868898,8.181295502684982e-05
2018-09-11,183.1199951171875,174.02969360351562,0.0077039113830630335,0.02108000040054321,8.278474019607351e-05
2018-09-12,182.5800018310547,173.5165557861328,-0.0029485647348886923,0.021050000190734865,8.266813811874663e-05
2018-09-13,184.52999877929688,175.36973571777344,0.010680133219822308,0.020929999351501465,8.220169568340374e-05
2018-09-14,183.99000549316406,174.85653686523438,-0.002926382083194623,0.021029999256134035,8.259039841584936e-05
2018-09-17,181.33999633789062,172.3380584716797,-0.014403112624240766,0.02108000040054321,8.278474019607351e-05
2018-09-18,182.83999633789062,173.7635955810547,0.008271748689853364,0.02125,8.34454146767527e-05
2018-09-19,182.6999969482422,173.63050842285156,-0.0007659093250118598,0.02119999885559082,8.325110511964162e-05
2018-09-20,184.72000122070312,175.55027770996094,0.011056635752249688,0.02118000030517578,8.317338605579039e-05
2018-09-21,183.7100067138672,174.59039306640625,-0.00546786172073499,0.02122999906539917,8.336769013794765e-05
2018-09-24,183.88999938964844,175.07598876953125,0.0027813426305782762,0.02122999906539917,8.336769013794765e-05
2018-09-25,184.13999938964844,175.31399536132812,0.001359447366081623,0.021679999828338622,8.511604691863184e-05
2018-09-26,184.27000427246094,175.43775939941406,0.000705956405995245,0.021600000858306885,8.48052885285e-05
2018-09-27,185.8300018310547,176.92298889160156,0.008465848499615847,0.021400001049041748,8.402827723541506e-05
2018-09-28,185.7899932861328,176.8849334716797,-0.0002150959587574608,0.021500000953674315,8.441680182280642e-05
2018-10-01,186.1699981689453,177.24671936035156,0.002045317719102435,0.021549999713897705,8.461104527923702e-05
2018-10-02,185.75,176.8468475341797,-0.0022560182079247593,0.021749999523162842,8.538794294432606e-05
2018-10-03,185.9499969482422,177.03721618652344,0.001076460536323376,0.021700000762939452,8.519373735960123e-05
2018-10-04,182.3800048828125,173.6383819580078,-0.01919841659131527,0.021700000762939452,8.519373735960123e-05
2018-10-05,180.14999389648438,171.51522827148438,-0.012227444546430433,0.021649999618530272,8.499951304719033e-05
2018-10-08,179.0500030517578,170.46795654296875,-0.006105998511443778,0.021649999618530272,8.499951304719033e-05
2018-10-09,179.6300048828125,171.02023315429688,0.003239767886751954,0.02184999942779541,8.577633497797166e-05
2018-10-10,171.72999572753906,163.49884033203125,-0.043979549574579946,0.022200000286102296,8.713541365668043e-05
2018-10-11,169.60000610351562,161.4709014892578,-0.01240338364880833,0.022149999141693116,8.694128397279677e-05
2018-10-12,174.32000732421875,165.96469116210938,0.0278303374255362,0.022179999351501466,8.705776106676666e-05
2018-10-15,172.2100067138672,163.95584106445312,-0.012104081196970151,0.022300000190734862,8.752363539610286e-05
2018-10-16,177.22000122070312,168.72567749023438,0.029092201868588408,0.02259999990463257,8.868807370743248e-05
2018-10-17,177.2899932861328,168.7923583984375,0.00039520308464591203,0.02259999990463257,8.868807370743248e-05
2018-10-18,173.17999267578125,164.87936401367188,-0.023182295821289056,0.02255000114440918,8.849402891297764e-05
2018-10-19,173.02000427246094,164.72702026367188,-0.0009239709948624109,0.02259999990463257,8.868807370743248e-05
2018-10-22,173.91000366210938,165.5743408203125,0.005143786097049352,0.02257999897003174,8.861045137198431e-05
2018-10-23,173.27000427246094,164.96499633789062,-0.0036801866726630106,0.022899999618530273,8.985217181334271e-05
2018-10-24,165.33999633789062,157.41513061523438,-0.0457664710105663,0.022850000858306886,8.965818370465506e-05
2018-10-25,171.05999755859375,162.86090087890625,0.03459496074099011,0.022799999713897706,8.946417689981168e-05
2018-10-26,166.66000366210938,158.671875,-0.02572149519190592,0.022730000019073486,8.919255890327271e-05
2018-10-29,163.22999572753906,155.40625,-0.020580994583948797,0.02259999990463257,8.868807370743248e-05
2018-10-30,165.9199981689453,157.9673309326172,0.016479909479941712,0.022829999923706056,8.958058026609095e-05
2018-10-31,169.82000732421875,161.68035888671875,0.02350503697302697,0.022780001163482666,8.938657893353685e-05
2018-11-01,172.05999755859375,163.81300354003906,0.013190499254238652,0.022699999809265136,8.907614420028409e-05
2018-11-02,169.3800048828125,161.26150512695312,-0.015575676887349843,0.022730000019073486,8.919255890327271e-05
2018-11-05,168.9600067138672,160.86160278320312,-0.0024798375994021793,0.022679998874664306,8.899852942456654e-05
2018-11-06,170.24000549316406,162.0802459716797,0.007575724519660376,0.02309999942779541,9.062804831261317e-05
2018-11-07,175.5800018310547,167.16429138183594,0.031367458629379064,0.02309999942779541,9.062804831261317e-05
2018-11-08,174.4600067138672,166.09799194335938,-0.006378751285111006,0.023029999732971193,9.03565096483927e-05
2018-11-09,171.52000427246094,163.29891967773438,-0.016851933204463432,0.022999999523162843,9.024012894864875e-05
2018-11-12,166.3300018310547,158.35765075683594,-0.03025904231730303,0.022999999523162843,9.024012894864875e-05
2018-11-13,166.47000122070312,158.49095153808594,0.0008417703888186079,0.022950000762939453,9.004615972774133e-05
2018-11-14,165.1999969482422,157.28176879882812,-0.007629348726367113,0.02325000047683716,9.120986117738816e-05
2018-11-15,168.08999633789062,160.03330993652344,0.017494342533842522,0.02309999942779541,9.062804831261317e-05
2018-11-16,167.5,159.4715576171875,-0.003510221213063436,0.022999999523162843,9.024012894864875e-05
2018-11-19,162.05999755859375,154.29234313964844,-0.03247735555434783,0.022999999523162843,9.024012894864875e-05
2018-11-20,159.16000366210938,151.5312957763672,-0.017894908503542917,0.023350000381469727,9.15976861455281e-05
2018-11-21,160.3699951171875,152.68331909179688,0.007602543814644536,0.023499999046325683,9.217934820515694e-05
2018-11-23,159.2100067138672,151.57894897460938,-0.007233076433998176,0.023480000495910643,9.210180310037508e-05
2018-11-26,162.88999938964844,155.08251953125,0.023113833288469943,0.023429999351501463,9.190791524482655e-05
2018-11-27,163.44000244140625,155.6061553955078,0.0033764983045190267,0.023529999256134033,9.229567227708735e-05
2018-11-28,168.6999969482422,160.61404418945312,0.03218310214796216,0.023350000381469727,9.15976861455281e-05
2018-11-29,168.14999389648438,160.0904083251953,-0.003260212186925293,0.02309999942779541,9.062804831261317e-05
2018-11-30,169.3699951171875,161.25193786621094,0.007255459918974028,0.02308000087738037,9.055047301020913e-05
2018-12-03,172.3300018310547,164.070068359375,0.017476568222716482,0.022880001068115233,8.977458140324579e-05
2018-12-04,165.72000122070312,157.77687072753906,-0.03835676851216685,0.02365000009536743,9.27609346073055e-05
2018-12-06,166.88999938964844,158.8908233642578,0.007060303779521604,0.023529999256134033,9.229567227708735e-05
2018-12-07,161.3800048828125,153.64492797851562,-0.03301572283829102,0.023399999141693117,9.179157985195197e-05
2018-12-10,163.07000732421875,155.25390625,0.010472055880096143,0.023299999237060547,9.140377375693731e-05
2018-12-11,163.61000061035156,155.7680206298828,0.003311442477041071,0.02369999885559082,9.295477171633593e-05
2018-12-12,165.0500030517578,157.1390380859375,0.008801661923356852,0.02375,9.314860863818275e-05
2018-12-13,165.10000610351562,157.18661499023438,0.00030276947648655295,0.0236299991607666,9.268339157708638e-05
2018-12-14,161.0800018310547,153.3593292236328,-0.02434867477004543,0.02368000030517578,9.287724170148337e-05
2018-12-17,157.42999267578125,149.88426208496094,-0.022659639659772135,0.023399999141693117,9.179157985195197e-05
2018-12-18,158.4199981689453,150.82679748535156,0.00628842139447805,0.023280000686645506,9.132621355623094e-05
2018-12-19,154.52999877929688,147.1232452392578,-0.024555001550393918,0.023380000591278077,9.171402719987398e-05
2018-12-20,152.2899932861328,144.99058532714844,-0.014495737289108579,0.023350000381469727,9.15976861455281e-05
2018-12-21,147.57000732421875,140.496826171875,-0.030993454817317856,0.023299999237060547,9.140377375693731e-05
2018-12-24,143.5,137.0127716064453,-0.02479810156826967,0.023329999446868897,9.152012047342062e-05
2018-12-26,152.4600067138672,145.56776428222656,0.062439381201298216,0.02380000114440918,9.334243613068338e-05
2018-12-27,153.0500030517578,146.13108825683594,0.00386984012145164,0.023480000495910643,9.210180310037508e-05
2018-12-28,152.97000122070312,146.0546875,-0.00052282343030019,0.023280000686645506,9.132621355623094e-05
2018-12-31,154.25999450683594,147.28634643554688,0.00843286139342081,0.022999999523162843,9.024012894864875e-05
2019-01-02,154.8800048828125,147.8783416748047,0.00401934906788437,0.02365000009536743,9.27609346073055e-05
2019-01-03,149.82000732421875,143.0470733642578,-0.03267056051501571,0.023550000190734863,9.237322285304828e-05
2019-01-04,156.22999572753906,149.16729736328125,0.0427846851745004,0.023580000400543213,9.24895412650617e-05
2019-01-07,158.08999633789062,150.94320678710938,0.011905487698842476,0.023529999256134033,9.229567227708735e-05
2019-01-08,159.52000427246094,152.30859375,0.009045699981824029,0.024000000953674317,9.411763334465917e-05
2019-01-09,160.82000732421875,153.54981994628906,0.008149416692313505,0.023900001049041747,9.373005359014641e-05
2019-01-10,161.27999877929688,153.98902893066406,0.0028603679543788285,0.02375,9.314860863818275e-05
2019-01-11,160.69000244140625,153.42567443847656,-0.0036584066806548687,0.02369999885559082,9.295477171633593e-05
2019-01-14,159.27000427246094,152.0698699951172,-0.008836881104296812,0.023599998950958254,9.256707882410176e-05
2019-01-15,162.3800048828125,155.03929138183594,0.0195266911638321,0.023829998970031737,9.345871701049724e-05
2019-01-16,162.35000610351562,155.01068115234375,-0.00018453534737672417,0.0236299991607666,9.268339157708638e-05
2019-01-17,163.6300048828125,156.23277282714844,0.007883919132021688,0.023550000190734863,9.237322285304828e-05
2019-01-18,165.25,157.779541015625,0.009900407964901659,0.023480000495910643,9.210180310037508e-05
2019-01-22,161.94000244140625,154.61915588378906,-0.020030386141907774,0.023450000286102293,9.198547336830565e-05
2019-01-23,162.14999389648438,154.8196563720703,0.0012967376980892453,0.023529999256134033,9.229567227708735e-05
2019-01-24,163.1999969482422,155.8222198486328,0.0064756859694423685,0.023050000667572023,9.043409797593327e-05
2019-01-25,165.14999389648438,157.68405151367188,0.011948434997574031,0.023280000686645506,9.132621355623094e-05
2019-01-28,163.11000061035156,155.73631286621094,-0.012352160086982922,0.023329999446868897,9.152012047342062e-05
2019-01-29,161.57000732421875,154.26593017578125,-0.009441489035976192,0.02365000009536743,9.27609346073055e-05
2019-01-30,165.67999267578125,158.1901092529297,0.025437755910698856,0.02365000009536743,9.27609346073055e-05
2019-01-31,168.16000366210938,160.55799865722656,0.01496863119622005,0.023399999141693117,9.179157985195197e-05
2019-02-01,167.4499969482422,159.8800811767578,-0.004222259159545327,0.023399999141693117,9.179157985195197e-05
2019-02-04,169.52999877929688,161.86605834960938,0.01242166727858951,0.023350000381469727,9.15976861455281e-05
2019-02-05,171.02999877929688,163.29827880859375,0.00884818271098542,0.02365000009536743,9.27609346073055e-05
2019-02-06,170.52000427246094,162.81134033203125,-0.0029818959520893085,0.02365000009536743,9.27609346073055e-05
2019-02-07,168.22999572753906,160.6248321533203,-0.013429704431226042,0.023550000190734863,9.237322285304828e-05
2019-02-08,168.55999755859375,160.93992614746094,0.001961676721565997,0.02365000009536743,9.27609346073055e-05
2019-02-11,168.39999389648438,160.78713989257812,-0.0009493371753062085,0.02375,9.314860863818275e-05
2019-02-12,170.88999938964844,163.16461181640625,0.014786455716648161,0.02378000020980835,9.326490441674551e-05
2019-02-13,171.00999450683594,163.27914428710938,0.000701944309051461,0.02372999906539917,9.307107315259522e-05
2019-02-14,171.22000122070312,163.4796142578125,0.0012277745059137146,0.02372999906539917,9.307107315259522e-05
2019-02-15,171.94000244140625,164.16709899902344,0.00420532397468687,0.02369999885559082,9.295477171633593e-05
2019-02-19,172.27999877929688,164.49172973632812,0.001977440907977579,0.02372999906539917,9.307107315259522e-05
2019-02-20,172.25,164.46310424804688,-0.00017402387540776942,0.023829998970031737,9.345871701049724e-05
2019-02-21,171.6199951171875,163.86155700683594,-0.0036576425087031517,0.023949999809265137,9.392384355977335e-05
2019-02-22,172.88999938964844,165.07415771484375,0.007400153703880807,0.023929998874664307,9.384632315834196e-05
2019-02-25,173.52000427246094,165.67567443847656,0.003643918175683769,0.023929998874664307,9.384632315834196e-05
2019-02-26,173.6999969482422,165.8475341796875,0.0010373263413196998,0.024000000953674317,9.411763334465917e-05
2019-02-27,173.58999633789062,165.74252319335938,-0.0006331778572863378,0.023929998874664307,9.384632315834196e-05
2019-02-28,173.19000244140625,165.360595703125,-0.002304342198222731,0.023829998970031737,9.345871701049724e-05
2019-03-01,174.38999938964844,166.50631713867188,0.006928624263085048,0.02378000020980835,9.326490441674551e-05
2019-03-04,174.4199981689453,166.5349884033203,0.00017219325453310397,0.02375,9.314860863818275e-05
2019-03-05,174.5500030517578,166.6591033935547,0.000745278763486068,0.024000000953674317,9.411763334465917e-05
2019-03-06,173.55999755859375,165.71383666992188,-0.005671857728651197,0.024049999713897704,9.431140446491959e-05
2019-03-07,171.42999267578125,163.68014526367188,-0.012272308982265723,0.023949999809265137,9.392384355977335e-05
2019-03-08,171.1699981689453,163.43190002441406,-0.0015166484539582692,0.023929998874664307,9.384632315834196e-05
2019-03-11,174.72999572753906,166.83096313476562,0.020798039488274966,0.02380000114440918,9.334243613068338e-05
2019-03-12,175.69000244140625,167.7476043701172,0.005494431118347576,0.023949999809265137,9.392384355977335e-05
2019-03-13,177.00999450683594,169.00787353515625,0.007512889199051687,0.023880000114440917,9.365252941839763e-05
2019-03-14,176.7100067138672,168.72149658203125,-0.001694459241068591,0.023880000114440917,9.365252941839763e-05
2019-03-15,178.35000610351562,170.28738403320312,0.009280900672965275,0.023880000114440917,9.365252941839763e-05
2019-03-18,178.4499969482422,170.69287109375,0.0023811926106505066,0.023849999904632567,9.353624495322954e-05
2019-03-19,179.0500030517578,171.2667999267578,0.0033623479957320956,0.024049999713897704,9.431140446491959e-05
2019-03-20,179.75999450683594,171.94595336914062,0.003965470497920398,0.024079999923706054,9.442766630995969e-05
2019-03-21,182.57000732421875,174.63381958007812,0.01563204110519001,0.024079999923706054,9.442766630995969e-05
2019-03-22,178.55999755859375,170.79812622070312,-0.0219642069823488,0.023980000019073487,9.404011671354517e-05
2019-03-25,178.22000122070312,170.472900390625,-0.0019041533843168201,0.023900001049041747,9.373005359014641e-05
2019-03-26,179.0500030517578,171.2667999267578,0.004657042464307537,0.024049999713897704,9.431140446491959e-05
2019-03-27,177.89999389648438,170.16680908203125,-0.0064226741271335985,0.02378000020980835,9.326490441674551e-05
2019-03-28,178.30999755859375,170.5589599609375,0.0023045086231663348,0.02369999885559082,9.295477171633593e-05
2019-03-29,179.66000366210938,171.8502960205078,0.007571200363006847,0.023280000686645506,9.132621355623094e-05
2019-04-01,182.0399932861328,174.12680053710938,0.013247021211589383,0.023229999542236326,9.113228795487593e-05
2019-04-02,182.72999572753906,174.78683471679688,0.003790537571767061,0.02369999885559082,9.295477171633593e-05
2019-04-03,183.77999877929688,175.7912139892578,0.005746309635324076,0.02372999906539917,9.307107315259522e-05
2019-04-04,183.7100067138672,175.7242431640625,-0.0003809679885332651,0.02369999885559082,9.295477171633593e-05
2019-04-05,184.66000366210938,176.63291931152344,0.005171034634148697,0.02369999885559082,9.295477171633593e-05
2019-04-08,185.1300048828125,177.08251953125,0.002545393132146634,0.02365000009536743,9.27609346073055e-05
2019-04-09,184.47999572753906,176.4607696533203,-0.003511074269642811,0.02365000009536743,9.27609346073055e-05
2019-04-10,185.47000122070312,177.4077911376953,0.005366753676953495,0.0236299991607666,9.268339157708638e-05
2019-04-11,185.02999877929688,176.9868621826172,-0.0023726632995020314,0.02365000009536743,9.27609346073055e-05
2019-04-12,185.8300018310547,177.75210571289062,0.004323730704281603,0.02375,9.314860863818275e-05
2019-04-15,185.86000061035156,177.78076171875,0.00016121331302620945,0.023599998950958254,9.256707882410176e-05
2019-04-16,186.5,178.39291381835938,0.0034432977656930763,0.02378000020980835,9.326490441674551e-05
2019-04-17,187.14999389648438,179.01470947265625,0.0034855400979099116,0.02380000114440918,9.334243613068338e-05
2019-04-18,187.38999938964844,179.24427795410156,0.0012824001006486174,0.02365000009536743,9.27609346073055e-05
2019-04-22,187.9199981689453,179.7512664794922,0.0028284781594001274,0.02375,9.314860863818275e-05
2019-04-23,190.30999755859375,182.03729248046875,0.012717718465907968,0.023900001049041747,9.373005359014641e-05
2019-04-24,189.7100067138672,181.46340942382812,-0.003152557637068787,0.02375,9.314860863818275e-05
2019-04-25,190.47999572753906,182.199951171875,0.004058899534542526,0.02365000009536743,9.27609346073055e-05
2019-04-26,190.64999389648438,182.362548828125,0.0008924132811463092,0.023599998950958254,9.256707882410176e-05
2019-04-29,191.02000427246094,182.71653747558594,0.0019411257943897642,0.023599998950958254,9.256707882410176e-05
2019-04-30,189.5399932861328,181.30087280273438,-0.007747873796266069,0.02368000030517578,9.287724170148337e-05
2019-05-01,188.92999267578125,180.71734619140625,-0.0032185537902127415,0.0236299991607666,9.268339157708638e-05
2019-05-02,188.11000061035156,179.93295288085938,-0.004340442835609637,0.02372999906539917,9.307107315259522e-05
2019-05-03,191.11000061035156,182.80255126953125,0.015948153702406875,0.02368000030517578,9.287724170148337e-05
2019-05-06,189.94000244140625,181.68341064453125,-0.006122128040488284,0.0236299991607666,9.268339157708638e-05
2019-05-07,186.24000549316406,178.14427185058594,-0.019479702529746845,0.02368000030517578,9.287724170148337e-05
2019-05-08,185.77000427246094,177.69468688964844,-0.0025237126979562596,0.02369999885559082,9.295477171633593e-05
2019-05-09,184.77000427246094,176.73818969726562,-0.005382812559707073,0.02369999885559082,9.295477171633593e-05
2019-05-10,185.0,176.95816040039062,0.001244613309108633,0.02369999885559082,9.295477171633593e-05
2019-05-13,178.5800018310547,170.81724548339844,-0.03470263763534598,0.023499999046325683,9.217934820515694e-05
2019-05-14,180.5399932861328,172.69204711914062,0.01097548219113742,0.023529999256134033,9.229567227708735e-05
2019-05-15,183.08999633789062,175.13124084472656,0.014124528409250603,0.023499999046325683,9.217934820515694e-05
2019-05-16,184.92999267578125,176.89120483398438,0.010049400556798593,0.023380000591278077,9.171402719987398e-05
2019-05-17,183.0399932861328,175.08334350585938,-0.01022018776920941,0.023299999237060547,9.140377375693731e-05
2019-05-20,179.9499969482422,172.127685546875,-0.016881434291808883,0.02319999933242798,9.101592991300755e-05
2019-05-21,181.8300018310547,173.92599487304688,0.010447530973639596,0.023299999237060547,9.140377375693731e-05
2019-05-22,181.02000427246094,173.15121459960938,-0.004454654831803739,0.02319999933242798,9.101592991300755e-05
2019-05-23,178.25,170.5015869140625,-0.01530239156377744,0.023029999732971193,9.03565096483927e-05
2019-05-24,178.16000366210938,170.41549682617188,-0.0005049225021818149,0.022880001068115233,8.977458140324579e-05
2019-05-28,177.49000549316406,169.77462768554688,-0.003760627129343219,0.022980000972747803,9.016254609317542e-05
2019-05-29,176.02999877929688,168.37811279296875,-0.008225698454569552,0.022980000972747803,9.016254609317542e-05
2019-05-30,176.77000427246094,169.08595275878906,0.004203871596367481,0.02309999942779541,9.062804831261317e-05
2019-05-31,173.9499969482422,166.38851928710938,-0.015953031151722752,0.022929999828338623,8.996856384535512e-05
2019-06-03,170.1199951171875,162.72503662109375,-0.022017640890800605,0.022799999713897706,8.946417689981168e-05
2019-06-04,174.91000366210938,167.3068084716797,0.028156526775007684,0.022950000762939453,9.004615972774133e-05
2019-06-05,176.2100067138672,168.55026245117188,0.007432177989951105,0.022850000858306886,8.965818370465506e-05
2019-06-06,177.61000061035156,169.88943481445312,0.007945240451163293,0.02255000114440918,8.849402891297764e-05
2019-06-07,181.0399932861328,173.17027282714844,0.019311607083033255,0.022149999141693116,8.694128397279677e-05
2019-06-10,183.14999389648438,175.18861389160156,0.011655239848630039,0.022200000286102296,8.713541365668043e-05
2019-06-11,183.39999389648438,175.42770385742188,0.0013647574491812975,0.022130000591278075,8.686363685628251e-05
2019-06-12,182.33999633789062,174.413818359375,-0.005779506176920024,0.021649999618530272,8.499951304719033e-05
2019-06-13,183.4199981689453,175.44686889648438,0.0059229856144815685,0.021400001049041748,8.402827723541506e-05
2019-06-14,182.63999938964844,174.7007598876953,-0.004252620827501219,0.02125,8.34454146767527e-05
2019-06-17,183.74000549316406,175.7529296875,0.006022697328168736,0.021380000114440918,8.395056406595991e-05
2019-06-18,186.41000366210938,178.306884765625,0.014531507854043113,0.021679999828338622,8.511604691863184e-05
2019-06-19,187.11000061035156,178.97647094726562,0.0037552458084877394,0.02125,8.34454146767527e-05
2019-06-20,188.85000610351562,180.6408233642578,0.009299280560083112,0.020780000686645508,8.161857510935455e-05
2019-06-21,188.57000732421875,180.3730010986328,-0.0014826231448521465,0.02055000066757202,8.072428307737134e-05
2019-06-24,188.16000366210938,180.3787384033203,3.180800148894214e-05,0.02058000087738037,8.084094205407233e-05
2019-06-25,184.92999267578125,177.2823028564453,-0.01716630005445252,0.020829999446868898,8.181295502684982e-05
2019-06-26,185.7899932861328,178.1067352294922,0.004650392959496097,0.020929999351501465,8.220169568340374e-05
2019-06-27,186.5,178.78733825683594,0.0038213211110000866,0.020850000381469728,8.189070989983449e-05
2019-06-28,186.74000549316406,179.01747131347656,0.0012871887846443997,0.020350000858306884,7.994647544662392e-05
2019-07-01,189.25999450683594,181.43324279785156,0.013494612937218653,0.02065000057220459,8.111312996073039e-05
2019-07-02,190.00999450683594,182.15223693847656,0.0039628577957242506,0.021480000019073485,8.43390962310675e-05
2019-07-03,191.44000244140625,183.52313232421875,0.007526096899953094,0.021500000953674315,8.441680182280642e-05
2019-07-05,191.0500030517578,183.1492156982422,-0.0020374359419497168,0.021630001068115235,8.492182808050863e-05
2019-07-08,189.7100067138672,181.8646240234375,-0.00701390759391074,0.021779999732971192,8.550446545574353e-05
2019-07-09,190.66000366210938,182.77536010742188,0.005007769316736521,0.02194999933242798,8.616468915567665e-05
2019-07-10,192.55999755859375,184.59678649902344,0.00996538259058033,0.021300001144409178,8.363971475855436e-05
2019-07-11,192.4199981689453,184.46258544921875,-0.0007269955904969372,0.020980000495910645,8.239605642335057e-05
2019-07-12,193.52999877929688,185.52667236328125,0.005768578551965664,0.020899999141693115,8.208507654194896e-05
2019-07-15,194.14999389648438,186.12107849121094,0.0032038850282711806,0.020850000381469728,8.189070989983449e-05
2019-07-16,193.14999389648438,185.16241455078125,-0.005150754273514302,0.021029999256134035,8.259039841584936e-05
2019-07-17,192.1999969482422,184.25167846679688,-0.004918579649082044,0.020729999542236328,8.142417643863809e-05
2019-07-18,192.4199981689453,184.46258544921875,0.0011446679030382434,0.020130000114440917,7.909070793199469e-05
2019-07-19,191.00999450683594,183.11085510253906,-0.0073279377679101865,0.020130000114440917,7.909070793199469e-05
2019-07-22,192.52999877929688,184.56805419921875,0.007958015901698978,0.020250000953674317,7.955751468413652e-05
2019-07-23,193.7899932861328,185.7759246826172,0.006544309569925355,0.020329999923706054,7.986868262244151e-05
2019-07-24,195.14999389648438,187.07969665527344,0.00701798133899012,0.020399999618530274,8.014093695329905e-05
2019-07-25,193.3000030517578,185.30615234375,-0.009480153876834096,0.02059999942779541,8.091870662707557e-05
2019-07-26,195.2899932861328,187.21389770507812,0.010295099958630649,0.02062999963760376,8.103535991166311e-05
2019-07-29,194.6199951171875,186.57159423828125,-0.003430853556655844,0.02049999952316284,8.052984076822867e-05
2019-07-30,193.77999877929688,185.76634216308594,-0.004316048637966197,0.020399999618530274,8.014093695329905e-05
2019-07-31,191.10000610351562,183.19715881347656,-0.013830187533939053,0.020299999713897704,7.975199517495923e-05
2019-08-01,190.14999389648438,182.28643798828125,-0.004971260641233877,0.020299999713897704,7.975199517495923e-05
2019-08-02,187.35000610351562,179.60226440429688,-0.01472503173361106,0.02,7.85849419846496e-05
2019-08-05,180.72999572753906,173.25599670410156,-0.03533512075276202,0.019529999494552613,7.675586737843076e-05
2019-08-06,183.25999450683594,175.68138122558594,0.013998848915034223,0.019950000047683717,7.839039988111196e-05
2019-08-07,184.25,176.63043212890625,0.0054021143088673895,0.01968000054359436,7.733970927925604e-05
2019-08-08,188.25999450683594,180.47462463378906,0.02176404404693577,0.019700000286102293,7.741754685586244e-05
2019-08-09,186.49000549316406,178.77780151367188,-0.009402003874840026,0.019500000476837157,7.663909337174424e-05
2019-08-12,184.35000610351562,176.72630310058594,-0.011475129438422216,0.01927999973297119,7.578261512319884e-05
2019-08-13,188.38999938964844,180.59925842285156,0.02191499088882809,0.019550000429153443,7.683372100175667e-05
2019-08-14,182.75999450683594,175.20201110839844,-0.029885213048971182,0.019079999923706056,7.500384211422961e-05
2019-08-15,182.5500030517578,175.000732421875,-0.00114883776304886,0.01843000054359436,7.247177807245819e-05
2019-08-16,185.47999572753906,177.80955505371094,0.016050347864057457,0.01822999954223633,7.169235295667598e-05
2019-08-19,188.42999267578125,180.63755798339844,0.015904673563989613,0.01853000044822693,7.286143113827137e-05
2019-08-20,186.97000122070312,179.23794555664062,-0.007748180624133849,0.01899999976158142,7.469228935641503e-05
2019-08-21,188.6300048828125,180.8292694091797,0.008878275454436091,0.01927999973297119,7.578261512319884e-05
2019-08-22,188.02000427246094,180.2445526123047,-0.00323352960936818,0.01937999963760376,7.617194455389331e-05
2019-08-23,182.07000732421875,174.54058837890625,-0.03164569553270957,0.01909999966621399,7.508172533676749e-05
2019-08-26,184.82000732421875,177.17691040039062,0.01510434934343885,0.019329999685287477,7.597728459396436e-05
2019-08-27,184.42999267578125,176.802978515625,-0.0021105000867246426,0.019429999589920043,7.636659500387388e-05
2019-08-28,185.08999633789062,177.43568420410156,0.0035785917962951608,0.01940000057220459,7.624980958764738e-05
2019-08-29,187.9199981689453,180.14869689941406,0.015290118825206367,0.01940000057220459,7.624980958764738e-05
2019-08-30,187.47000122070312,179.71731567382812,-0.0023945842129893258,0.019329999685287477,7.597728459396436e-05
2019-09-03,185.64999389648438,177.97250366210938,-0.009708647189486386,0.01909999966621399,7.508172533676749e-05
2019-09-04,188.3300018310547,180.5417022705078,0.014435930020269883,0.019049999713897706,7.488701210456306e-05
2019-09-05,191.77999877929688,183.84906005859375,0.018319079450854536,0.019199999570846556,7.547112325712035e-05
2019-09-06,191.58999633789062,183.66690063476562,-0.000990809655323055,0.01909999966621399,7.508172533676749e-05
2019-09-09,191.19000244140625,183.28343200683594,-0.0020878483091095745,0.019079999923706056,7.500384211422961e-05
2019-09-10,190.63999938964844,182.7561798095703,-0.002876704083356274,0.01912999987602234,7.519854963722317e-05
2019-09-11,192.42999267578125,184.47215270996094,0.009389411084093746,0.01912999987602234,7.519854963722317e-05
2019-09-12,193.22999572753906,185.2390594482422,0.004157303565959003,0.018949999809265136,7.44975570912132e-05
2019-09-13,192.5399932861328,184.5775909423828,-0.00357089108436226,0.01899999976158142,7.469228935641503e-05
2019-09-16,191.67999267578125,183.75318908691406,-0.004466424397781221,0.019450000524520873,7.644445623400387e-05
2019-09-17,192.60000610351562,184.63514709472656,0.0047996881697403015,0.01937999963760376,7.617194455389331e-05
2019-09-18,192.52000427246094,184.55845642089844,-0.00041536335326652907,0.018799999952316283,7.391330318529121e-05
2019-09-19,192.83999633789062,184.8651885986328,0.0016619784521541003,0.018830000162124633,7.403016174922783e-05
2019-09-20,190.8000030517578,182.90956115722656,-0.01057866792677864,0.01850000023841858,7.274453829064775e-05
2019-09-23,190.5,182.99021911621094,0.0004409718030815579,0.018450000286102296,7.254971080516981e-05
2019-09-24,187.97000122070312,180.5600128173828,-0.013280525650853359,0.018799999952316283,7.391330318529121e-05
2019-09-25,190.0800018310547,182.5868377685547,0.011225214927414795,0.018450000286102296,7.254971080516981e-05
2019-09-26,189.3800048828125,181.91439819335938,-0.003682848026798524,0.017699999809265135,6.962615009076245e-05
2019-09-27,187.02999877929688,179.65708923339844,-0.012408632754630111,0.017300000190734865,6.806604259845805e-05
2019-09-30,188.80999755859375,181.3668670654297,0.009516895989615026,0.017699999809265135,6.962615009076245e-05
2019-10-01,187.27000427246094,179.88760375976562,-0.008156193739236817,0.017530000209808348,6.896317997640011e-05
2019-10-02,184.0500030517578,176.79452514648438,-0.017194506728834713,0.017350000143051148,6.826108944557596e-05
2019-10-03,186.07000732421875,178.7349090576172,0.010975361988868615,0.016649999618530274,6.552955966210305e-05
2019-10-04,188.80999755859375,181.3668670654297,0.014725483799944428,0.016549999713897704,6.51391888721875e-05
2019-10-07,188.24000549316406,180.81935119628906,-0.0030188307158831584,0.016729999780654908,6.584182968927266e-05
2019-10-08,185.4199981689453,178.1104736328125,-0.014981126442246362,0.016549999713897704,6.51391888721875e-05
2019-10-09,187.22999572753906,179.84913635253906,0.00976170959665712,0.01628000020980835,6.408499758525643e-05
2019-10-10,188.67999267578125,181.24197387695312,0.007744477136013783,0.016330000162124634,6.428023941107419e-05
2019-10-11,191.11000061035156,183.576171875,0.012878904086707665,0.016230000257492064,6.388974619153664e-05
2019-10-14,191.08999633789062,183.55703735351562,-0.00010423205413279124,0.01618000030517578,6.369448522902665e-05
2019-10-15,193.52000427246094,185.89122009277344,0.01271638926467511,0.01618000030517578,6.369448522902665e-05
2019-10-16,193.0399932861328,185.4300994873047,-0.00248059378618648,0.01615000009536743,6.357732312700648e-05
2019-10-17,193.5500030517578,185.92002868652344,0.0026421233692552892,0.01625,6.396784696605096e-05
2019-10-18,191.69000244140625,184.13333129882812,-0.009610031798714003,0.01625,6.396784696605096e-05
2019-10-21,193.38999938964844,185.76634216308594,0.008868632597580195,0.01625,6.396784696605096e-05
2019-10-22,191.85000610351562,184.28704833984375,-0.007963196163616626,0.01615000009536743,6.357732312700648e-05
2019-10-23,192.22000122070312,184.64242553710938,0.0019283894363009146,0.01615000009536743,6.357732312700648e-05
2019-10-24,194.08999633789062,186.43869018554688,0.009728341919319483,0.016230000257492064,6.388974619153664e-05
2019-10-25,195.63999938964844,187.9276580810547,0.00798636749714321,0.01625,6.396784696605096e-05
2019-10-28,197.57000732421875,189.7815704345703,0.009865031962011717,0.016050000190734864,6.318676100702803e-05
2019-10-29,196.0399932861328,188.3118438720703,-0.0077443060415959275,0.015950000286102294,6.279616059834403e-05
2019-10-30,196.99000549316406,189.2244415283203,0.004846204240185559,0.015950000286102294,6.279616059834403e-05
2019-10-31,197.0800018310547,189.3108673095703,0.0004567368810919348,0.014980000257492066,5.900534439695626e-05
2019-11-01,198.8699951171875,191.03025817871094,0.0090823675025955,0.014850000143051148,5.849702224303144e-05
2019-11-04,200.10000610351562,192.21180725097656,0.006185140948510304,0.01503000020980835,5.920083529198372e-05
2019-11-05,200.2100067138672,192.31753540039062,0.0005500606384498674,0.015180000066757203,5.978725043287447e-05
2019-11-06,199.75999450683594,191.8852081298828,-0.002247986745502639,0.015149999856948853,5.9669973377252106e-05
2019-11-07,200.42999267578125,192.52879333496094,0.0033540115538375215,0.015180000066757203,5.978725043287447e-05
2019-11-08,201.22999572753906,193.29727172851562,0.003991498519484882,0.015099999904632568,5.947450549981248e-05
2019-11-11,200.9600067138672,193.03793334960938,-0.0013416556611853814,0.015130000114440918,5.959178830905465e-05
2019-11-12,201.5399932861328,193.59503173828125,0.002885952926479529,0.015329999923706055,6.037357927723974e-05
2019-11-13,201.58999633789062,193.64305114746094,0.0002480405036664468,0.01534999966621399,6.045174900570771e-05
2019-11-14,201.42999267578125,193.48934936523438,-0.0007937376596566237,0.01527999997138977,6.017814591618986e-05
2019-11-15,202.91000366210938,194.91102600097656,0.007347570501457401,0.01527999997138977,6.017814591618986e-05
2019-11-18,203.07000732421875,195.06472778320312,0.0007885740759776549,0.015230000019073486,5.9982702968364165e-05
2019-11-19,203.3699951171875,195.35284423828125,0.0014770300010278348,0.015249999761581421,6.0060880366030744e-05
2019-11-20,202.14999389648438,194.1809844970703,-0.005998682772089925,0.015199999809265136,5.986543166569547e-05
2019-11-21,201.6999969482422,193.74871826171875,-0.0022260997206865474,0.015299999713897705,6.025631947892407e-05
2019-11-22,201.8300018310547,193.8736114501953,0.0006446142694367385,0.015429999828338623,6.0764417243230895e-05
2019-11-25,204.22000122070312,196.16940307617188,0.011841692166374873,0.015449999570846558,6.084257930427661e-05
2019-11-26,204.61000061035156,196.5440216064453,0.0019096685028294758,0.01565000057220459,6.162412956567387e-05
2019-11-27,206.0399932861328,197.91761779785156,0.006988745728204959,0.01565000057220459,6.162412956567387e-05
2019-11-29,205.10000610351562,197.0146942138672,-0.004562118289573425,0.015399999618530273,6.064716894726985e-05
2019-12-02,203.0,194.9974822998047,-0.010238890668087586,0.015379999876022338,6.0569003052624026e-05
2019-12-03,201.41000366210938,193.47018432617188,-0.007832398426994125,0.015379999876022338,6.0569003052624026e-05
2019-12-04,202.42999267578125,194.44993591308594,0.005064096001802021,0.014980000257492066,5.900534439695626e-05
2019-12-05,202.8300018310547,194.83416748046875,0.0019759922551711995,0.014930000305175781,5.8809843909601867e-05
2019-12-06,205.0,196.91868591308594,0.01069893673975919,0.014800000190734863,5.8301496811186126e-05
2019-12-09,204.07000732421875,196.02529907226562,-0.004536831213745929,0.014980000257492066,5.900534439695626e-05
2019-12-10,203.89999389648438,195.8619842529297,-0.0008331313361533699,0.015149999856948853,5.9669973377252106e-05
2019-12-11,204.97999572753906,196.89942932128906,0.0052968169005152,0.015199999809265136,5.986543166569547e-05
2019-12-12,206.50999450683594,198.36915588378906,0.007464351560419136,0.015299999713897705,6.025631947892407e-05
2019-12-13,207.19000244140625,199.02236938476562,0.0032929186902384,0.015230000019073486,5.9982702968364165e-05
2019-12-16,209.27000427246094,201.02032470703125,0.010038848037242643,0.015249999761581421,6.0060880366030744e-05
2019-12-17,209.38999938964844,201.13560485839844,0.0005734751027548501,0.015299999713897705,6.025631947892407e-05
2019-12-18,209.5500030517578,201.28929138183594,0.0007640940724826795,0.015180000066757203,5.978725043287447e-05
2019-12-19,210.86000061035156,202.547607421875,0.006251281582844381,0.015329999923706055,6.037357927723974e-05
2019-12-20,211.7100067138672,203.3641357421875,0.004031290868875992,0.01527999997138977,6.017814591618986e-05
2019-12-23,211.80999755859375,203.9013214111328,0.0026414965794476775,0.015199999809265136,5.986543166569547e-05
2019-12-24,211.9199981689453,204.00718688964844,0.0005191995705715602,0.015379999876022338,6.0569003052624026e-05
2019-12-26,213.7899932861328,205.80734252929688,0.008823981483663035,0.01534999966621399,6.045174900570771e-05
2019-12-27,213.61000061035156,205.6340789794922,-0.0008418725380511249,0.015180000066757203,5.978725043287447e-05
2019-12-30,212.2100067138672,204.28636169433594,-0.006553958817743677,0.014900000095367431,5.8692538080107326e-05
2019-12-31,212.61000061035156,204.6714324951172,0.0018849559881897182,0.015049999952316285,5.927902803226637e-05
2020-01-02,216.16000366210938,208.08889770507812,0.01669732394159329,0.014950000047683716,5.888804432330197e-05
2020-01-03,214.17999267578125,206.18276977539062,-0.009160161597804417,0.014730000495910644,5.802774601804117e-05
2020-01-06,215.55999755859375,207.5112762451172,0.006443343792373213,0.014880000352859498,5.861433382881032e-05
2020-01-07,215.52999877929688,207.48240661621094,-0.00013912318129716272,0.015,5.908354097372559e-05
2020-01-08,217.14999389648438,209.04188537597656,0.007516197566814764,0.014930000305175781,5.8809843909601867e-05
2020-01-09,218.99000549316406,210.81321716308594,0.008473573532517209,0.015,5.908354097372559e-05
2020-01-10,218.42999267578125,210.2741241455078,-0.0025572069191519553,0.014980000257492066,5.900534439695626e-05
2020-01-13,220.9499969482422,212.70004272460938,0.011536933462259258,0.015099999904632568,5.947450549981248e-05
2020-01-14,220.0800018310547,211.8624725341797,-0.003937799822231969,0.015299999713897705,6.025631947892407e-05
2020-01-15,220.1699981689453,211.94915771484375,0.0004091577881970565,0.015080000162124635,5.9396316595794474e-05
2020-01-16,222.27999877929688,213.98037719726562,0.009583522314132953,0.015180000066757203,5.978725043287447e-05
2020-01-17,223.3800048828125,215.03932189941406,0.004948793510968663,0.015230000019073486,5.9982702968364165e-05
2020-01-21,223.27999877929688,214.94300842285156,-0.0004478877430963424,0.01503000020980835,5.920083529198372e-05
2020-01-22,223.8699951171875,215.51100158691406,0.002642529144028183,0.015130000114440918,5.959178830905465e-05
2020-01-23,224.58999633789062,216.20411682128906,0.003216147803458913,0.015149999856948853,5.9669973377252106e-05
2020-01-24,222.6999969482422,214.3846893310547,-0.008415323061300883,0.014900000095367431,5.8692538080107326e-05
2020-01-27,218.10000610351562,209.9564666748047,-0.020655498627571767,0.015049999952316285,5.927902803226637e-05
2020-01-28,221.4499969482422,213.18136596679688,0.015359847415355565,0.015299999713897705,6.025631947892407e-05
2020-01-29,221.80999755859375,213.52796936035156,0.001625861584959809,0.015199999809265136,5.986543166569547e-05
2020-01-30,222.60000610351562,214.28842163085938,0.0035613707786659177,0.01527999997138977,6.017814591618986e-05
2020-01-31,219.07000732421875,210.8902130126953,-0.01585810652904962,0.015099999904632568,5.947450549981248e-05
2020-02-03,222.3800048828125,214.0766143798828,0.01510928990808913,0.015180000066757203,5.978725043287447e-05
2020-02-04,227.47000122070312,218.9765625,0.022888759401912706,0.015379999876022338,6.0569003052624026e-05
2020-02-05,228.22000122070312,219.69859313964844,0.0032972964385100667,0.015199999809265136,5.986543166569547e-05
2020-02-06,230.19000244140625,221.5950164794922,0.00863193210635771,0.015299999713897705,6.025631947892407e-05
2020-02-07,229.1999969482422,220.64195251464844,-0.004300926888994194,0.015180000066757203,5.978725043287447e-05
2020-02-10,231.97000122070312,223.30856323242188,0.012085692169518047,0.015199999809265136,5.986543166569547e-05
2020-02-11,232.00999450683594,223.34706115722656,0.0001723978885870281,0.015379999876022338,6.0569003052624026e-05
2020-02-12,234.27000427246094,225.522705078125,0.009741090433990074,0.01534999966621399,6.045174900570771e-05
2020-02-13,233.97000122070312,225.23385620117188,-0.0012807973230591907,0.015449999570846558,6.084257930427661e-05
2020-02-14,234.63999938964844,225.8788604736328,0.00286370922799839,0.01534999966621399,6.045174900570771e-05
2020-02-18,234.72999572753906,225.9654998779297,0.00038356579325404816,0.01534999966621399,6.045174900570771e-05
2020-02-19,236.97999572753906,228.13148498535156,0.009585468173645806,0.015429999828338623,6.0764417243230895e-05
2020-02-20,234.77999877929688,226.01358032226562,-0.009283701735522953,0.015379999876022338,6.0569003052624026e-05
2020-02-21,230.27000427246094,221.67202758789062,-0.019209256046404444,0.015180000066757203,5.978725043287447e-05
2020-02-24,221.38999938964844,213.12355041503906,-0.038563626028377374,0.01503000020980835,5.920083529198372e-05
2020-02-25,215.3699951171875,207.32835388183594,-0.027191722932155993,0.014900000095367431,5.8692538080107326e-05
2020-02-26,216.47999572753906,208.3968963623047,0.005153865645785016,0.01478000044822693,5.822328488402917e-05
2020-02-27,205.63999938964844,197.96165466308594,-0.05007388248756228,0.013949999809265137,5.4976090893443796e-05
2020-02-28,205.8000030517578,198.11569213867188,0.0007781177412771179,0.012300000190734864,4.851296167984742e-05
2020-03-02,216.4199981689453,208.33914184570312,0.05160343230093711,0.011349999904632568,4.4787002601021086e-05
2020-03-03,209.47999572753906,201.65830993652344,-0.03206709910578176,0.009179999828338623,3.6263037412442856e-05
2020-03-04,218.22000122070312,210.0719451904297,0.041722234291037275,0.00675000011920929,2.6696074063359276e-05
2020-03-05,211.58999633789062,203.68954467773438,-0.0303819746463988,0.005950000286102295,2.354142367244627e-05
2020-03-06,208.02000427246094,200.2528076171875,-0.016872427428635484,0.004149999916553498,1.643431130160522e-05
2020-03-09,193.57000732421875,186.3424072265625,-0.06946419656306024,0.0033000001311302186,1.3073764350224337e-05
2020-03-10,204.11000061035156,196.48878479003906,0.05445017972285937,0.0038999998569488525,1.5446208866176647e-05
2020-03-11,195.22000122070312,187.93069458007812,-0.04355510783531902,0.0036800000071525573,1.4576476765171265e-05
2020-03-12,177.32000732421875,170.69911193847656,-0.09169115604081968,0.0027300000190734865,1.081863128815641e-05
2020-03-13,192.33999633789062,185.1582794189453,0.08470558116131333,0.0024300000071525575,9.631206425053662e-06
2020-03-16,169.3000030517578,162.9785919189453,-0.11978771659362586,0.0018500000238418578,7.334514522172597e-06
2020-03-17,182.13999938964844,175.339111328125,0.07584136826588228,0.0016500000655651093,6.5422448567442615e-06
2020-03-18,176.60000610351562,170.00599670410156,-0.030416001219734645,3.0000000260770322e-05,1.1904584140687291e-07
2020-03-19,177.66000366210938,171.02639770507812,0.006002147105155231,-0.00028000000864267347,-1.111266112574505e-06
2020-03-20,170.6999969482422,164.3262939453125,-0.03917584565699295,-0.00032999999821186065,-1.3097390636485073e-06
2020-03-23,170.4600067138672,164.44496154785156,0.0007221461623090342,-0.00039999999105930326,-1.587617836529276e-06
2020-03-24,183.66000366210938,177.1791534423828,0.07743740990705716,-0.00032999999821186065,-1.3097390636485073e-06
2020-03-25,182.3000030517578,175.8671417236328,-0.007405000493902136,-0.0007000000029802323,-2.7787466050366305e-06
2020-03-26,191.89999389648438,185.1283416748047,0.0526602062238859,-0.0010499999672174453,-4.168846879260002e-06
2020-03-27,185.3000030517578,178.7612762451172,-0.03439271033320146,-0.0005799999833106995,-2.302252303687524e-06
2020-03-30,192.0399932861328,185.26345825195312,0.03637354880997923,0.00013000000268220902,5.158396307880508e-07
2020-03-31,190.39999389648438,183.68130493164062,-0.008540018281213424,0.00029999999329447744,1.1902983365619235e-06
2020-04-01,182.30999755859375,175.8767852783203,-0.04248946105987683,0.0006300000101327896,2.499215993712056e-06
2020-04-02,186.00999450683594,179.44618225097656,0.020294872725856283,0.0006499999761581421,2.578530378549715e-06
2020-04-03,183.3699951171875,176.8993682861328,-0.014192633874382077,0.0005799999833106995,2.3009226801651295e-06
2020-04-06,196.47999572753906,189.54673767089844,0.07149471197833024,0.0005999999865889549,2.3802411603934814e-06
2020-04-07,196.39999389648438,189.4696044921875,-0.00040693487874665646,0.0012800000607967378,5.076130181524974e-06
2020-04-08,200.57000732421875,193.49246215820312,0.021232205961466022,0.0018500000238418578,7.334514522172597e-06
2020-04-09,200.86000061035156,193.77220153808594,0.0014457378688690348,0.0020999999344348905,8.324629954037377e-06
2020-04-13,203.02999877929688,195.86566162109375,0.010803717284475045,0.0020000000298023225,7.92861354415031e-06
2020-04-14,211.86000061035156,204.38404846191406,0.04349096605457725,0.0016500000655651093,6.5422448567442615e-06
2020-04-15,209.42999267578125,202.0397491455078,-0.011470069871147959,0.0011500000208616258,4.560880549009383e-06
2020-04-16,213.25,205.72500610351562,0.01824025704641774,0.0010999999940395355,4.362689823400601e-06
2020-04-17,215.2899932861328,207.69296264648438,0.009565956906466333,0.001030000001192093,4.085206420478826e-06
2020-04-20,212.74000549316406,205.23300170898438,-0.011844219015196611,0.0007000000029802323,2.7768098762592786e-06
2020-04-21,204.88999938964844,197.6599884033203,-0.03689958848042585,0.0009799999743700027,3.886992030022185e-06
2020-04-22,210.97000122070312,203.5254364013672,0.029674432571950682,0.0009300000220537186,3.6887680732178296e-06
2020-04-23,210.52000427246094,203.0913543701172,-0.002132814644327574,0.0009300000220537186,3.6887680732178296e-06
2020-04-24,213.83999633789062,206.29417419433594,0.01577034056497495,0.0010000000149011613,3.9662790878303156e-06
2020-04-27,215.55999755859375,207.95346069335938,0.008043302752022141,0.0009300000220537186,3.6887680732178296e-06
2020-04-28,211.5,204.03675842285156,-0.018834513537061226,0.0008500000089406968,3.3715888723140353e-06
2020-04-29,219.0,211.2720947265625,0.035460945173007685,0.0009000000357627869,3.569828905813921e-06
2020-04-30,218.91000366210938,211.18524169921875,-0.00041109559431484755,0.0009000000357627869,3.569828905813921e-06
2020-05-01,212.74000549316406,205.23300170898438,-0.028184924014301505,0.0009300000220537186,3.6887680732178296e-06
2020-05-04,215.22000122070312,207.62545776367188,0.011657267762813062,0.0009000000357627869,3.569828905813921e-06
2020-05-05,217.66000366210938,209.9793701171875,0.011337301209926487,0.0010999999940395355,4.362689823400601e-06
2020-05-06,219.0,211.2720947265625,0.006156436266351095,0.001080000028014183,4.283410949712518e-06
2020-05-07,221.82000732421875,213.99261474609375,0.012876854480248667,0.000949999988079071,3.768058780329042e-06
2020-05-08,224.86000061035156,216.92530822753906,0.013704648101641403,0.000949999988079071,3.768058780329042e-06
2020-05-11,226.8699951171875,218.86441040039062,0.008939031543601983,0.0010499999672174453,4.164489238123181e-06
2020-05-12,222.1199951171875,214.2820281982422,-0.020937082432751053,0.0012300000339746475,4.877965086302893e-06
2020-05-13,219.33999633789062,211.60012817382812,-0.012515748739940546,0.0011500000208616258,4.560880549009383e-06
2020-05-14,221.8300018310547,214.0022430419922,0.011352142784104347,0.0010499999672174453,4.164489238123181e-06
2020-05-15,223.27000427246094,215.3914337158203,0.006491477164356274,0.001030000001192093,4.085206420478826e-06
2020-05-18,227.42999267578125,219.40464782714844,0.018632189971969915,0.0010499999672174453,4.164489238123181e-06
2020-05-19,226.86000061035156,218.85476684570312,-0.0025062412619377694,0.0011800000071525575,4.679790134076711e-06
2020-05-20,231.38999938964844,223.2248992919922,0.019968184880204465,0.0011800000071525575,4.679790134076711e-06
2020-05-21,228.8699951171875,220.79379272460938,-0.01089083957521586,0.0010999999940395355,4.362689823400601e-06
2020-05-22,229.66000366210938,221.55592346191406,0.0034517761024888127,0.0010999999940395355,4.362689823400601e-06
2020-05-26,229.0399932861328,220.95777893066406,-0.002699745156453992,0.0011800000071525575,4.679790134076711e-06
2020-05-27,230.2899932861328,222.16368103027344,0.00545761323925964,0.0013500000536441803,5.3535445796448755e-06
2020-05-28,229.99000549316406,221.874267578125,-0.0013027037128944263,0.001379999965429306,5.472430214092938e-06
2020-05-29,233.36000061035156,225.12538146972656,0.014652956050691168,0.0012800000607967378,5.076130181524974e-06
2020-06-01,234.05999755859375,225.8006591796875,0.0029995627572172445,0.0012800000607967378,5.076130181524974e-06
2020-06-02,235.6300048828125,227.31527709960938,0.006707765714344394,0.0014499999582767487,5.7498170200620535e-06
2020-06-03,236.69000244140625,228.33790588378906,0.004498724402634657,0.0014800000190734863,5.868691420829464e-06
2020-06-04,235.02999877929688,226.7364044189453,-0.007013734573088404,0.0014000000059604645,5.551685726690181e-06
2020-06-05,239.69000244140625,231.23204040527344,0.019827587889333698,0.0014499999582767487,5.7498170200620535e-06
2020-06-08,241.5500030517578,233.0263671875,0.007759853604551115,0.0015299999713897705,6.066806950366654e-06
2020-06-09,243.3000030517578,234.71461486816406,0.007244878341624128,0.0016500000655651093,6.5422448567442615e-06
2020-06-10,246.22000122070312,237.53160095214844,0.012001749808236761,0.0016500000655651093,6.5422448567442615e-06
2020-06-11,234.02000427246094,225.7620391845703,-0.0495494566634489,0.0015299999713897705,6.066806950366654e-06
2020-06-12,235.8800048828125,227.5564422607422,0.007948205476230985,0.0015000000596046448,5.947939051065276e-06
2020-06-15,238.75,230.32518005371094,0.012167257342669435,0.001550000011920929,6.146050639976863e-06
2020-06-16,242.85000610351562,234.28050231933594,0.017172774008914926,0.001599999964237213,6.344152377879553e-06
2020-06-17,243.6199951171875,235.02333068847656,0.0031706794282355677,0.0016500000655651093,6.5422448567442615e-06
2020-06-18,244.27999877929688,235.66004943847656,0.0027091725239991593,0.0014000000059604645,5.551685726690181e-06
2020-06-19,244.24000549316406,235.62149047851562,-0.0001636211146217592,0.001430000066757202,5.670566039395197e-06
2020-06-22,246.74000549316406,238.4471893310547,0.011992534495900431,0.0014000000059604645,5.551685726690181e-06
2020-06-23,248.83999633789062,240.47657775878906,0.00851085069791635,0.0014000000059604645,5.551685726690181e-06
2020-06-24,243.7100067138672,235.51905822753906,-0.020615394552989108,0.0013500000536441803,5.3535445796448755e-06
2020-06-25,246.02999877929688,237.7610321044922,0.009519288561298245,0.0012999999523162842,5.15539298739931e-06
2020-06-26,240.22000122070312,232.14630126953125,-0.023615017083595702,0.0013300000131130218,5.274285125311806e-06
2020-06-29,242.83999633789062,234.67822265625,0.01090657646868598,0.00125,4.957232130120559e-06
2020-06-30,247.60000610351562,239.2782745361328,0.019601528543280455,0.0013500000536441803,5.3535445796448755e-06
2020-07-01,250.49000549316406,242.07113647460938,0.011672024733088815,0.0012999999523162842,5.15539298739931e-06
2020-07-02,252.19000244140625,243.71400451660156,0.0067867159460561766,0.0013300000131130218,5.274285125311806e-06
2020-07-06,258.3900146484375,249.7056427001953,0.024584710244607955,0.0012800000607967378,5.076130181524974e-06
2020-07-07,256.6099853515625,247.98544311523438,-0.006888909543090516,0.0014000000059604645,5.551685726690181e-06
2020-07-08,259.989990234375,251.25181579589844,0.013171630720058891,0.0013500000536441803,5.3535445796448755e-06
2020-07-09,262.17999267578125,253.36825561523438,0.008423580194362401,0.0012300000339746475,4.877965086302893e-06
2020-07-10,263.9700012207031,255.09803771972656,0.006827146124884109,0.0011999999731779098,4.7590611207404265e-06
2020-07-13,258.5400085449219,249.85060119628906,-0.020570273963466557,0.00125,4.957232130120559e-06
2020-07-14,260.3699951171875,251.6190948486328,0.007078204510520214,0.0013300000131130218,5.274285125311806e-06
2020-07-15,260.8999938964844,252.13124084472656,0.0020354019491319875,0.00125,4.957232130120559e-06
2020-07-16,259.1199951171875,250.41111755371094,-0.006822333024866789,0.001030000001192093,4.085206420478826e-06
2020-07-17,259.4200134277344,250.70098876953125,0.0011575812553854536,0.0010499999672174453,4.164489238123181e-06
2020-07-20,266.7799987792969,257.8136901855469,0.02837125394249762,0.0010499999672174453,4.164489238123181e-06
2020-07-21,264.0,255.12701416015625,-0.010420998293213413,0.0010999999940395355,4.362689823400601e-06
2020-07-22,264.92999267578125,256.0257568359375,0.003522726429969758,0.0010000000149011613,3.9662790878303156e-06
2020-07-23,258.010009765625,249.33837890625,-0.02611994204150636,0.001030000001192093,4.085206420478826e-06
2020-07-24,255.55999755859375,246.9707489013672,-0.009495650109175635,0.0009799999743700027,3.886992030022185e-06
2020-07-27,260.1199951171875,251.3774871826172,0.017843158758084066,0.0009300000220537186,3.6887680732178296e-06
2020-07-28,256.80999755859375,248.17872619628906,-0.012724930232134612,0.001030000001192093,4.085206420478826e-06
2020-07-29,259.7699890136719,251.0392303466797,0.011525984496061126,0.0009000000357627869,3.569828905813921e-06
2020-07-30,261.1300048828125,252.353515625,0.00523537805826324,0.0008500000089406968,3.3715888723140353e-06
2020-07-31,265.7900085449219,256.8568420410156,0.01784530881157842,0.0008299999684095383,3.2922899788623283e-06
2020-08-03,269.3800048828125,260.32623291015625,0.013507099291466984,0.0007800000160932541,3.09403642995143e-06
2020-08-04,270.3800048828125,261.2926330566406,0.0037122657047701235,0.0009000000357627869,3.569828905813921e-06
2020-08-05,271.04998779296875,261.9401550292969,0.0024781485994511687,0.000949999988079071,3.768058780329042e-06
2020-08-06,274.6400146484375,265.409423828125,0.01324450922173459,0.0008799999952316285,3.490533957872799e-06
2020-08-07,271.4700012207031,262.3459777832031,-0.011542340888791136,0.0008799999952316285,3.490533957872799e-06
2020-08-10,270.30999755859375,261.22509765625,-0.00427252644170284,0.0008799999952316285,3.490533957872799e-06
2020-08-11,265.19000244140625,256.27703857421875,-0.018941744596617904,0.0010000000149011613,3.9662790878303156e-06
2020-08-12,271.8599853515625,262.7229309082031,0.025152047837940117,0.0010000000149011613,3.9662790878303156e-06
2020-08-13,272.4800109863281,263.3220520019531,0.0022804293925882124,0.0009000000357627869,3.569828905813921e-06
2020-08-14,272.1600036621094,263.0127868652344,-0.0011744748849080722,0.0008799999952316285,3.490533957872799e-06
2020-08-17,275.32000732421875,266.066650390625,0.011611083863216853,0.0008500000089406968,3.3715888723140353e-06
2020-08-18,277.9700012207031,268.6275634765625,0.009625081092191401,0.0010000000149011613,3.9662790878303156e-06
2020-08-19,276.1000061035156,266.8203430175781,-0.006727606190501945,0.000949999988079071,3.768058780329042e-06
2020-08-20,279.92999267578125,270.5216979980469,0.013872086882913859,0.0008799999952316285,3.490533957872799e-06
2020-08-21,281.8699951171875,272.3964538574219,0.006930149682073061,0.0008799999952316285,3.490533957872799e-06
2020-08-24,283.6300048828125,274.0972900390625,0.006243973288032834,0.0008500000089406968,3.3715888723140353e-06
2020-08-25,285.8599853515625,276.2522888183594,0.007862167404098619,0.000949999988079071,3.768058780329042e-06
2020-08-26,291.9599914550781,282.1473388671875,0.02133937088464899,0.0009300000220537186,3.6887680732178296e-06
2020-08-27,291.04998779296875,281.2680358886719,-0.0031164673820636146,0.000949999988079071,3.768058780329042e-06
2020-08-28,292.5299987792969,282.6981506347656,0.005084526372060916,0.000949999988079071,3.768058780329042e-06
2020-08-31,294.8800048828125,284.96923828125,0.008033613383691796,0.000949999988079071,3.768058780329042e-06
2020-09-01,299.9200134277344,289.83984375,0.017091688556022167,0.0010000000149011613,3.9662790878303156e-06
2020-09-02,302.760009765625,292.5843811035156,0.009469151369964512,0.0010000000149011613,3.9662790878303156e-06
2020-09-03,287.4100036621094,277.7503662109375,-0.050699954784428125,0.0010000000149011613,3.9662790878303156e-06
2020-09-04,283.5799865722656,274.0489807128906,-0.013326302854397842,0.001030000001192093,4.085206420478826e-06
2020-09-08,269.95001220703125,260.87713623046875,-0.04806383314456275,0.001080000028014183,4.283410949712518e-06
2020-09-09,277.8800048828125,268.54058837890625,0.02937571402066963,0.0010499999672174453,4.164489238123181e-06
2020-09-10,272.3399963378906,263.1867370605469,-0.019936842138757793,0.001030000001192093,4.085206420478826e-06
2020-09-11,270.45001220703125,261.36029052734375,-0.006939736225321069,0.001030000001192093,4.085206420478826e-06
2020-09-14,275.1600036621094,265.91204833984375,0.017415644141334452,0.0010000000149011613,3.9662790878303156e-06
2020-09-15,279.05999755859375,269.6808776855469,0.014173217683188355,0.0010000000149011613,3.9662790878303156e-06
2020-09-16,274.6099853515625,265.38043212890625,-0.01594642376407207,0.0010000000149011613,3.9662790878303156e-06
2020-09-17,270.32000732421875,261.2346496582031,-0.015622035270066004,0.0008500000089406968,3.3715888723140353e-06
2020-09-18,266.8699951171875,257.9005126953125,-0.012762996666992543,0.0008299999684095383,3.2922899788623283e-06
2020-09-21,267.510009765625,258.5190734863281,0.0023984473103642046,0.0007999999821186065,3.173338974260531e-06
2020-09-22,272.4800109863281,263.3220520019531,0.018578816838746848,0.0008799999952316285,3.490533957872799e-06
2020-09-23,264.1600036621094,255.28173828125,-0.030534145012068636,0.0008799999952316285,3.490533957872799e-06
2020-09-24,265.3900146484375,256.4703674316406,0.004656146414519835,0.0009300000220537186,3.6887680732178296e-06
2020-09-25,271.55999755859375,262.4330139160156,0.023248870986876335,0.0009000000357627869,3.569828905813921e-06
2020-09-28,277.20001220703125,267.8834228515625,0.020768762489963066,0.0008799999952316285,3.490533957872799e-06
2020-09-29,275.95001220703125,266.675537109375,-0.004508997717476593,0.0008500000089406968,3.3715888723140353e-06
2020-09-30,277.8399963378906,268.5019226074219,0.006848717800830073,0.0008500000089406968,3.3715888723140353e-06
2020-10-01,282.25,272.7637023925781,0.01587243675490324,0.0008299999684095383,3.2922899788623283e-06
2020-10-02,274.30999755859375,265.0905456542969,-0.028131150409586247,0.0008500000089406968,3.3715888723140353e-06
2020-10-05,280.1600036621094,270.7439270019531,0.021326227737404002,0.0008500000089406968,3.3715888723140353e-06
2020-10-06,275.1600036621094,265.91204833984375,-0.017846674219490488,0.0008799999952316285,3.490533957872799e-06
2020-10-07,279.9200134277344,270.5119934082031,0.01729874632262063,0.0008799999952316285,3.490533957872799e-06
2020-10-08,281.4100036621094,271.95196533203125,0.005323135235838494,0.0008799999952316285,3.490533957872799e-06
2020-10-09,285.7099914550781,276.1073913574219,0.015279999982045211,0.0009300000220537186,3.6887680732178296e-06
2020-10-12,294.5299987792969,284.6310729980469,0.030870892657817617,0.0009000000357627869,3.569828905813921e-06
2020-10-13,294.5199890136719,284.6212158203125,-3.4631418244446266e-05,0.0009300000220537186,3.6887680732178296e-06
2020-10-14,292.05999755859375,282.24395751953125,-0.008352358041650909,0.0010000000149011613,3.9662790878303156e-06
2020-10-15,290.1000061035156,280.349853515625,-0.006710875302884611,0.000949999988079071,3.768058780329042e-06
2020-10-16,288.510009765625,278.8132629394531,-0.005480975134828259,0.0009000000357627869,3.569828905813921e-06
2020-10-19,283.79998779296875,274.2615966796875,-0.01632514254084838,0.0009000000357627869,3.569828905813921e-06
2020-10-20,284.4100036621094,274.8511047363281,0.0021494371205352802,0.000949999988079071,3.768058780329042e-06
2020-10-21,284.19000244140625,274.63848876953125,-0.0007735678086534525,0.0009000000357627869,3.569828905813921e-06
2020-10-22,284.17999267578125,274.6288757324219,-3.5002512402515507e-05,0.0008500000089406968,3.3715888723140353e-06
2020-10-23,284.739990234375,275.1700439453125,0.0019705437436152717,0.0008299999684095383,3.2922899788623283e-06
2020-10-26,280.4700012207031,271.04351806640625,-0.014996275829088246,0.0007999999821186065,3.173338974260531e-06
2020-10-27,282.6600036621094,273.1598815917969,0.007808205636085752,0.0009000000357627869,3.569828905813921e-06
2020-10-28,271.6400146484375,262.51031494140625,-0.03898656928803723,0.0009000000357627869,3.569828905813921e-06
2020-10-29,276.3900146484375,267.1006164550781,0.017486175789688252,0.0008299999684095383,3.2922899788623283e-06
2020-10-30,269.3800048828125,260.32623291015625,-0.025362665331254308,0.0008299999684095383,3.2922899788623283e-06
2020-11-02,269.9800109863281,260.9061279296875,0.00222757043363897,0.0008299999684095383,3.2922899788623283e-06
2020-11-03,274.6499938964844,265.419189453125,0.017297644786073096,0.0009000000357627869,3.569828905813921e-06
2020-11-04,286.9100036621094,277.26708984375,0.04463844688485663,0.0008299999684095383,3.2922899788623283e-06
2020-11-05,294.3900146484375,284.49578857421875,0.026071246805895232,0.0008500000089406968,3.3715888723140353e-06
2020-11-06,294.6099853515625,284.7082824707031,0.0007469140318361323,0.0008299999684095383,3.2922899788623283e-06
2020-11-09,288.5899963378906,278.8906555175781,-0.02043364141934878,0.0008799999952316285,3.490533957872799e-06
2020-11-10,283.4200134277344,273.89434814453125,-0.017914932874945166,0.0009000000357627869,3.569828905813921e-06
2020-11-11,289.760009765625,280.02130126953125,0.022369768366913734,0.0009000000357627869,3.569828905813921e-06
2020-11-12,288.3999938964844,278.7070007324219,-0.004693573421560182,0.0008500000089406968,3.3715888723140353e-06
2020-11-13,290.92999267578125,281.1518859863281,0.008772241987037521,0.0008299999684095383,3.2922899788623283e-06
2020-11-16,293.20001220703125,283.3456726074219,0.00780285223197974,0.0007500000298023224,2.9750795063065993e-06
2020-11-17,292.2699890136719,282.4468994140625,-0.0031720025405316266,0.0007999999821186065,3.173338974260531e-06
2020-11-18,290.1099853515625,280.35943603515625,-0.007390640092834078,0.0007500000298023224,2.9750795063065993e-06
2020-11-19,292.3800048828125,282.5532531738281,0.007825016235218696,0.0005999999865889549,2.3802411603934814e-06
2020-11-20,290.3800048828125,280.6204833984375,-0.006840373464755634,0.0005799999833106995,2.3009226801651295e-06
2020-11-23,290.3900146484375,280.6300964355469,3.4256362874796054e-05,0.0007000000029802323,2.7768098762592786e-06
2020-11-24,294.4700012207031,284.5729675292969,0.014050064992425337,0.0007999999821186065,3.173338974260531e-06
2020-11-25,296.2799987792969,286.3221740722656,0.006146776899280448,0.0007999999821186065,3.173338974260531e-06
2020-11-27,299.010009765625,288.96038818359375,0.009214145288874098,0.000729999989271164,2.8957727200573657e-06
2020-11-30,299.6199951171875,289.5499572753906,0.0020403111149693842,0.0007500000298023224,2.9750795063065993e-06
2020-12-01,303.4599914550781,293.2608337402344,0.012816014548102217,0.0007999999821186065,3.173338974260531e-06
2020-12-02,303.8500061035156,293.6377868652344,0.0012853851644365477,0.0007500000298023224,2.9750795063065993e-06
2020-12-03,304.2799987792969,294.05328369140625,0.0014149978128072949,0.0007500000298023224,2.9750795063065993e-06
2020-12-04,305.5199890136719,295.2516174316406,0.004075226520823261,0.0007500000298023224,2.9750795063065993e-06
2020-12-07,307.25,296.92340087890625,0.005662232985574445,0.0007000000029802323,2.7768098762592786e-06
2020-12-08,308.2900085449219,297.928466796875,0.003384933336320728,0.0006800000369548797,2.697499438486517e-06
2020-12-09,301.30999755859375,291.18310546875,-0.022640875511650727,0.0007000000029802323,2.7768098762592786e-06
2020-12-10,302.5199890136719,292.3524475097656,0.0040158306545059475,0.0007000000029802323,2.7768098762592786e-06
2020-12-11,301.8500061035156,291.7049560546875,-0.0022147632441370524,0.0006499999761581421,2.578530378549715e-06
2020-12-14,304.0400085449219,293.8212890625,0.007255046456652314,0.0005999999865889549,2.3802411603934814e-06
2020-12-15,307.2900085449219,296.962158203125,0.010689726230004082,0.0007000000029802323,2.7768098762592786e-06
2020-12-16,308.9800109863281,298.5953369140625,0.005499618944109441,0.0007500000298023224,2.9750795063065993e-06
2020-12-17,311.0,300.5474548339844,0.006537670481048696,0.0007999999821186065,3.173338974260531e-06
2020-12-18,310.05999755859375,299.6390075683594,-0.0030226416860751337,0.0007999999821186065,3.173338974260531e-06
2020-12-21,308.9200134277344,299.0784912109375,-0.0018706388129189344,0.0007800000160932541,3.09403642995143e-06
2020-12-22,309.760009765625,299.8916931152344,0.002719025032540179,0.0007800000160932541,3.09403642995143e-06
2020-12-23,308.20001220703125,298.3814392089844,-0.005035997798277347,0.0007500000298023224,2.9750795063065993e-06
2020-12-24,309.55999755859375,299.6980895996094,0.004412641731722511,0.0007500000298023224,2.9750795063065993e-06
2020-12-28,312.67999267578125,302.7186584472656,0.010078705712444291,0.0007999999821186065,3.173338974260531e-06
2020-12-29,312.9599914550781,302.9897766113281,0.0008956110120637018,0.0009000000357627869,3.569828905813921e-06
2020-12-30,312.9700012207031,302.9994201660156,3.182798705414491e-05,0.0007000000029802323,2.7768098762592786e-06
2020-12-31,313.739990234375,303.74493408203125,0.002460446675466077,0.0006499999761581421,2.578530378549715e-06
2021-01-04,309.30999755859375,299.45611572265625,-0.01411980210414554,0.0006800000369548797,2.697499438486517e-06
2021-01-05,311.8599853515625,301.9248046875,0.008243908991092841,0.0007800000160932541,3.09403642995143e-06
2021-01-06,307.5400085449219,297.7424621582031,-0.01385226541299156,0.0007800000160932541,3.09403642995143e-06
2021-01-07,314.9800109863281,304.94537353515625,0.024191750564371617,0.0007999999821186065,3.173338974260531e-06
2021-01-08,319.0299987792969,308.8663635253906,0.012858007795885973,0.0007999999821186065,3.173338974260531e-06
2021-01-11,314.4200134277344,304.4032287597656,-0.014450051195872948,0.0007999999821186065,3.173338974260531e-06
2021-01-12,313.9200134277344,303.9192199707031,-0.0015900251486637984,0.0007999999821186065,3.173338974260531e-06
2021-01-13,316.0400085449219,305.9715881347656,0.0067530055001467915,0.0007999999821186065,3.173338974260531e-06
2021-01-14,314.3500061035156,304.33538818359375,-0.005347555180356234,0.0007500000298023224,2.9750795063065993e-06
2021-01-15,311.8599853515625,301.9248046875,-0.00792081233300257,0.0007500000298023224,2.9750795063065993e-06
2021-01-19,316.4100036621094,306.3298645019531,0.014589923537459804,0.000729999989271164,2.8957727200573657e-06
2021-01-20,323.7699890136719,313.45538330078125,0.023260934125417965,0.0007500000298023224,2.9750795063065993e-06
2021-01-21,326.3599853515625,315.9627990722656,0.007999274873127238,0.000729999989271164,2.8957727200573657e-06
2021-01-22,325.4200134277344,315.0528564453125,-0.0028799043103331368,0.0007000000029802323,2.7768098762592786e-06
2021-01-25,328.1099853515625,317.65704345703125,0.008265873355669084,0.0007000000029802323,2.7768098762592786e-06
2021-01-26,328.5899963378906,318.121826171875,0.001463158851400026,0.0006800000369548797,2.697499438486517e-06
2021-01-27,319.42999267578125,309.25360107421875,-0.027876820664498925,0.0005999999865889549,2.3802411603934814e-06
2021-01-28,321.32000732421875,311.0834655761719,0.0059170353897155525,0.0005499999970197678,2.1819420727986483e-06
2021-01-29,314.55999755859375,304.5387878417969,-0.021038333626164585,0.00048000000417232515,1.9043067378543554e-06
2021-02-01,322.4200134277344,312.14837646484375,0.02498725589923856,0.00048000000417232515,1.9043067378543554e-06
2021-02-02,327.67999267578125,317.2408142089844,0.016314157394677897,0.0005000000074505806,1.9836331146549924e-06
2021-02-03,326.3800048828125,315.982177734375,-0.0039674481284751595,0.00039999999105930326,1.5869854355088364e-06
2021-02-04,330.239990234375,319.71929931640625,0.011827001158188022,0.00029999999329447744,1.1902983365619235e-06
2021-02-05,331.3599853515625,320.80352783203125,0.0033911888270217183,0.00023000000044703483,9.125938866816341e-07
2021-02-08,333.5799865722656,322.9527893066406,0.006699619200368323,0.00019999999552965163,7.935717363238837e-07
2021-02-09,333.510009765625,322.88507080078125,-0.00020968546518751463,0.00032999999821186065,1.3093086357329753e-06
2021-02-10,332.75,322.1492004394531,-0.0022790473387422905,0.00035000000149011613,1.3886468601675972e-06
2021-02-11,334.5799865722656,323.92095947265625,0.005499808879817936,0.00035000000149011613,1.3886468601675972e-06
2021-02-12,336.45001220703125,325.7314147949219,0.0055891885638184036,0.00035000000149011613,1.3886468601675972e-06
2021-02-16,335.5400085449219,324.8504333496094,-0.0027046253609500637,0.00035000000149011613,1.3886468601675972e-06
2021-02-17,333.92999267578125,323.2917175292969,-0.004798256860057748,0.00035000000149011613,1.3886468601675972e-06
2021-02-18,332.4700012207031,321.878173828125,-0.004372347401828458,0.00023000000044703483,9.125938866816341e-07
2021-02-19,331.0199890136719,320.47430419921875,-0.004361493704931663,0.00023000000044703483,9.125938866816341e-07
2021-02-22,322.44000244140625,312.1678161621094,-0.025919357428250356,0.0002500000037252903,9.919400114632992e-07
2021-02-23,321.4800109863281,311.23828125,-0.0029776769544579418,0.00023000000044703483,9.125938866816341e-07
2021-02-24,324.1300048828125,313.8039245605469,0.008243341083374212,0.00028000000864267347,1.1109562358946334e-06
2021-02-25,312.8299865722656,302.86395263671875,-0.034862444563587114,0.00032999999821186065,1.3093086357329753e-06
2021-02-26,314.1400146484375,304.1321716308594,0.004187421392013002,0.00035000000149011613,1.3886468601675972e-06
2021-03-01,323.5899963378906,313.28106689453125,0.030081971317313716,0.00028000000864267347,1.1109562358946334e-06
2021-03-02,318.3999938964844,308.2565002441406,-0.016038526362916694,0.00035000000149011613,1.3886468601675972e-06
2021-03-03,309.1600036621094,299.3108825683594,-0.029020045542255457,0.00035000000149011613,1.3886468601675972e-06
2021-03-04,304.1000061035156,294.4119873046875,-0.016367247397204188,0.00028000000864267347,1.1109562358946334e-06
2021-03-05,308.67999267578125,298.8460388183594,0.015060703044958101,0.00028000000864267347,1.1109562358946334e-06
2021-03-08,299.94000244140625,290.384521484375,-0.028313968515163546,0.00035000000149011613,1.3886468601675972e-06
2021-03-09,311.7699890136719,301.837646484375,0.03944123791948151,0.00035000000149011613,1.3886468601675972e-06
2021-03-10,310.8800048828125,300.9759826660156,-0.002854726136370056,0.00029999999329447744,1.1902983365619235e-06
2021-03-11,318.0400085449219,307.9078674316406,0.023031355207226323,0.00028000000864267347,1.1109562358946334e-06
2021-03-12,315.4599914550781,305.4101257324219,-0.008111977521241043,0.0002500000037252903,9.919400114632992e-07
2021-03-15,318.8299865722656,308.67279052734375,0.010682896603698033,0.00014999999664723872,5.95193620611667e-07
2021-03-16,320.5799865722656,310.3669738769531,0.005488606063122736,8.000000379979611e-05,3.1744768524966105e-07
2021-03-17,321.8999938964844,311.64495849609375,0.004117656602365516,8.000000379979611e-05,3.1744768524966105e-07
2021-03-18,312.0400085449219,302.0990905761719,-0.030630586697077966,3.0000000260770322e-05,1.1904584140687291e-07
2021-03-19,313.1400146484375,303.1639709472656,0.003524937360992242,4.999999888241291e-05,1.9840775355994822e-07
2021-03-22,318.6099853515625,308.8492736816406,0.018753226897677555,4.999999888241291e-05,1.9840775355994822e-07
2021-03-23,317.2200012207031,307.501953125,-0.004362388619470803,9.999999776482581e-05,3.968056268011111e-07
2021-03-24,311.8699951171875,302.3158264160156,-0.01686534558977648,0.00014999999664723872,5.95193620611667e-07
2021-03-25,311.3299865722656,301.79229736328125,-0.0017317288973616174,0.00014999999664723872,5.95193620611667e-07
2021-03-26,316.0,306.3193054199219,0.015000409540576465,0.00014999999664723872,5.95193620611667e-07
2021-03-29,315.9100036621094,306.23199462890625,-0.0002850319567548887,8.000000379979611e-05,3.1744768524966105e-07
2021-03-30,314.32000732421875,304.69073486328125,-0.005032980853266866,0.00013000000268220902,5.158396307880508e-07
2021-03-31,319.1300048828125,309.3533630371094,0.015302822305772734,0.00013000000268220902,5.158396307880508e-07
2021-04-01,324.57000732421875,314.62677001953125,0.017046548098425873,8.000000379979611e-05,3.1744768524966105e-07
2021-04-05,331.04998779296875,320.90826416015625,0.019964906801271498,0.00014999999664723872,5.95193620611667e-07
2021-04-06,330.82000732421875,320.685302734375,-0.0006947824368586097,0.00014999999664723872,5.95193620611667e-07
2021-04-07,331.6199951171875,321.4607849121094,0.0024182030517834185,9.999999776482581e-05,3.968056268011111e-07
2021-04-08,335.0799865722656,324.8147888183594,0.010433633163581701,4.999999888241291e-05,1.9840775355994822e-07
2021-04-09,337.1099853515625,326.7826232910156,0.00605832782372695,3.0000000260770322e-05,1.1904584140687291e-07
2021-04-12,336.6700134277344,326.3560485839844,-0.0013053775709834792,9.999999776482581e-05,3.968056268011111e-07
2021-04-13,340.6000061035156,330.1656188964844,0.011673049508440947,0.00014999999664723872,5.95193620611667e-07
2021-04-14,336.510009765625,326.20098876953125,-0.012008004165316,0.00014999999664723872,5.95193620611667e-07
2021-04-15,341.6099853515625,331.144775390625,0.015155645725484446,9.999999776482581e-05,3.968056268011111e-07
2021-04-16,342.010009765625,331.5325012207031,0.0011708650079735872,8.000000379979611e-05,3.1744768524966105e-07
2021-04-19,338.8800048828125,328.4983825683594,-0.009151798514993592,0.00014999999664723872,5.95193620611667e-07
2021-04-20,336.4100036621094,326.10400390625,-0.007288859821436455,0.00014999999664723872,5.95193620611667e-07
2021-04-21,339.2900085449219,328.8958740234375,0.008561287453527022,0.00013000000268220902,5.158396307880508e-07
2021-04-22,335.20001220703125,324.93115234375,-0.012054640975535547,0.00014999999664723872,5.95193620611667e-07
2021-04-23,339.4200134277344,329.0218505859375,0.012589430753810582,0.00014999999664723872,5.95193620611667e-07
2021-04-26,341.6300048828125,331.1641540527344,0.006511128251761367,8.000000379979611e-05,3.1744768524966105e-07
2021-04-27,340.1499938964844,329.7294616699219,-0.004332269556517443,9.999999776482581e-05,3.968056268011111e-07
2021-04-28,339.0,328.61474609375,-0.0033806975285931573,8.000000379979611e-05,3.1744768524966105e-07
2021-04-29,340.2200012207031,329.79730224609375,0.0035986095158564435,8.000000379979611e-05,3.1744768524966105e-07
2021-04-30,337.989990234375,327.63555908203125,-0.006554763029715138,3.0000000260770322e-05,1.1904584140687291e-07
2021-05-03,336.19000244140625,325.89068603515625,-0.005325652233120759,4.999999888241291e-05,1.9840775355994822e-07
2021-05-04,330.1400146484375,320.0261535644531,-0.01799539760418456,9.999999776482581e-05,3.968056268011111e-07
2021-05-05,329.0299987792969,318.95013427734375,-0.0033622854729985496,8.000000379979611e-05,3.1744768524966105e-07
2021-05-06,331.510009765625,321.3541259765625,0.007537202342508875,8.000000379979611e-05,3.1744768524966105e-07
2021-05-07,334.20001220703125,323.9617614746094,0.008114523160773324,8.000000379979611e-05,3.1744768524966105e-07
2021-05-10,325.760009765625,315.7803039550781,-0.025254392624274202,4.999999888241291e-05,1.9840775355994822e-07
2021-05-11,325.30999755859375,315.3441162109375,-0.001381301299281379,9.999999776482581e-05,3.968056268011111e-07
2021-05-12,316.8900146484375,307.1820983886719,-0.02588289237908581,9.999999776482581e-05,3.968056268011111e-07
2021-05-13,319.3399963378906,309.5569763183594,0.0077311729496769566,8.000000379979611e-05,3.1744768524966105e-07
2021-05-14,326.3900146484375,316.3909606933594,0.022076660834067896,4.999999888241291e-05,1.9840775355994822e-07
2021-05-17,324.4100036621094,314.4716491699219,-0.006066265354836342,4.999999888241291e-05,1.9840775355994822e-07
2021-05-18,322.2200012207031,312.3487243652344,-0.006750766914254913,9.999999776482581e-05,3.968056268011111e-07
2021-05-19,322.5899963378906,312.70733642578125,0.0011481143752889444,4.999999888241291e-05,1.9840775355994822e-07
2021-05-20,328.8299865722656,318.7561950683594,0.019343513688281355,3.0000000260770322e-05,1.1904584140687291e-07
2021-05-21,327.010009765625,316.99200439453125,-0.0055346082715342915,3.0000000260770322e-05,1.1904584140687291e-07
2021-05-24,332.510009765625,322.323486328125,0.01681897921613862,3.0000000260770322e-05,1.1904584140687291e-07
2021-05-25,332.9700012207031,322.7693786621094,0.001383369046618066,9.999999776482581e-05,3.968056268011111e-07
2021-05-26,334.1300048828125,323.89385986328125,0.003483853412095339,4.999999888241291e-05,1.9840775355994822e-07
2021-05-27,332.8800048828125,322.68218994140625,-0.003740947489361046,4.999999888241291e-05,1.9840775355994822e-07
2021-05-28,333.92999267578125,323.7000732421875,0.0031544452483296403,8.000000379979611e-05,3.1744768524966105e-07
2021-06-01,332.82000732421875,322.6240234375,-0.003324218601218565,9.999999776482581e-05,3.968056268011111e-07
2021-06-02,333.4700012207031,323.25408935546875,0.0019529417284414041,0.00014999999664723872,5.95193620611667e-07
2021-06-03,330.0,319.89044189453125,-0.010405583631267312,0.00014999999664723872,5.95193620611667e-07
2021-06-04,335.6000061035156,325.31884765625,0.01696957786412545,0.00014999999664723872,5.95193620611667e-07
2021-06-07,336.6000061035156,326.28826904296875,0.00297991153510746,0.00017999999225139617,7.142216607025631e-07
2021-06-08,336.760009765625,326.44329833984375,0.00047512985167896815,0.00019999999552965163,7.935717363238837e-07
2021-06-09,336.8399963378906,326.5208740234375,0.00023763907541751728,0.00019999999552965163,7.935717363238837e-07
2021-06-10,340.3500061035156,329.9233093261719,0.010420268881462524,0.00019999999552965163,7.935717363238837e-07
2021-06-11,341.239990234375,330.7859802246094,0.002614761897846485,0.00017999999225139617,7.142216607025631e-07
2021-06-14,344.510009765625,333.955810546875,0.00958272270219318,0.00014999999664723872,5.95193620611667e-07
2021-06-15,342.260009765625,331.77484130859375,-0.006530712056513566,0.00019999999552965163,7.935717363238837e-07
2021-06-16,341.010009765625,330.56317138671875,-0.003652085001671357,0.00028000000864267347,1.1109562358946334e-06
2021-06-17,345.3399963378906,334.76043701171875,0.01269731775440186,0.00028000000864267347,1.1109562358946334e-06
2021-06-18,342.6300048828125,332.13348388671875,-0.007847262802169297,0.00028000000864267347,1.1109562358946334e-06
2021-06-21,344.3599853515625,334.19775390625,0.006215181906306322,0.00029999999329447744,1.1902983365619235e-06
2021-06-22,347.57000732421875,337.31298828125,0.009321529958199237,0.0003799999877810478,1.5076511605816023e-06
2021-06-23,347.739990234375,337.4779968261719,0.0004891852690365184,0.00039999999105930326,1.5869854355088364e-06
2021-06-24,349.8900146484375,339.5644836425781,0.006182586230891296,0.00043000001460313797,1.7059839594324444e-06
2021-06-25,349.4599914550781,339.14727783203125,-0.00122864972823844,0.00043000001460313797,1.7059839594324444e-06
2021-06-28,353.7099914550781,343.27178955078125,0.012161417733073332,0.00039999999105930326,1.5869854355088364e-06
2021-06-29,354.989990234375,344.5140380859375,0.003618848309037803,0.00039999999105930326,1.5869854355088364e-06
2021-06-30,354.42999267578125,343.970458984375,-0.0015778140843912825,0.00039999999105930326,1.5869854355088364e-06
2021-07-01,354.57000732421875,344.1064453125,0.0003953430434884275,0.00039999999105930326,1.5869854355088364e-06
2021-07-02,358.6400146484375,348.05633544921875,0.01147868687298681,0.0003799999877810478,1.5076511605816023e-06
2021-07-06,360.19000244140625,349.5606689453125,0.004322097726370044,0.00039999999105930326,1.5869854355088364e-06
2021-07-07,360.95001220703125,350.2981262207031,0.002109668909879625,0.00043000001460313797,1.7059839594324444e-06
2021-07-08,358.7699890136719,348.1824951171875,-0.006039515901328785,0.00043000001460313797,1.7059839594324444e-06
2021-07-09,361.010009765625,350.3563537597656,0.006243446103878503,0.00043000001460313797,1.7059839594324444e-06
2021-07-12,362.4200134277344,351.7247314453125,0.0039056739541396546,0.00043000001460313797,1.7059839594324444e-06
2021-07-13,362.4200134277344,351.7247314453125,0.0,0.00045000001788139346,1.7853142850743353e-06
2021-07-14,363.07000732421875,352.3555908203125,0.001793616765041417,0.00045000001788139346,1.7853142850743353e-06
2021-07-15,360.5199890136719,349.88079833984375,-0.0070235652418831895,0.0003799999877810478,1.5076511605816023e-06
2021-07-16,357.6000061035156,347.0470275878906,-0.00809924627301395,0.0003799999877810478,1.5076511605816023e-06
2021-07-19,354.6700134277344,344.20343017578125,-0.00819369476198506,0.00039999999105930326,1.5869854355088364e-06
2021-07-20,358.7900085449219,348.201904296875,0.01161660160984379,0.00045000001788139346,1.7853142850743353e-06
2021-07-21,361.55999755859375,350.8901062011719,0.0077202389508039815,0.00045000001788139346,1.7853142850743353e-06
2021-07-22,363.95001220703125,353.2095642089844,0.0066102120487909755,0.00043000001460313797,1.7059839594324444e-06
2021-07-23,368.20001220703125,357.33416748046875,0.011677495995108256,0.00045000001788139346,1.7853142850743353e-06
2021-07-26,368.489990234375,357.61566162109375,0.0007877616143168176,0.00039999999105930326,1.5869854355088364e-06
2021-07-27,364.42999267578125,353.6753845214844,-0.01101818942086552,0.00045000001788139346,1.7853142850743353e-06
2021-07-28,365.8299865722656,355.0340576171875,0.0038415822959840806,0.00045000001788139346,1.7853142850743353e-06
2021-07-29,366.4800109863281,355.6650085449219,0.0017771560620662985,0.00039999999105930326,1.5869854355088364e-06
2021-07-30,364.57000732421875,353.8112487792969,-0.005212094867608763,0.00039999999105930326,1.5869854355088364e-06
2021-08-02,364.6000061035156,353.8404846191406,8.263117677742571e-05,0.0003799999877810478,1.5076511605816023e-06
2021-08-03,366.80999755859375,355.9851989746094,0.006061246377099039,0.00045000001788139346,1.7853142850743353e-06
2021-08-04,367.3399963378906,356.4995422363281,0.0014448445137613675,0.00045000001788139346,1.7853142850743353e-06
2021-08-05,369.6700134277344,358.7608337402344,0.006343041816326389,0.00043000001460313797,1.7059839594324444e-06
2021-08-06,368.04998779296875,357.1885681152344,-0.004382489606260753,0.00043000001460313797,1.7059839594324444e-06
2021-08-09,368.7300109863281,357.84857177734375,0.0018477737560078644,0.00045000001788139346,1.7853142850743353e-06
2021-08-10,366.8399963378906,356.0142517089844,-0.005125967275064869,0.0005000000074505806,1.9836331146549924e-06
2021-08-11,366.2099914550781,355.40289306640625,-0.001717230812090853,0.00045000001788139346,1.7853142850743353e-06
2021-08-12,367.5299987792969,356.6839294433594,0.0036044624338884557,0.00043000001460313797,1.7059839594324444e-06
2021-08-13,368.82000732421875,357.9359436035156,0.0035101501828527226,0.00045000001788139346,1.7853142850743353e-06
2021-08-16,368.9800109863281,358.0911560058594,0.0004336317855679894,0.0005799999833106995,2.3009226801651295e-06
2021-08-17,365.7300109863281,354.9369812011719,-0.008808301327151158,0.0006300000101327896,2.499215993712056e-06
2021-08-18,362.2099914550781,351.52093505859375,-0.009624373687457388,0.0005499999970197678,2.1819420727986483e-06
2021-08-19,363.9599914550781,353.2193603515625,0.004831647630561875,0.00043000001460313797,1.7059839594324444e-06
2021-08-20,367.7300109863281,356.8780822753906,0.010358214567249613,0.00043000001460313797,1.7059839594324444e-06
2021-08-23,373.2300109863281,362.2156982421875,0.014956412937340291,0.00039999999105930326,1.5869854355088364e-06
2021-08-24,374.3699951171875,363.32208251953125,0.003054490135885768,0.00048000000417232515,1.9043067378543554e-06
2021-08-25,374.79998779296875,363.73944091796875,0.0011487284107347673,0.00045000001788139346,1.7853142850743353e-06
2021-08-26,372.4200134277344,361.4296569824219,-0.00635010580573192,0.00043000001460313797,1.7059839594324444e-06
2021-08-27,376.0400085449219,364.9427490234375,0.009719988310717076,0.00043000001460313797,1.7059839594324444e-06
2021-08-30,380.260009765625,369.0382385253906,0.011222279420299186,0.0003799999877810478,1.5076511605816023e-06
2021-08-31,379.95001220703125,368.7374267578125,-0.0008151235730479156,0.00039999999105930326,1.5869854355088364e-06
2021-09-01,380.5799865722656,369.3487854003906,0.0016579782745504978,0.00039999999105930326,1.5869854355088364e-06
2021-09-02,380.3999938964844,369.1741027832031,-0.0004729475880045353,0.00039999999105930326,1.5869854355088364e-06
2021-09-03,381.57000732421875,370.3096923828125,0.0030760272485208517,0.00039999999105930326,1.5869854355088364e-06
2021-09-07,382.1099853515625,370.83367919921875,0.0014149962239295988,0.00035000000149011613,1.3886468601675972e-06
2021-09-08,380.7799987792969,369.5429382324219,-0.0034806465518021357,0.00039999999105930326,1.5869854355088364e-06
2021-09-09,379.4700012207031,368.2716064453125,-0.0034402816441042594,0.0003799999877810478,1.5076511605816023e-06
2021-09-10,376.5899963378906,365.4765625,-0.007589626504989733,0.0003799999877810478,1.5076511605816023e-06
2021-09-13,376.3299865722656,365.2242431640625,-0.0006903844509522639,0.0003799999877810478,1.5076511605816023e-06
2021-09-14,375.260009765625,364.185791015625,-0.0028433275388320967,0.00035000000149011613,1.3886468601675972e-06
2021-09-15,378.04998779296875,366.8935241699219,0.007435032395815444,0.00035000000149011613,1.3886468601675972e-06
2021-09-16,378.30999755859375,367.1457824707031,0.000687551794085195,0.00029999999329447744,1.1902983365619235e-06
2021-09-17,373.8299865722656,362.7980041503906,-0.011842103403869153,0.00028000000864267347,1.1109562358946334e-06
2021-09-20,365.70001220703125,355.30145263671875,-0.02066315533137364,0.0002500000037252903,9.919400114632992e-07
2021-09-21,366.1499938964844,355.7386169433594,0.0012304039383919108,0.00019999999552965163,7.935717363238837e-07
2021-09-22,369.57000732421875,359.0613708496094,0.009340436342841762,0.0002500000037252903,9.919400114632992e-07
2021-09-23,372.9800109863281,362.3744812011719,0.009227142267415278,0.0002500000037252903,9.919400114632992e-07
2021-09-24,373.3299865722656,362.71441650390625,0.0009380773767722062,0.0002500000037252903,9.919400114632992e-07
2021-09-27,370.3500061035156,359.8192443847656,-0.007981960427838275,0.0002500000037252903,9.919400114632992e-07
2021-09-28,359.8699951171875,349.63720703125,-0.02829764531056511,0.00029999999329447744,1.1902983365619235e-06
2021-09-29,359.2799987792969,349.0639953613281,-0.0016394469993310512,0.00029999999329447744,1.1902983365619235e-06
2021-09-30,357.9599914550781,347.781494140625,-0.0036741148836492155,0.00028000000864267347,1.1109562358946334e-06
2021-10-01,360.17999267578125,349.9383850097656,0.006201856353715174,0.00028000000864267347,1.1109562358946334e-06
2021-10-04,352.6199951171875,342.5933837890625,-0.020989412809052532,0.00028000000864267347,1.1109562358946334e-06
2021-10-05,357.3800048828125,347.2180480957031,0.01349898896321955,0.00035000000149011613,1.3886468601675972e-06
2021-10-06,359.6700134277344,349.44293212890625,0.006407743046207948,0.00039999999105930326,1.5869854355088364e-06
2021-10-07,362.9700012207031,352.6490783691406,0.009175020998998695,0.00039999999105930326,1.5869854355088364e-06
2021-10-08,361.1600036621094,350.8905334472656,-0.004986670970494433,0.00039999999105930326,1.5869854355088364e-06
2021-10-11,358.3900146484375,348.19927978515625,-0.007669781329435188,0.00039999999105930326,1.5869854355088364e-06
2021-10-12,357.1400146484375,346.98480224609375,-0.003487880675146271,0.00039999999105930326,1.5869854355088364e-06
2021-10-13,360.0,349.7635498046875,0.00800826877893912,0.00045000001788139346,1.7853142850743353e-06
2021-10-14,366.6300048828125,356.2049865722656,0.018416546753299734,0.00039999999105930326,1.5869854355088364e-06
2021-10-15,368.94000244140625,358.4492492675781,0.006300480846461065,0.0003799999877810478,1.5076511605816023e-06
2021-10-18,372.6499938964844,362.05377197265625,0.01005588019069159,0.00043000001460313797,1.7059839594324444e-06
2021-10-19,375.4700012207031,364.79364013671875,0.007567572488291763,0.0005000000074505806,1.9836331146549924e-06
2021-10-20,374.9800109863281,364.3175964355469,-0.001304967106864785,0.0005000000074505806,1.9836331146549924e-06
2021-10-21,377.2699890136719,366.5423583984375,0.00610665524986298,0.0005000000074505806,1.9836331146549924e-06
2021-10-22,374.1000061035156,363.46258544921875,-0.008402229315802479,0.0005000000074505806,1.9836331146549924e-06
2021-10-25,377.92999267578125,367.18365478515625,0.010237833232101368,0.0005000000074505806,1.9836331146549924e-06
2021-10-26,379.1199951171875,368.33984375,0.003148802921307148,0.0005000000074505806,1.9836331146549924e-06
2021-10-27,380.0,369.19488525390625,0.002321338618166413,0.0005000000074505806,1.9836331146549924e-06
2021-10-28,384.2200012207031,373.2948303222656,0.011105097150898358,0.00048000000417232515,1.9043067378543554e-06
2021-10-29,386.1099853515625,375.1310119628906,0.00491885097642486,0.00048000000417232515,1.9043067378543554e-06
2021-11-01,387.42999267578125,376.41357421875,0.0034189715458294856,0.00039999999105930326,1.5869854355088364e-06
2021-11-02,389.04998779296875,377.9875183105469,0.00418142224297724,0.00045000001788139346,1.7853142850743353e-06
2021-11-03,393.17999267578125,382.0000305175781,0.010615462185009639,0.00045000001788139346,1.7853142850743353e-06
2021-11-04,398.2200012207031,386.8967590332031,0.01281866001159826,0.00035000000149011613,1.3886468601675972e-06
2021-11-05,398.6000061035156,387.2658996582031,0.0009541062735247685,0.00039999999105930326,1.5869854355088364e-06
2021-11-08,398.05999755859375,386.7413024902344,-0.0013546175081042833,0.00035000000149011613,1.3886468601675972e-06
2021-11-09,395.32000732421875,384.0791931152344,-0.0068834369586558974,0.00039999999105930326,1.5869854355088364e-06
2021-11-10,389.510009765625,378.43438720703125,-0.014696984396417201,0.00045000001788139346,1.7853142850743353e-06
2021-11-11,390.5899963378906,379.4836730957031,0.0027727022811430135,0.00039999999105930326,1.5869854355088364e-06
2021-11-12,394.70001220703125,383.476806640625,0.010522543729871714,0.00043000001460313797,1.7059839594324444e-06
2021-11-15,394.6099853515625,383.38946533203125,-0.00022776164576654434,0.0003799999877810478,1.5076511605816023e-06
2021-11-16,397.4200134277344,386.1194763183594,0.007120725093382019,0.00039999999105930326,1.5869854355088364e-06
2021-11-17,397.6300048828125,386.3235168457031,0.0005284388378676841,0.00045000001788139346,1.7853142850743353e-06
2021-11-18,401.75,390.326416015625,0.010361520837781635,0.00045000001788139346,1.7853142850743353e-06
2021-11-19,403.989990234375,392.5025939941406,0.005575277227530817,0.00045000001788139346,1.7853142850743353e-06
2021-11-22,399.29998779296875,387.9460144042969,-0.01160904325109191,0.00039999999105930326,1.5869854355088364e-06
2021-11-23,397.4800109863281,386.1777648925781,-0.00455797829095872,0.00045000001788139346,1.7853142850743353e-06
2021-11-24,398.760009765625,387.42138671875,0.0032203351389685775,0.0005000000074505806,1.9836331146549924e-06
2021-11-26,391.20001220703125,380.07635498046875,-0.018958766836517982,0.00043000001460313797,1.7059839594324444e-06
2021-11-29,399.69000244140625,388.3249816894531,0.021702551608105747,0.0003799999877810478,1.5076511605816023e-06
2021-11-30,393.82000732421875,382.621826171875,-0.014686553238902889,0.00048000000417232515,1.9043067378543554e-06
2021-12-01,387.1199951171875,376.11236572265625,-0.01701277868632267,0.0005000000074505806,1.9836331146549924e-06
2021-12-02,389.9100036621094,378.8230285644531,0.007207055892960668,0.00043000001460313797,1.7059839594324444e-06
2021-12-03,383.1300048828125,372.2358093261719,-0.017388645202598862,0.00043000001460313797,1.7059839594324444e-06
2021-12-06,386.20001220703125,375.218505859375,0.008012922073785678,0.00043000001460313797,1.7059839594324444e-06
2021-12-07,397.8299865722656,386.5177917480469,0.030113882210560883,0.0005799999833106995,2.3009226801651295e-06
2021-12-08,399.6099853515625,388.2471923828125,0.0044743105535822725,0.0005999999865889549,2.3802411603934814e-06
2021-12-09,393.7300109863281,382.5343933105469,-0.0147143345382722,0.0005299999937415123,2.102619644395176e-06
2021-12-10,398.010009765625,386.6927795410156,0.01087062053291743,0.0005000000074505806,1.9836331146549924e-06
2021-12-13,392.260009765625,381.1061706542969,-0.014447150767463945,0.00043000001460313797,1.7059839594324444e-06
2021-12-14,388.20001220703125,377.1617126464844,-0.010350023986860468,0.00048000000417232515,1.9043067378543554e-06
2021-12-15,397.04998779296875,385.7600402832031,0.02279745623272733,0.00045000001788139346,1.7853142850743353e-06
2021-12-16,386.8399963378906,375.8402404785156,-0.025714949110345775,0.00035000000149011613,1.3886468601675972e-06
2021-12-17,384.9100036621094,373.96514892578125,-0.004989065434683138,0.00029999999329447744,1.1902983365619235e-06
2021-12-20,380.69000244140625,370.3375549316406,-0.00970035310659545,0.0003799999877810478,1.5076511605816023e-06
2021-12-21,389.2099914550781,378.6259460449219,0.02238063896817377,0.0006499999761581421,2.578530378549715e-06
2021-12-22,393.95001220703125,383.23699951171875,0.012178387442707939,0.0006499999761581421,2.578530378549715e-06
2021-12-23,396.9200134277344,386.126220703125,0.007538993351600798,0.0005799999833106995,2.3009226801651295e-06
2021-12-27,403.4800109863281,392.5077819824219,0.01652713785579296,0.00043000001460313797,1.7059839594324444e-06
2021-12-28,401.6099853515625,390.6886901855469,-0.00463453689424298,0.0005000000074505806,1.9836331146549924e-06
2021-12-29,401.54998779296875,390.6302490234375,-0.00014958498563555356,0.00045000001788139346,1.7853142850743353e-06
2021-12-30,400.3500061035156,389.4629821777344,-0.0029881629715600155,0.0002500000037252903,9.919400114632992e-07
2021-12-31,397.8500061035156,387.0309753417969,-0.00624451346399757,0.00032999999821186065,1.3093086357329753e-06
2022-01-03,401.67999267578125,390.7568054199219,0.009626697384711003,0.0005299999937415123,2.102619644395176e-06
2022-01-04,396.4700012207031,385.6884765625,-0.012970545329275218,0.0007999999821186065,3.173338974260531e-06
2022-01-05,384.2900085449219,373.8396911621094,-0.03072112889136458,0.0008500000089406968,3.3715888723140353e-06
2022-01-06,384.0199890136719,373.57708740234375,-0.0007024501837921138,0.0009000000357627869,3.569828905813921e-06
2022-01-07,379.8599853515625,369.5301208496094,-0.010833015966998483,0.0008799999952316285,3.490533957872799e-06
2022-01-10,380.1099853515625,369.77337646484375,0.0006582835918087504,0.0009000000357627869,3.569828905813921e-06
2022-01-11,385.82000732421875,375.3280334472656,0.015021787224181127,0.0011800000071525575,4.679790134076711e-06
2022-01-12,387.3500061035156,376.8165283203125,0.0039658505104869235,0.0011500000208616258,4.560880549009383e-06
2022-01-13,377.6600036621094,367.3900451660156,-0.025016108492682432,0.0010999999940395355,4.362689823400601e-06
2022-01-14,380.010009765625,369.6760559082031,0.00622229908585159,0.0011800000071525575,4.679790134076711e-06
2022-01-18,370.54998779296875,360.47332763671875,-0.024894033909974356,0.0012999999523162842,5.15539298739931e-06
2022-01-19,366.4800109863281,356.5140380859375,-0.010983585323048883,0.0016500000655651093,6.5422448567442615e-06
2022-01-20,361.7200012207031,351.8834228515625,-0.012988591583198206,0.001679999977350235,6.661095026005981e-06
2022-01-21,351.69000244140625,342.12628173828125,-0.027728334100572738,0.0015800000727176665,6.264913219089507e-06
2022-01-24,353.29998779296875,343.6923828125,0.004577552669329243,0.001550000011920929,6.146050639976863e-06
2022-01-25,345.1099853515625,335.7251281738281,-0.02318135355073725,0.0018500000238418578,7.334514522172597e-06
2022-01-26,344.57000732421875,335.19976806640625,-0.0015648519081057355,0.0017800000309944153,7.057238030627744e-06
2022-01-27,341.1000061035156,331.82415771484375,-0.010070443577675059,0.0018500000238418578,7.334514522172597e-06
2022-01-28,351.79998779296875,342.2332458496094,0.03136928970587727,0.0017299999296665192,6.859171156836652e-06
2022-01-31,363.04998779296875,353.1772766113281,0.03197828058624075,0.0017299999296665192,6.859171156836652e-06
2022-02-01,365.5199890136719,355.580078125,0.006803386493962282,0.002029999941587448,8.0474223642657e-06
2022-02-02,368.489990234375,358.4693298339844,0.008125460020762754,0.0018500000238418578,7.334514522172597e-06
2022-02-03,353.54998779296875,343.93560791015625,-0.04054383656911187,0.0019300000369548798,7.651378397754982e-06
2022-02-04,358.010009765625,348.27435302734375,0.012614992508483969,0.0022300000488758086,8.839393389026284e-06
2022-02-07,355.1300048828125,345.4726867675781,-0.008044423126229105,0.002029999941587448,8.0474223642657e-06
2022-02-08,359.1199951171875,349.3541259765625,0.011235155072029324,0.002750000059604645,1.0897780521101907e-05
2022-02-09,366.7300109863281,356.7572326660156,0.021190838003584345,0.0027000001072883606,1.0699905079958327e-05
2022-02-10,358.42999267578125,348.6829833984375,-0.022632335179976537,0.0037000000476837156,1.4655551380027276e-05
2022-02-11,347.05999755859375,337.62213134765625,-0.031721800539208145,0.0033799999952316283,1.3390171529348294e-05
2022-02-14,347.489990234375,338.0404052734375,0.0012388818354758246,0.0036000001430511477,1.4260163788915037e-05
2022-02-15,356.1300048828125,346.4455261230469,0.024864249120783555,0.004000000059604645,1.584147995470353e-05
2022-02-16,356.0400085449219,346.35791015625,-0.0002528996918429449,0.0037299999594688415,1.4774159770691853e-05
2022-02-17,345.45001220703125,336.0559387207031,-0.02974371635081008,0.003449999988079071,1.3667007641382511e-05
2022-02-18,341.510009765625,332.22308349609375,-0.011405408394805527,0.0031799998879432677,1.2599104693311602e-05
2022-02-22,338.0799865722656,328.8863220214844,-0.010043737597928204,0.0033000001311302186,1.3073764350224337e-05
2022-02-23,329.4200134277344,320.4617919921875,-0.025615325008093714,0.003400000035762787,1.3469269692478747e-05
2022-02-24,340.489990234375,331.2308349609375,0.033604764242885166,0.0028299999237060545,1.1214360551070612e-05
2022-02-25,345.7699890136719,336.3671569824219,0.015506774971871584,0.0029800000786781313,1.1807881934666753e-05
2022-02-28,346.79998779296875,337.36920166015625,0.002979020564087831,0.0028799998760223387,1.1412210443539905e-05
2022-03-01,341.489990234375,332.20355224609375,-0.015311561899079451,0.0031299999356269835,1.2401313734144992e-05
2022-03-02,347.2200012207031,337.77777099609375,0.016779527829583918,0.0032499998807907103,1.2875995776040483e-05
2022-03-03,342.260009765625,332.95263671875,-0.014284937292097788,0.003350000083446503,1.3271521929203445e-05
2022-03-04,337.29998779296875,328.1275329589844,-0.014491862288033008,0.003050000071525574,1.2084828010072712e-05
2022-03-07,324.8599853515625,316.0257873535156,-0.036881225712264265,0.003050000071525574,1.2084828010072712e-05
2022-03-08,323.3500061035156,314.55694580078125,-0.004647853471183017,0.0036000001430511477,1.4260163788915037e-05
2022-03-09,334.989990234375,325.8802490234375,0.03599762578387833,0.0037000000476837156,1.4655551380027276e-05
2022-03-10,331.2699890136719,322.2615051269531,-0.011104520471334589,0.0036000001430511477,1.4260163788915037e-05
2022-03-11,324.3999938964844,315.57830810546875,-0.020738428000736775,0.0036500000953674314,1.445786248943648e-05
2022-03-14,318.1700134277344,309.5177307128906,-0.019204670400072676,0.0037799999117851257,1.4971832968058152e-05
2022-03-15,328.1499938964844,319.2262878417969,0.03136672366570159,0.0044800001382827755,1.773823195994062e-05
2022-03-16,340.32000732421875,331.0653991699219,0.037086893464088,0.0043299999833106995,1.7145593439238382e-05
2022-03-17,344.44000244140625,335.0733947753906,0.012106356071996505,0.0036000001430511477,1.4260163788915037e-05
2022-03-18,351.489990234375,341.93170166015625,0.020468073537628806,0.00382999986410141,1.5169496358380385e-05
2022-03-21,350.0799865722656,340.98095703125,-0.002780510330835595,0.004550000131130219,1.8014766123286563e-05
2022-03-22,356.9599914550781,347.6822509765625,0.019652985913516385,0.005199999809265137,2.0581666154928513e-05
2022-03-23,351.8299865722656,342.685546875,-0.014371467302480512,0.004799999892711639,1.9002230639442175e-05
2022-03-24,359.6499938964844,350.3022766113281,0.02222658587672055,0.004830000102519989,1.9120710877951197e-05
2022-03-25,359.3500061035156,350.01007080078125,-0.0008341533300141313,0.005199999809265137,2.0581666154928513e-05
2022-03-28,364.9100036621094,355.4256286621094,0.0154725772573856,0.0050800001621246335,2.0107902535482225e-05
2022-03-29,371.19000244140625,361.5423278808594,0.01720950523960374,0.005550000071525574,2.1963160113713798e-05
2022-03-30,367.0899963378906,357.5489196777344,-0.011045479035696637,0.005249999761581421,2.0779051429498097e-05
2022-03-31,362.5400085449219,353.1171875,-0.012394757566961179,0.0049300000071525575,1.951561642354882e-05
2022-04-01,361.8500061035156,352.4451599121094,-0.001903129079183219,0.005,1.9792027252663047e-05
2022-04-04,369.29998779296875,359.7015075683594,0.02058858648551043,0.005379999876022339,2.1292208323142603e-05
2022-04-05,361.1000061035156,351.7146301269531,-0.02220418117065681,0.006679999828338623,2.6420140646798984e-05
2022-04-06,353.260009765625,344.07843017578125,-0.02171135146813641,0.006629999876022339,2.6223034655492583e-05
2022-04-07,354.1000061035156,344.896484375,0.0023775224700974817,0.006600000262260437,2.610476778963644e-05
2022-04-08,349.1499938964844,340.07513427734375,-0.01397912218906261,0.006679999828338623,2.6420140646798984e-05
2022-04-11,340.8900146484375,332.02996826171875,-0.023657025182746483,0.006800000071525574,2.6893156654494987e-05
2022-04-12,339.45001220703125,330.6273498535156,-0.004224372924969022,0.00737999975681305,2.9178603479840248e-05
2022-04-13,346.3500061035156,337.3478698730469,0.020326570147656486,0.007400000095367431,2.925738998937888e-05
2022-04-14,338.42999267578125,329.6338195800781,-0.022866752636890086,0.0074800002574920655,2.9572515752640527e-05
2022-04-18,338.69000244140625,329.8870544433594,0.000768230831423411,0.007549999952316284,2.9848228590534376e-05
2022-04-19,346.260009765625,337.2603454589844,0.022350955929648197,0.008330000042915344,3.291918097780844e-05
2022-04-20,341.2099914550781,332.3415832519531,-0.014584466490826897,0.007950000166893005,3.142337231443193e-05
2022-04-21,334.1499938964844,325.465087890625,-0.02069104712700054,0.00800000011920929,3.162022120806185e-05
2022-04-22,325.3999938964844,316.9425048828125,-0.02618585932841,0.007799999713897705,3.083276492499287e-05
2022-04-25,329.5799865722656,321.0138854980469,0.012845801848949678,0.007979999780654907,3.154148140960267e-05
2022-04-26,317.1400146484375,308.8971862792969,-0.03774509379851643,0.008330000042915344,3.291918097780844e-05
2022-04-27,316.760009765625,308.52703857421875,-0.0011982877200553688,0.008080000281333924,3.193516014809994e-05
2022-04-28,328.010009765625,319.4846496582031,0.03551588585111465,0.007850000262260437,3.102964534740238e-05
2022-04-29,313.25,305.1082458496094,-0.044998730999984415,0.008080000281333924,3.193516014809994e-05
2022-05-02,318.4800109863281,310.2024230957031,0.016696294890059082,0.007649999856948852,3.0242072319497382e-05
2022-05-03,318.82000732421875,310.5335388183594,0.0010674182340415506,0.008949999809265136,3.535850581437572e-05
2022-05-04,329.6000061035156,321.03338623046875,0.033812281443297065,0.008330000042915344,3.291918097780844e-05
2022-05-05,313.0,304.8647766113281,-0.0503642621379361,0.008029999732971192,3.1738324468122414e-05
2022-05-06,309.25,301.2122497558594,-0.011980809643107326,0.008149999976158142,3.221070954073646e-05
2022-05-09,297.1499938964844,289.4267272949219,-0.039126969339693174,0.00800000011920929,3.162022120806185e-05
2022-05-10,300.760009765625,292.94293212890625,0.012148860151403484,0.008780000209808349,3.468980860099613e-05
2022-05-11,291.8399963378906,284.2547607421875,-0.029658238632279454,0.008830000162124634,3.488649617855444e-05
2022-05-12,291.1499938964844,283.5826721191406,-0.0023643882737163224,0.009049999713897704,3.575180524739707e-05
2022-05-13,301.94000244140625,294.09228515625,0.03706013826082444,0.009430000185966491,3.724599239540716e-05
2022-05-16,298.44000244140625,290.6832275390625,-0.011591795464394039,0.009800000190734863,3.8700318804485434e-05
2022-05-17,306.1700134277344,298.2123718261719,0.025901543583547904,0.010379999876022339,4.097900467447957e-05
2022-05-18,291.1400146484375,283.5729064941406,-0.04909073772621542,0.01003000020980835,3.9604092118450396e-05
2022-05-19,289.5799865722656,282.0534973144531,-0.005358090088620315,0.01,3.948621945371045e-05
2022-05-20,288.67999267578125,281.1768493652344,-0.0031080910450168586,0.009779999852180482,3.8621718807307914e-05
2022-05-23,293.4800109863281,285.8521728515625,0.016627697112628015,0.009929999709129333,3.921117045457834e-05
2022-05-24,287.239990234375,279.7742919921875,-0.021262321705461162,0.010429999828338622,4.117538202752513e-05
2022-05-25,291.260009765625,283.6898498535156,0.013995416925002724,0.010449999570846557,4.125392932241567e-05
2022-05-26,299.3299865722656,291.5500793457031,0.027707122747768986,0.01027999997138977,4.058622092828479e-05
2022-05-27,309.1000061035156,301.066162109375,0.032639616442663444,0.01024999976158142,4.046837731652708e-05
2022-05-31,308.2799987792969,300.26739501953125,-0.0026531280840308424,0.010299999713897705,4.06647798387727e-05
2022-06-01,306.0,298.0467529296875,-0.007395548523339679,0.01103000044822693,4.353116027866477e-05
2022-06-02,314.3800048828125,306.2088623046875,0.02738533231705942,0.011130000352859498,4.3923653820776565e-05
2022-06-03,306.20001220703125,298.2414245605469,-0.02601961838783351,0.011349999904632568,4.4787002601021086e-05
2022-06-06,307.2200012207031,299.2349548339844,0.003331295358790065,0.01159999966621399,4.576785479137868e-05
2022-06-07,309.8699951171875,301.81610107421875,0.008625817935161928,0.012250000238418579,4.831694566109768e-05
2022-06-08,307.6400146484375,299.6441345214844,-0.007196324334599602,0.012330000400543212,4.86305675970744e-05
2022-06-09,299.3999938964844,291.61822509765625,-0.02678480403644501,0.012380000352859497,4.882656818727682e-05
2022-06-10,288.8399963378906,281.3327331542969,-0.035270401703854426,0.01287999987602234,5.078604396224762e-05
2022-06-13,275.4100036621094,268.25177001953125,-0.04649641365262458,0.014980000257492066,5.900534439695626e-05
2022-06-14,275.9100036621094,268.7388000488281,0.0018155706083931022,0.01743000030517578,6.85731454719285e-05
2022-06-15,282.79998779296875,275.44976806640625,0.02497208447890209,0.016950000524520874,6.67004472534316e-05
2022-06-16,271.3900146484375,264.3363037109375,-0.04034660995898709,0.014830000400543213,5.841881415413752e-05
2022-06-17,274.69000244140625,267.55047607421875,0.01215940571975338,0.015099999904632568,5.947450549981248e-05
2022-06-21,281.0799865722656,274.3006286621094,0.02522945459464676,0.014880000352859498,5.861433382881032e-05
2022-06-22,280.6700134277344,273.90057373046875,-0.0014584543010049966,0.015449999570846558,6.084257930427661e-05
2022-06-23,284.8500061035156,277.9797668457031,0.014892970320129706,0.01559999942779541,6.142875287884486e-05
2022-06-24,294.6099853515625,287.5043029785156,0.03426341507113806,0.015980000495910644,6.291334567287699e-05
2022-06-27,292.45001220703125,285.396484375,-0.007331433240055363,0.016330000162124634,6.428023941107419e-05
2022-06-28,283.5400085449219,276.701416015625,-0.030466627430315585,0.017380000352859498,6.837811390081328e-05
2022-06-29,283.79998779296875,276.955078125,0.0009167358556656513,0.01705000042915344,6.709066511412232e-05
2022-06-30,280.2799987792969,273.5199279785156,-0.01240327554107512,0.01600000023841858,6.299146558919055e-05
2022-07-01,282.1300048828125,275.3253479003906,0.006600688787899989,0.01603000044822693,6.310864491987367e-05
2022-07-05,286.9599914550781,280.0387878417969,0.017119527778137966,0.016299999952316284,6.416309453260993e-05
2022-07-06,288.79998779296875,281.83447265625,0.006412271772393119,0.018400000333786012,7.2354873792424e-05
2022-07-07,294.9800109863281,287.86541748046875,0.02139888980711957,0.01853000044822693,7.286143113827137e-05
2022-07-08,295.3500061035156,288.2264404296875,0.0012541379662016627,0.01843000054359436,7.247177807245819e-05
2022-07-11,289.0400085449219,282.068603515625,-0.021364580240738507,0.019529999494552613,7.675586737843076e-05
2022-07-12,286.239990234375,279.336181640625,-0.009687082649199041,0.0211299991607666,8.297906323151416e-05
2022-07-13,285.6499938964844,278.760498046875,-0.002060898772113351,0.023229999542236326,9.113228795487593e-05
2022-07-14,286.6700134277344,279.755859375,0.0035706684953533685,0.022730000019073486,8.919255890327271e-05
2022-07-15,291.8699951171875,284.8304443359375,0.018139333961671333,0.022400000095367432,8.791181931289138e-05
2022-07-18,289.3999938964844,282.4200134277344,-0.008462687034115568,0.02259999990463257,8.868807370743248e-05
2022-07-19,298.29998779296875,291.1053161621094,0.030753141850541565,0.024500000476837158,9.605496680142878e-05
2022-07-20,303.0299987792969,295.72119140625,0.01585637564093867,0.02378000020980835,9.326490441674551e-05
2022-07-21,307.3800048828125,299.96630859375,0.01435513352057427,0.023599998950958254,9.256707882410176e-05
2022-07-22,301.989990234375,294.7063903808594,-0.017535029975697114,0.023550000190734863,9.237322285304828e-05
2022-07-25,300.2699890136719,293.02777099609375,-0.005695904261174278,0.023929998874664307,9.384632315834196e-05
2022-07-26,294.3699951171875,287.2701110839844,-0.01964885407460626,0.024749999046325685,9.702327578553493e-05
2022-07-27,306.80999755859375,299.4101257324219,0.042259929522874495,0.023829998970031737,9.345871701049724e-05
2022-07-28,309.80999755859375,302.3377990722656,0.009778137371546869,0.02308000087738037,9.055047301020913e-05
2022-07-29,315.4599914550781,307.8514404296875,0.018236692118354547,0.022980000972747803,9.016254609317542e-05
2022-08-01,315.2699890136719,307.66607666015625,-0.0006021208452769988,0.02265000104904175,8.888211830471171e-05
2022-08-02,314.3299865722656,306.74871826171875,-0.0029816689847506073,0.024630000591278078,9.655852016554611e-05
2022-08-03,322.8900146484375,315.1022644042969,0.02723253805237058,0.02427999973297119,9.520265243501136e-05
2022-08-04,324.3999938964844,316.5758361816406,0.004676487425850695,0.02378000020980835,9.326490441674551e-05
2022-08-05,321.75,313.9897766113281,-0.008168847002045676,0.024100000858306884,9.450517540177117e-05
2022-08-08,320.7099914550781,312.9748229980469,-0.0032324415916815674,0.024600000381469728,9.644232048100498e-05
2022-08-09,317.0799865722656,309.4324035644531,-0.011318544410889753,0.02569999933242798,0.00010070072743961767
2022-08-10,325.92999267578125,318.0689392089844,0.027910896031069,0.025350000858306885,9.934627799368378e-05
2022-08-11,324.0799865722656,316.2635498046875,-0.005676094650382213,0.02490000009536743,9.76041556282059e-05
2022-08-12,330.3900146484375,322.4213562011719,0.01947049035618309,0.025,9.79913587377812e-05
2022-08-15,333.05999755859375,325.0269775390625,0.008081416716902767,0.025130000114440918,9.84946674564835e-05
2022-08-16,332.2799987792969,324.2657470703125,-0.0023420531874419614,0.025980000495910646,0.00010178396481297369
2022-08-17,328.489990234375,320.56719970703125,-0.011405914428819663,0.02568000078201294,0.00010062334800187145
2022-08-18,329.2799987792969,321.338134765625,0.002404909358469265,0.02565000057220459,0.00010050726680232991
2022-08-19,322.8599853515625,315.07293701171875,-0.019497212051958646,0.025799999237060545,0.00010108762976135388
2022-08-22,314.3599853515625,306.7780456542969,-0.026326892547782865,0.026480000019073486,0.00010371757521321356
2022-08-23,314.1000061035156,306.5242614746094,-0.0008272566543874316,0.027030000686645506,0.00010584346802211542
2022-08-24,315.010009765625,307.412353515625,0.002897297710606095,0.027130000591278076,0.00010622987131747585
2022-08-25,320.5799865722656,312.8479919433594,0.01768191279748965,0.027300000190734863,0.00010688667001179653
2022-08-26,307.44000244140625,300.02490234375,-0.04098824326777517,0.02755000114440918,0.00010785235976862317
2022-08-29,304.4100036621094,297.0680847167969,-0.009855240694538692,0.027980000972747804,0.0001095127918699923
2022-08-30,301.0199890136719,293.7597351074219,-0.011136671287085398,0.02872999906539917,0.00011240723326100266
2022-08-31,299.2699890136719,292.05194091796875,-0.005813574786989184,0.02859999895095825,0.00011190567898444748
2022-09-01,299.3999938964844,292.1788330078125,0.00043448466545004116,0.0286299991607666,0.00011202142859034758
2022-09-02,295.1700134277344,288.0509033203125,-0.014128092870401843,0.028199999332427977,0.00011036204178349607
2022-09-06,293.04998779296875,285.98193359375,-0.007182653144683249,0.028450000286102294,0.00011132688971260407
2022-09-07,298.9700012207031,291.7591857910156,0.02020145861896472,0.02933000087738037,0.00011472128633105427
2022-09-08,300.5199890136719,293.2718200683594,0.005184530088547801,0.02950000047683716,0.00011537668692129799
2022-09-09,307.0899963378906,299.6833190917969,0.021861967583326036,0.029679999351501465,0.00011607052030115916
2022-09-12,310.739990234375,303.24530029296875,0.011885817375376861,0.02994999885559082,0.00011711104848255438
2022-09-13,293.70001220703125,286.6163635253906,-0.05483658527110802,0.03153000116348267,0.00012319464376009392
2022-09-14,296.0299987792969,288.89013671875,0.00793315903318259,0.03128000020980835,0.00012223266566135926
2022-09-15,291.1000061035156,284.0790100097656,-0.01665382821175465,0.030950000286102296,0.00012096250398929698
2022-09-16,289.32000732421875,282.3419494628906,-0.006114709238163263,0.03069999933242798,0.00011999998677536539
2022-09-19,291.04998779296875,284.5406188964844,0.007787257394008762,0.030350000858306886,0.00011865208296235608
2022-09-20,288.7300109863281,282.2724914550781,-0.007971190370649306,0.03243000030517578,0.0001266558266805884
2022-09-21,283.55999755859375,277.2181396484375,-0.017905931182263246,0.03190000057220459,0.00012461793755913497
2022-09-22,280.07000732421875,273.8062438964844,-0.012307620837078037,0.03130000114440918,0.0001223096357594322
2022-09-23,275.510009765625,269.34820556640625,-0.016281726328211676,0.031080000400543213,0.00012146291960002387
2022-09-26,274.3699951171875,268.233642578125,-0.0041380004219351285,0.031649999618530274,0.0001236563030617699
2022-09-27,274.4800109863281,268.34124755859375,0.00040116138838697246,0.0325,0.0001269249029072217
2022-09-28,279.94000244140625,273.6790771484375,0.019891945939761735,0.03230000019073486,0.00012615606285670822
2022-09-29,271.8699951171875,265.7895812988281,-0.028827544771828806,0.03217999935150147,0.00012569468394096894
2022-09-30,267.260009765625,261.2826232910156,-0.016956864846953135,0.03180000066757202,0.00012423331344368904
2022-10-03,273.5299987792969,267.4124755859375,0.02346061983653036,0.03150000095367431,0.00012307921828313972
2022-10-04,282.1300048828125,275.82012939453125,0.031440768760587545,0.03315000057220459,0.0001294226135954979
2022-10-05,281.9800109863281,275.67352294921875,-0.0005315291731402549,0.03292999982833862,0.00012857740774929738
2022-10-06,279.760009765625,273.50311279296875,-0.007873117929609097,0.032880001068115235,0.00012838529591863157
2022-10-07,269.1000061035156,263.08160400390625,-0.03810380321686202,0.03292999982833862,0.00012857740774929738
2022-10-10,266.4100036621094,260.45172119140625,-0.009996452706974357,0.03285000085830689,0.00012827002070969762
2022-10-11,262.75,256.87353515625,-0.013738385059573588,0.033399999141693115,0.0001303828484713332
2022-10-12,262.6600036621094,256.7855529785156,-0.0003425116475345158,0.03532999992370606,0.00013778812843812105
2022-10-13,268.82000732421875,262.807861328125,0.023452675899228836,0.0358299994468689,0.0001397043497062267
2022-10-14,260.739990234375,254.90850830078125,-0.03005752182382826,0.03628000020980835,0.00014142816586781848
2022-10-17,269.3500061035156,263.32598876953125,0.033021575171660045,0.03687999963760376,0.0001437254218876749
2022-10-18,271.4800109863281,265.4083557128906,0.007907943128173,0.0383299994468689,0.0001492716667343963
2022-10-19,270.489990234375,264.4404602050781,-0.003646816262482422,0.03892999887466431,0.00015156440651287184
2022-10-20,269.1099853515625,263.0913391113281,-0.005101795287694388,0.038900001049041746,0.00015144980904757688
2022-10-21,275.4200134277344,269.2602233886719,0.023447690441582125,0.038849999904632566,0.00015125878773014634
2022-10-24,278.45001220703125,272.2224426269531,0.011001325041632093,0.03913000106811523,0.0001523283691453603
2022-10-25,284.2099914550781,277.8536071777344,0.020685893846372094,0.039649999141693114,0.00015431395765186373
2022-10-26,277.92999267578125,271.7140808105469,-0.0220962629549748,0.03930000066757202,0.0001529776135904548
2022-10-27,272.8699951171875,266.7672119140625,-0.018206155830155835,0.03930000066757202,0.0001529776135904548
2022-10-28,281.2200012207031,274.93048095703125,0.030600721072117754,0.039700000286102294,0.00015450483256684855
2022-10-31,277.95001220703125,271.733642578125,-0.011627806301353294,0.03974999904632568,0.00015469568923820454
2022-11-01,275.1099853515625,268.9571228027344,-0.010217799125083915,0.040500001907348634,0.00015755752471124929
2022-11-02,265.67999267578125,259.7380676269531,-0.0342770441612098,0.040250000953674314,0.00015660380791238104
2022-11-03,260.489990234375,254.66416931152344,-0.019534673379941525,0.040250000953674314,0.00015660380791238104
2022-11-04,264.67999267578125,258.7604064941406,0.016084858712912986,0.04013000011444092,0.00015614594130020087
2022-11-07,267.5899963378906,261.60528564453125,0.01099425985967084,0.039830000400543214,0.00015500105363930317
2022-11-08,269.5400085449219,263.5116882324219,0.007287324425398145,0.04090000152587891,0.00015908298967914902
2022-11-09,263.32000732421875,257.4308166503906,-0.023076287897589642,0.04092999935150146,0.0001591973678314318
2022-11-10,282.75,276.42626953125,0.07378857406437289,0.04054999828338623,0.0001577482261319041
2022-11-11,287.9599914550781,281.5196838378906,0.01842594162732003,0.04063000202178955,0.00015805336579499674
2022-11-14,285.44000244140625,279.0560607910156,-0.00875115733752263,0.04067999839782715,0.00015824404348752097
2022-11-15,289.3900146484375,282.91778564453125,0.013838527077925322,0.04130000114440918,0.0001606078708757952
2022-11-16,285.44000244140625,279.0560607910156,-0.01364963621752524,0.04125,0.0001604172880920185
2022-11-17,284.80999755859375,278.4401550292969,-0.0022071040491752347,0.0411299991607666,0.00015995985948813463
2022-11-18,284.82000732421875,278.45001220703125,3.540142309343963e-05,0.04135000228881836,0.00016079844454464087
2022-11-21,281.8900146484375,275.58551025390625,-0.010287311285859135,0.04098000049591064,0.00015938800896986294
2022-11-22,285.95001220703125,279.5546875,0.014402706595266324,0.04197999954223633,0.00016319882678805797
2022-11-23,288.82000732421875,282.3604431152344,0.010036517864628447,0.04199999809265137,0.00016327500053403554
2022-11-25,286.9200134277344,280.50299072265625,-0.006578302442385997,0.041750001907348636,0.0001623226695313118
2022-11-28,282.7099914550781,276.3871154785156,-0.014673195581754617,0.04183000087738037,0.00016262744094275305
2022-11-29,280.57000732421875,274.2950744628906,-0.007569242191348136,0.042529997825622556,0.00016529321961544774
2022-11-30,293.3599853515625,286.7989807128906,0.04558560256499122,0.042529997825622556,0.00016529321961544774
2022-12-01,293.7200012207031,287.1510009765625,0.001227411139317347,0.04192999839782715,0.00016300836788873951
2022-12-02,292.54998779296875,286.007080078125,-0.003983691140017509,0.04208000183105469,0.0001635797172787612
2022-12-05,287.6400146484375,281.2069091796875,-0.016783398848470132,0.041579999923706056,0.00016167493697505364
2022-12-06,281.67999267578125,275.3801574707031,-0.020720514037089854,0.0421999979019165,0.00016403671239095807
2022-12-07,280.5299987792969,274.25592041015625,-0.004082491167383684,0.04183000087738037,0.00016262744094275305
2022-12-08,283.8500061035156,277.501708984375,0.011834889724038122,0.041500000953674315,0.00016137009269945324
2022-12-09,282.0400085449219,275.73211669921875,-0.006376869863730761,0.04172999858856201,0.0001622464594106532
2022-12-12,285.5799865722656,279.19293212890625,0.012551368593244794,0.041680002212524415,0.00016205597315210873
2022-12-13,288.6499938964844,282.1943359375,0.010750285781618407,0.04248000144958496,0.00016510287895266096
2022-12-14,286.510009765625,280.1022033691406,-0.007413800710807772,0.0421999979019165,0.00016403671239095807
2022-12-15,276.8900146484375,270.69732666015625,-0.03357658953003628,0.04212999820709228,0.0001637701307115602
2022-12-16,274.25,268.11639404296875,-0.009534385318949568,0.041630001068115235,0.0001618654596180491
2022-12-19,269.75,264.348388671875,-0.014053617961495846,0.041630001068115235,0.0001618654596180491
2022-12-20,269.5400085449219,264.142578125,-0.0007785579776332652,0.04230000019073486,0.0001644175228021627
2022-12-21,273.45001220703125,267.9742431640625,0.014506048461635057,0.04204999923706055,0.00016346544668977003
2022-12-22,266.760009765625,261.41827392578125,-0.024464923049591247,0.04208000183105469,0.0001635797172787612
2022-12-23,267.3599853515625,262.0061950683594,0.002248967272827418,0.04192999839782715,0.00016300836788873951
2022-12-27,263.5799865722656,258.3018798828125,-0.014138273274723057,0.04195000171661377,0.00016308456343883115
2022-12-28,260.1000061035156,254.89166259765625,-0.013202448571816072,0.043379998207092284,0.0001685278563658965
2022-12-29,266.44000244140625,261.104736328125,0.024375350951655106,0.04295000076293945,0.00016689184934981505
2022-12-30,266.2799987792969,260.9479064941406,-0.0006006395601620973,0.042600002288818356,0.00016555971757359345
2023-01-03,264.4800109863281,259.1838684082031,-0.0067601158776765535,0.04255000114440918,0.00016536937148781128
2023-01-04,265.739990234375,260.4186096191406,0.0047639585693382,0.04400000095367432,0.00017088559282707472
2023-01-05,261.5799865722656,256.3420104980469,-0.01565402383130654,0.04498000144958496,0.00017460948001990495
2023-01-06,268.79998779296875,263.4173583984375,0.027601203121735418,0.04493000030517578,0.00017441956574959505
2023-01-09,270.5400085449219,265.1225280761719,0.0064732623852190585,0.044829998016357425,0.00017403971005292007
2023-01-10,272.8299865722656,267.36669921875,0.008464656545268623,0.04565000057220459,0.00017715339681645403
2023-01-11,277.54998779296875,271.9921569824219,0.017300051865799082,0.04554999828338623,0.00017677380165070922
2023-01-12,279.04998779296875,273.4621276855469,0.005404459891172442,0.044749999046325685,0.00017373581029045404
2023-01-13,280.9700012207031,275.3437194824219,0.006880630282518174,0.0448799991607666,0.00017422964242763683
2023-01-17,281.5400085449219,275.90234375,0.0020288251666977786,0.04493000030517578,0.00017441956574959505
2023-01-18,277.8800048828125,272.3155517578125,-0.01300022298990533,0.0453000020980835,0.00017582469171339987
2023-01-19,275.1499938964844,269.6401672363281,-0.009824574851544865,0.04525000095367432,0.00017563483535276703
2023-01-20,282.67999267578125,277.01947021484375,0.02736722445379569,0.04538000106811523,0.00017612843221392893
2023-01-23,288.9599914550781,283.17364501953125,0.022215676031416054,0.04534999847412109,0.00017601452092419478
2023-01-24,288.3699951171875,282.59552001953125,-0.0020415918294943713,0.045729999542236326,0.00017745703605664964
2023-01-25,287.7300109863281,281.96832275390625,-0.002219416873918023,0.04545000076293945,0.00017639418842341215
2023-01-26,293.3399963378906,287.46600341796875,0.019497511672120327,0.04543000221252441,0.00017631826505870585
2023-01-27,296.260009765625,290.3275451660156,0.009954365782468777,0.04547999858856201,0.00017650807075830777
2023-01-30,290.2699890136719,284.4574890136719,-0.02021873656179307,0.04534999847412109,0.00017601452092419478
2023-01-31,294.6199951171875,288.7203674316406,0.01498599468324735,0.04570000171661377,0.00017734318083983958
2023-02-01,300.9200134277344,294.89422607421875,0.021383523086710765,0.04519999980926514,0.00017544496994603698
2023-02-02,311.7200012207031,305.47796630859375,0.03588995408716911,0.04510000228881836,0.00017506523009891417
2023-02-03,306.17999267578125,300.0488586425781,-0.017772501668847474,0.04522999763488769,0.0001755588794116747
2023-02-06,303.5899963378906,297.51080322265625,-0.00845880711362823,0.04532999992370605,0.0001759385903250532
2023-02-07,309.8800048828125,303.6748352050781,0.020718682870177085,0.04570000171661377,0.00017734318083983958
2023-02-08,304.3699951171875,298.2750549316406,-0.017781454527804108,0.045850000381469726,0.0001779124605867377
2023-02-09,301.67999267578125,295.6389465332031,-0.008837843979415783,0.0461299991607666,0.0001789749033862531
2023-02-10,299.70001220703125,293.69866943359375,-0.006562995580798647,0.04635000228881836,0.00017980949669471613
2023-02-13,304.5,298.40252685546875,0.01601593031029558,0.04644999980926514,0.00018018878471415256
2023-02-14,306.75,300.6074523925781,0.00738909807616106,0.04659999847412109,0.00018075765810188216
2023-02-15,309.1000061035156,302.910400390625,0.007660981055916505,0.0464300012588501,0.0001801129336156393
2023-02-16,303.29998779296875,297.2265930175781,-0.018763988841971724,0.04664999961853027,0.0001809472705460724
2023-02-17,301.1600036621094,295.1294250488281,-0.007055788472554281,0.046799998283386234,0.00018151603566929353
2023-02-21,294.0299987792969,288.1421813964844,-0.02367518471324148,0.04688000202178955,0.0001818193607499019
2023-02-22,294.25,288.35784912109375,0.0007484767539558401,0.046950001716613766,0.0001820847376987622
2023-02-23,296.82000732421875,290.8763122558594,0.008733811624832999,0.046900000572204587,0.00018189517937372557
2023-02-24,291.8500061035156,286.0058288574219,-0.016744173358995806,0.04703000068664551,0.00018238800141867628
2023-02-27,293.94000244140625,288.05401611328125,0.007161347948892338,0.04664999961853027,0.0001809472705460724
2023-02-28,293.55999755859375,287.6815490722656,-0.0012930458184243765,0.04710000038146973,0.00018265334050160398
2023-03-01,291.20001220703125,285.3689270019531,-0.008038826535001653,0.04724999904632568,0.00018322186218000525
2023-03-02,293.6099853515625,287.7305603027344,0.008275719874592635,0.04723000049591065,0.00018314606879510364
2023-03-03,299.67999267578125,293.67901611328125,0.020673701828155533,0.04717999935150147,0.00018295656095257407
2023-03-06,300.0199890136719,294.01226806640625,0.0011347489430313384,0.04728000164031983,0.00018333556762550884
2023-03-07,296.3399963378906,290.40594482421875,-0.012265893753021784,0.0484499979019165,0.00018776715401980226
2023-03-08,297.82000732421875,291.8563232421875,0.004994313800451566,0.048829998970031735,0.00018920542167255583
2023-03-09,292.6600036621094,286.7996520996094,-0.017325892022500455,0.04848000049591064,0.00018788072984232684
2023-03-10,288.54998779296875,282.7718811035156,-0.01404384896078903,0.048029999732971194,0.00018617689697619788
2023-03-13,290.69000244140625,284.8690490722656,0.0074164657410977775,0.04657999992370605,0.00018068181783137405
2023-03-14,297.3699951171875,291.415283203125,0.02297980125316701,0.046799998283386234,0.00018151603566929353
2023-03-15,298.92999267578125,292.9440612792969,0.005246046327317178,0.04558000087738037,0.00017688769123758163
2023-03-16,306.80999755859375,300.66632080078125,0.026360867285586842,0.0453000020980835,0.00017582469171339987
2023-03-17,305.3599853515625,299.2452697753906,-0.004726339224179976,0.04293000221252442,0.00016681574471455463
2023-03-20,305.9700012207031,300.3072814941406,0.0035489674391415704,0.044650001525878905,0.000173355907521211
2023-03-21,310.3399963378906,304.5964050292969,0.014282449342607473,0.046050000190734866,0.00017867137978977432
2023-03-22,306.1199951171875,300.45452880859375,-0.013597915642847958,0.04563000202178955,0.00017707748791595534
2023-03-23,309.75,304.0173034667969,0.011857949595004413,0.04502999782562256,0.00017479936712927469
2023-03-24,310.8900146484375,305.13623046875,0.0036804714376243997,0.04502999782562256,0.00017479936712927469
2023-03-27,308.760009765625,303.045654296875,-0.0068512879269153615,0.045830001831054686,0.00017783656614489551
2023-03-28,307.1199951171875,301.4359436035156,-0.005311776197861051,0.04627999782562256,0.0001795439500835716
2023-03-29,312.7200012207031,306.9323425292969,0.018234052847429405,0.04630000114440918,0.0001796198301016183
2023-03-30,315.67999267578125,309.83758544921875,0.00946541800053069,0.04664999961853027,0.0001809472705460724
2023-03-31,320.92999267578125,314.9904479980469,0.016630850454625312,0.045850000381469726,0.0001779124605867377
2023-04-03,320.1499938964844,314.2248229980469,-0.002430629261509387,0.04570000171661377,0.00017734318083983958
2023-04-04,319.07000732421875,313.1648254394531,-0.003373373078804587,0.04728000164031983,0.00018333556762550884
2023-04-05,315.9200134277344,310.0731201171875,-0.009872453963905903,0.04704999923706055,0.00018246380922382066
2023-04-06,318.04998779296875,312.1636962890625,0.006742203810136349,0.04710000038146973,0.00018265334050160398
2023-04-10,317.8699951171875,311.987060546875,-0.0005658433196662482,0.04837999820709229,0.0001875021552475431
2023-04-11,315.8299865722656,309.98480224609375,-0.006417760715048737,0.04880000114440918,0.0001890919016460657
2023-04-12,313.0400085449219,307.2464294433594,-0.008833893735733511,0.04860000133514404,0.0001883349646663035
2023-04-13,319.1700134277344,313.26300048828125,0.019582232593629012,0.04855000019073486,0.000188145703440723
2023-04-14,318.57000732421875,312.67413330078125,-0.001879785313242066,0.049029998779296875,0.0001899621933383333
2023-04-17,318.8399963378906,312.9391174316406,0.0008474769820645545,0.04922999858856201,0.0001907188213099431
2023-04-18,318.8599853515625,312.95867919921875,6.250981896638308e-05,0.050300002098083496,0.0001947643595290316
2023-04-19,318.7099914550781,312.8114318847656,-0.0004705008176475456,0.04994999885559082,0.00019344149667177568
2023-04-20,316.2799987792969,310.42645263671875,-0.007624335318171638,0.04945000171661377,0.0001915509588013009
2023-04-21,316.6099853515625,310.7503967285156,0.001043545384245892,0.04949999809265137,0.00019174004033239989
2023-04-24,315.95001220703125,310.1025695800781,-0.002084718652840434,0.04873000144958496,0.00018882699096067768
2023-04-25,309.989990234375,304.25286865234375,-0.018863761547205704,0.04953000068664551,0.00019185350297723502
2023-04-26,311.8699951171875,306.0981140136719,0.006064841293038414,0.04985000133514404,0.00019306346805647578
2023-04-27,320.3500061035156,314.4211730957031,0.027190821181144242,0.05,0.00019363050654397362
2023-04-28,322.55999755859375,316.5902099609375,0.006898507641450058,0.04922999858856201,0.0001907188213099431
2023-05-01,322.19000244140625,316.2270812988281,-0.0011469990248724748,0.04864999771118164,0.0001885241988557329
2023-05-02,319.3800048828125,313.4691162109375,-0.00872147026928538,0.050399999618530276,0.00019514222682825988
2023-05-03,317.2900085449219,311.4178466796875,-0.006543769147164369,0.050949997901916504,0.0001972199017463705
2023-05-04,316.1700134277344,310.3184814453125,-0.003530193423711414,0.05054999828338623,0.0001957089696087433
2023-05-05,322.8900146484375,316.9141845703125,0.021254625552047157,0.05079999923706055,0.00019665337383201198
2023-05-08,323.69000244140625,317.6993103027344,0.0024774079881795252,0.05083000183105469,0.00019676669666490731
2023-05-09,321.6400146484375,315.6872863769531,-0.006333107628921253,0.051230001449584964,0.00019827722787413293
2023-05-10,325.1400146484375,319.12249755859375,0.01088168998208805,0.05065000057220459,0.00019608676536275738
2023-05-11,326.20001220703125,320.1628723144531,0.003260110972490571,0.050149998664855956,0.0001941974643542288
2023-05-12,325.0299987792969,319.0145263671875,-0.003586755512793416,0.050279998779296876,0.00019468876735340146
2023-05-15,326.7900085449219,320.741943359375,0.005414853711706025,0.05,0.00019363050654397362
2023-05-16,327.1600036621094,321.1051025390625,0.001132247238648798,0.05058000087738037,0.00019582231930170835
2023-05-17,331.1199951171875,324.9917907714844,0.012104099877855656,0.050879998207092283,0.0001969555308756199
2023-05-18,337.2699890136719,331.0279235839844,0.018573185489304533,0.05125,0.00019835273400503617
2023-05-19,336.510009765625,330.28204345703125,-0.0022532241959457577,0.05085000038146972,0.00019684223142291124
2023-05-22,337.6400146484375,331.3912048339844,0.00335822488362858,0.050949997901916504,0.0001972199017463705
2023-05-23,333.3599853515625,327.1903381347656,-0.012676458028882287,0.05152999877929688,0.00019940974163534797
2023-05-24,331.6499938964844,325.5119934082031,-0.005129566894090942,0.05184999942779541,0.00020061741484722617
2023-05-25,339.7200012207031,333.4326477050781,0.02433291079060873,0.05163000106811524,0.0001997871867058798
2023-05-26,348.3999938964844,341.9520263671875,0.025550523383795376,0.051149997711181644,0.00019797515303232593
2023-05-30,349.9800109863281,343.5027160644531,0.0045348165172165444,0.0514300012588501,0.00019903227881012953
2023-05-31,347.989990234375,341.549560546875,-0.00568599730434638,0.05248000144958496,0.00020299395523060149
2023-06-01,352.010009765625,345.4952392578125,0.011552287476581213,0.05203000068664551,0.00020129657359491127
2023-06-02,354.6499938964844,348.0863037109375,0.007499566299932425,0.052150001525878904,0.00020174928179539364
2023-06-05,354.8999938964844,348.3316955566406,0.0007049741489022487,0.0514300012588501,0.00019903227881012953
2023-06-06,354.8399963378906,348.2727966308594,-0.0001690886202219133,0.05157999992370606,0.00019959846863959463
2023-06-07,348.82000732421875,342.3642578125,-0.016965260782690228,0.05152999877929688,0.00019940974163534797
2023-06-08,353.1499938964844,346.6141052246094,0.012413233318405714,0.050999999046325684,0.00019740873248985658
2023-06-09,354.5,347.93914794921875,0.0038228182426411905,0.050949997901916504,0.0001972199017463705
2023-06-12,360.489990234375,353.8182373046875,0.016896889557040495,0.050949997901916504,0.0001972199017463705
2023-06-13,363.260009765625,356.5369567871094,0.00768394388919158,0.050999999046325684,0.00019740873248985658
2023-06-14,365.8999938964844,359.1280822753906,0.007267480800954962,0.05079999923706055,0.00019665337383201198
2023-06-15,370.260009765625,363.40740966796875,0.011915880722735084,0.05054999828338623,0.0001957089696087433
2023-06-16,367.92999267578125,361.12054443359375,-0.006292841514883851,0.05065000057220459,0.00019608676536275738
2023-06-20,366.8999938964844,360.60357666015625,-0.001431565668046808,0.05074999809265137,0.0001964645072900506
2023-06-21,361.8999938964844,355.68939208984375,-0.013627664527974925,0.05135000228881836,0.00019873027920369601
2023-06-22,366.1700134277344,359.8860778808594,0.011798737562450423,0.05135000228881836,0.00019873027920369601
2023-06-23,362.5400085449219,356.3184509277344,-0.009913211908980979,0.05138000011444092,0.00019884352498800162
2023-06-26,357.67999267578125,351.54180908203125,-0.013405541681230204,0.0515500020980835,0.00019948524430857262
2023-06-27,363.8299865722656,357.5863342285156,0.017194327930063924,0.05179999828338623,0.0002004287360963808
2023-06-28,364.5400085449219,358.2840576171875,0.0019512026100694246,0.05170000076293945,0.00020005136978662463
2023-06-29,363.80999755859375,357.566650390625,-0.002002342028092796,0.05175000190734863,0.00020024006640584346
2023-06-30,369.4200134277344,363.080322265625,0.015419983572227958,0.05152999877929688,0.00019940974163534797
2023-07-03,370.2900085449219,363.9353942871094,0.002355049197237502,0.05144999980926514,0.00019910777063558704
2023-07-05,370.2799987792969,363.9255676269531,-2.7001111489899365e-05,0.05192999839782715,0.00020091927147292132
2023-07-06,367.4599914550781,361.1539306640625,-0.007615944603627689,0.052129998207092285,0.000201673822007864
2023-07-07,366.239990234375,359.9548645019531,-0.0033200972225461145,0.052129998207092285,0.000201673822007864
2023-07-10,366.3599853515625,360.0727844238281,0.0003275964113949037,0.052249999046325685,0.0002021264873546258
2023-07-11,368.1700134277344,361.851806640625,0.004940729468470018,0.05243000030517578,0.00020280538897510247
2023-07-12,372.82000732421875,366.4219970703125,0.01263000583613616,0.052300000190734865,0.00020231508573820278
2023-07-13,379.1499938964844,372.64337158203125,0.016978714600818456,0.052230000495910645,0.00020205105269655022
2023-07-14,379.07000732421875,372.56475830078125,-0.00021096116889518512,0.052150001525878904,0.00020174928179539364
2023-07-17,382.6099853515625,376.0439758300781,0.009338557799092762,0.052329998016357425,0.00020242822969285257
2023-07-18,385.739990234375,379.1202697753906,0.008180676045991486,0.05248000144958496,0.00020299395523060149
2023-07-19,385.6499938964844,379.03179931640625,-0.00023335723789386087,0.05244999885559082,0.00020288080935504382
2023-07-20,376.760009765625,370.2944030761719,-0.023051881810424613,0.05243000030517578,0.00020280538897510247
2023-07-21,375.6300048828125,369.1838073730469,-0.0029992235742665185,0.05248000144958496,0.00020299395523060149
2023-07-24,376.2300109863281,369.7734680175781,0.00159720072428704,0.0525,0.0002030693720416199
2023-07-25,378.7799987792969,372.2796936035156,0.006777732321828989,0.05264999866485596,0.00020363498859188311
2023-07-26,377.5199890136719,371.0413513183594,-0.0033263761264268332,0.0526800012588501,0.00020374811305567953
2023-07-27,376.6199951171875,370.15679931640625,-0.002383971486763392,0.0526800012588501,0.00020374811305567953
2023-07-28,383.4800109863281,376.8990173339844,0.01821449188568036,0.05255000114440918,0.00020325792580599966
2023-07-31,383.67999267578125,377.09564208984375,0.0005216908158853784,0.05248000144958496,0.00020299395523060149
2023-08-01,382.7900085449219,376.2208251953125,-0.0023198806798271354,0.05260000228881836,0.00020344647064884924
2023-08-02,374.3900146484375,367.9650573730469,-0.02194394161455493,0.05260000228881836,0.00020344647064884924
2023-08-03,373.7900085449219,367.37530517578125,-0.0016027396771746139,0.05257999897003174,0.00020337104299383846
2023-08-04,372.0400085449219,365.6553649902344,-0.004681697874939994,0.05252999782562256,0.00020318249458206594
2023-08-07,375.19000244140625,368.7513122558594,0.008466844909297722,0.05260000228881836,0.00020344647064884924
2023-08-08,372.0,365.6160583496094,-0.008502353217592296,0.05275000095367432,0.00020401203367970133
2023-08-09,367.9100036621094,361.5962219238281,-0.010994693296368818,0.0528000020980835,0.00020420054284620015
2023-08-10,368.5899963378906,362.2645568847656,0.0018482907741173005,0.0526800012588501,0.00020374811305567953
2023-08-11,366.239990234375,359.9548645019531,-0.006375706203980647,0.05264999866485596,0.00020363498859188311
2023-08-14,370.3500061035156,363.9944152832031,0.011222381413956706,0.05269999980926514,0.00020382351559522505
2023-08-15,366.4200134277344,360.1318664550781,-0.010611560688698396,0.0528000020980835,0.00020420054284620015
2023-08-16,362.5400085449219,356.3184509277344,-0.010588942225193021,0.05284999847412109,0.00020438902511932255
2023-08-17,358.5799865722656,352.4263610839844,-0.010923065683565603,0.05277999877929687,0.0002041251294633284
2023-08-18,358.1300048828125,351.9841003417969,-0.001254902558444293,0.05277999877929687,0.0002041251294633284
2023-08-21,363.8999938964844,357.6551208496094,0.01611158146719016,0.0528000020980835,0.00020420054284620015
2023-08-22,363.3800048828125,357.14398193359375,-0.0014291390957898997,0.05295000076293945,0.0002047659988710926
2023-08-23,369.1099853515625,362.775634765625,0.015768578267905342,0.05295000076293945,0.0002047659988710926
2023-08-24,361.2200012207031,355.02105712890625,-0.02137568484093111,0.05302999973297119,0.00020506754141425
2023-08-25,364.0199890136719,357.7730407714844,0.007751606805618039,0.05315000057220459,0.00020551982143457437
2023-08-28,366.760009765625,360.46600341796875,0.007527013887568046,0.053229999542236325,0.00020582130694224432
2023-08-29,374.7699890136719,368.3385314941406,0.021839862848434866,0.05320000171661377,0.00020570825928856173
2023-08-30,376.8599853515625,370.39263916015625,0.005576684192346804,0.05315000057220459,0.00020551982143457437
2023-08-31,377.989990234375,371.50323486328125,0.0029984281157509063,0.05297999858856201,0.00020487907325872357
2023-09-01,377.5899963378906,371.11016845703125,-0.001058043024563804,0.0526800012588501,0.00020374811305567953
2023-09-05,378.07000732421875,371.5818786621094,0.0012710786315539568,0.05277999877929687,0.0002041251294633284
2023-09-06,374.739990234375,368.3090515136719,-0.008807822276536759,0.05300000190734863,0.00020495447237456332
2023-09-07,372.05999755859375,365.6750183105469,-0.00715169283051742,0.05282999992370605,0.0002043136332798845
2023-09-08,372.5799865722656,366.18609619140625,0.0013976286463883714,0.05293000221252441,0.0002046906141635052
2023-09-11,376.9700012207031,370.50079345703125,0.011782799266550237,0.05293000221252441,0.0002046906141635052
2023-09-12,372.7900085449219,366.3924560546875,-0.011088606218653707,0.05304999828338623,0.00020514291899176307
2023-09-13,374.2099914550781,367.7881164550781,0.0038091952422250053,0.05304999828338623,0.00020514291899176307
2023-09-14,377.2699890136719,370.7956237792969,0.008177282488642135,0.05295000076293945,0.0002047659988710926
2023-09-15,370.80999755859375,364.4465026855469,-0.017122966633309256,0.05297999858856201,0.00020487907325872357
2023-09-18,370.6600036621094,364.8263854980469,0.0010423554889420483,0.05300000190734863,0.00020495447237456332
2023-09-19,369.8699951171875,364.0488586425781,-0.002131224292912126,0.05309999942779541,0.00020533137466927087
2023-09-20,364.5400085449219,358.8027038574219,-0.014410578856688283,0.05315000057220459,0.00020551982143457437
2023-09-21,357.8599853515625,352.2277526855469,-0.018324697950123814,0.05304999828338623,0.00020514291899176307
2023-09-22,357.9100036621094,352.27703857421875,0.00013992619348157653,0.05304999828338623,0.00020514291899176307
2023-09-25,359.6099853515625,353.9502868652344,0.004749807985748422,0.05313000202178955,0.00020544445098624742
2023-09-26,354.2099914550781,348.63531494140625,-0.015016153739838,0.053249998092651366,0.00020589667026293945
2023-09-27,355.0400085449219,349.45220947265625,0.002343120436285373,0.053299999237060545,0.00020608509029784727
2023-09-28,358.010009765625,352.37554931640625,0.008365492518022766,0.05308000087738037,0.00020525600065646188
2023-09-29,358.2699890136719,352.6313781738281,0.0007260119435590351,0.05300000190734863,0.00020495447237456332
2023-10-02,361.260009765625,355.5743713378906,0.008345806261777833,0.05315000057220459,0.00020551982143457437
2023-10-03,354.9200134277344,349.33416748046875,-0.01754964463254871,0.053400001525878905,0.00020646190364193018
2023-10-04,359.75,354.08807373046875,0.013608477762959703,0.053350000381469725,0.00020627350142388146
2023-10-05,358.69000244140625,353.0447998046875,-0.002946368441020697,0.053249998092651366,0.00020589667026293945
2023-10-06,364.70001220703125,358.9602355957031,0.016755482007632327,0.053480000495910646,0.00020676331788527236
2023-10-09,366.55999755859375,360.7909851074219,0.005100145726951055,0.053480000495910646,0.00020676331788527236
2023-10-10,368.5899963378906,362.78900146484375,0.00553787771838854,0.053229999542236325,0.00020582130694224432
2023-10-11,371.2200012207031,365.37762451171875,0.007135340477310015,0.053350000381469725,0.00020627350142388146
2023-10-12,369.92999267578125,364.1079406738281,-0.003474990674613432,0.053350000381469725,0.00020627350142388146
2023-10-13,365.2799987792969,359.5310974121094,-0.012570017707520198,0.053280000686645505,0.00020600973054030192
2023-10-16,369.4100036621094,363.5960998535156,0.011306400115778548,0.053280000686645505,0.00020600973054030192
2023-10-17,368.20001220703125,362.40509033203125,-0.003275638880516629,0.053400001525878905,0.00020646190364193018
2023-10-18,363.3699951171875,357.651123046875,-0.01311782701727704,0.053299999237060545,0.00020608509029784727
2023-10-19,359.9700012207031,354.30462646484375,-0.00935687424527576,0.05309999942779541,0.00020533137466927087
2023-10-20,354.6000061035156,349.0191650390625,-0.01491784478943492,0.05300000190734863,0.00020495447237456332
2023-10-23,355.6700134277344,350.0723571777344,0.00301757681001269,0.05293000221252441,0.0002046906141635052
2023-10-24,359.1300048828125,353.47784423828125,0.009727951924001443,0.05308000087738037,0.00020525600065646188
2023-10-25,350.3399963378906,344.82623291015625,-0.024475682052346404,0.05315000057220459,0.00020551982143457437
2023-10-26,343.6600036621094,338.2513122558594,-0.019067344728409763,0.05300000190734863,0.00020495447237456332
2023-10-27,345.30999755859375,339.8753662109375,0.004801323442759298,0.05304999828338623,0.00020514291899176307
2023-10-30,349.20001220703125,343.7041015625,0.011265115781254442,0.05313000202178955,0.00020544445098624742
2023-10-31,350.8699951171875,345.3478698730469,0.00478251002264507,0.05320000171661377,0.00020570825928856173
2023-11-01,356.9599914550781,351.342041015625,0.01735690781814192,0.05300000190734863,0.00020495447237456332
2023-11-02,363.44000244140625,357.7200622558594,0.018153310721931826,0.05269999980926514,0.00020382351559522505
2023-11-03,367.7099914550781,361.92279052734375,0.01174865129168623,0.05252999782562256,0.00020318249458206594
2023-11-06,369.2099914550781,363.39923095703125,0.004079434808557547,0.05260000228881836,0.00020344647064884924
2023-11-07,372.70001220703125,366.8343505859375,0.009452743253913098,0.0527299976348877,0.0002039366167292389
2023-11-08,372.94000244140625,367.070556640625,0.0006439038609939995,0.0526800012588501,0.00020374811305567953
2023-11-09,370.07000732421875,364.24566650390625,-0.0076957687987064816,0.05263000011444092,0.00020355958248496897
2023-11-10,378.3900146484375,372.4347839355469,0.022482401809309716,0.0525,0.0002030693720416199
2023-11-13,377.2099914550781,371.2732849121094,-0.003118664189106779,0.05260000228881836,0.00020344647064884924
2023-11-14,385.3299865722656,379.2655334472656,0.021526592027886426,0.05252999782562256,0.00020318249458206594
2023-11-15,385.6199951171875,379.55096435546875,0.0007525885772132757,0.05255000114440918,0.00020325792580599966
2023-11-16,385.95001220703125,379.8757629394531,0.0008557443254977315,0.05243000030517578,0.00020280538897510247
2023-11-17,386.0400085449219,379.9643859863281,0.00023329481772993432,0.052329998016357425,0.00020242822969285257
2023-11-20,390.739990234375,384.5903625488281,0.012174763564989588,0.052379999160766605,0.00020261681379629692
2023-11-21,388.4700012207031,382.3561096191406,-0.0058094355638041995,0.05255000114440918,0.00020325792580599966
2023-11-22,390.05999755859375,383.92108154296875,0.004092969575893557,0.05264999866485596,0.00020363498859188311
2023-11-24,389.510009765625,383.3797607421875,-0.0014099793598353338,0.05252999782562256,0.00020318249458206594
2023-11-27,389.1700134277344,383.04510498046875,-0.0008729093081776274,0.05257999897003174,0.00020337104299383846
2023-11-28,390.19000244140625,384.0489807128906,0.00262077682071693,0.05260000228881836,0.00020344647064884924
2023-11-29,389.80999755859375,383.6750183105469,-0.0009737362188790843,0.05239999771118164,0.0002026922377451612
2023-11-30,388.8299865722656,382.71044921875,-0.002514026313321649,0.052379999160766605,0.00020261681379629692
2023-12-01,389.94000244140625,383.802978515625,0.0028547150962436874,0.052150001525878904,0.00020174928179539364
2023-12-04,386.32000732421875,380.23992919921875,-0.009283537428986355,0.052230000495910645,0.00020205105269655022
2023-12-05,387.2900085449219,381.19464111328125,0.0025108144641019514,0.05243000030517578,0.00020280538897510247
2023-12-06,385.04998779296875,378.9898681640625,-0.005783850850525352,0.05243000030517578,0.00020280538897510247
2023-12-07,390.42999267578125,384.2852478027344,0.013972351462386623,0.052329998016357425,0.00020242822969285257
2023-12-08,392.1700134277344,385.99786376953125,0.004456626884818737,0.052329998016357425,0.00020242822969285257
2023-12-11,395.5199890136719,389.295166015625,0.008542281073510072,0.052329998016357425,0.00020242822969285257
2023-12-12,398.6700134277344,392.3955383300781,0.007964065791478792,0.05248000144958496,0.00020299395523060149
2023-12-13,403.739990234375,397.3857116699219,0.012717202038230235,0.052230000495910645,0.00020205105269655022
2023-12-14,403.3900146484375,397.041259765625,-0.0008667948901569522,0.052150001525878904,0.00020174928179539364
2023-12-15,405.3399963378906,398.9606018066406,0.004834112309004324,0.052249999046325685,0.0002021264873546258
2023-12-18,407.0799865722656,401.4735107421875,0.006298639324703981,0.052249999046325685,0.0002021264873546258
2023-12-19,409.1600036621094,403.5248718261719,0.005109580156837934,0.052379999160766605,0.00020261681379629692
2023-12-20,403.0799865722656,397.528564453125,-0.01485982102146588,0.052300000190734865,0.00020231508573820278
2023-12-21,407.7699890136719,402.15399169921875,0.01163545883163608,0.052100000381469724,0.00020156065663057277
2023-12-22,408.3800048828125,402.7555847167969,0.0014959270080503462,0.052080001831054684,0.0002014852112603993
2023-12-26,410.8800048828125,405.22119140625,0.006121843577133301,0.05203000068664551,0.00020129657359491127
2023-12-27,411.5,406.04608154296875,0.0020356539939485607,0.052350001335144045,0.0002025036751958087
2023-12-28,411.29998779296875,405.8487243652344,-0.000486046256090944,0.052179999351501465,0.00020186244181608082
2023-12-29,409.5199890136719,404.09234619140625,-0.0043276671044739645,0.05179999828338623,0.0002004287360963808
2024-01-02,402.5899963378906,397.25421142578125,-0.016922208079600654,0.052129998207092285,0.000201673822007864
2024-01-03,398.3299865722656,393.0506286621094,-0.010581593958651436,0.052350001335144045,0.0002025036751958087
2024-01-04,396.2799987792969,391.0278625488281,-0.005146324584612616,0.052280001640319824,0.00020223965465016036
2024-01-05,396.75,391.4915771484375,0.00118588633706751,0.052199997901916505,0.0002019378800448557
2024-01-08,404.95001220703125,399.5829162597656,0.020667977508645574,0.052199997901916505,0.0002019378800448557
2024-01-09,405.75,400.372314453125,0.001975555413500585,0.052300000190734865,0.00020231508573820278
2024-01-10,408.5,403.08587646484375,0.006777596536426955,0.052249999046325685,0.0002021264873546258
2024-01-11,409.3500061035156,403.9245910644531,0.002080734276688423,0.052179999351501465,0.00020186244181608082
2024-01-12,409.55999755859375,404.1318054199219,0.0005130025753636858,0.05197999954223633,0.00020110792699945534
2024-01-16,409.5199890136719,404.09234619140625,-9.763950272267952e-05,0.05203000068664551,0.00020129657359491127
2024-01-17,407.2099914550781,401.81292724609375,-0.005640836721596321,0.052150001525878904,0.00020174928179539364
2024-01-18,412.989990234375,407.5163879394531,0.014194318566227215,0.051999998092651364,0.00020118337951324783
2024-01-19,421.17999267578125,415.5977783203125,0.019830835323511042,0.05197999954223633,0.00020110792699945534
2024-01-22,421.7300109863281,416.1405029296875,0.001305889101641755,0.051999998092651364,0.00020118337951324783
2024-01-23,423.4800109863281,417.8673400878906,0.0041496493276813595,0.052100000381469724,0.00020156065663057277
2024-01-24,425.8299865722656,420.1861572265625,0.005549170552989757,0.052100000381469724,0.00020156065663057277
2024-01-25,426.3500061035156,420.6993408203125,0.0012213243699823462,0.05195000171661377,0.00020099474555013153
2024-01-26,423.80999755859375,418.19293212890625,-0.005957719559339103,0.051999998092651364,0.00020118337951324783
2024-01-29,428.1499938964844,422.47540283203125,0.010240418653955086,0.051999998092651364,0.00020118337951324783
2024-01-30,425.29998779296875,419.6632080078125,-0.006656469951546118,0.05203000068664551,0.00020129657359491127
2024-01-31,416.9700012207031,411.4435729980469,-0.019586265493191868,0.05188000202178955,0.00020073062500669536
2024-02-01,421.8800048828125,416.28851318359375,0.011775466925497247,0.051999998092651364,0.00020118337951324783
2024-02-02,429.010009765625,423.3240051269531,0.016900519040400575,0.052100000381469724,0.00020156065663057277
2024-02-05,428.45001220703125,422.771484375,-0.0013051958907631667,0.052280001640319824,0.00020223965465016036
2024-02-06,427.5899963378906,421.9228515625,-0.0020073085434193505,0.052230000495910645,0.00020205105269655022
2024-02-07,431.989990234375,426.2644958496094,0.010290137808443012,0.052230000495910645,0.00020205105269655022
2024-02-08,432.7900085449219,427.0539855957031,0.0018521123710295573,0.052179999351501465,0.00020186244181608082
2024-02-09,437.04998779296875,431.2574462890625,0.00984292580127999,0.052199997901916505,0.0002019378800448557
2024-02-12,435.3399963378906,429.5701599121094,-0.003912480564618903,0.052280001640319824,0.00020223965465016036
2024-02-13,428.54998779296875,422.87005615234375,-0.015597228078264247,0.052329998016357425,0.00020242822969285257
2024-02-14,433.2200012207031,427.4782409667969,0.01089740157149599,0.052179999351501465,0.00020186244181608082
2024-02-15,434.510009765625,428.75115966796875,0.002977739167011162,0.052179999351501465,0.00020186244181608082
2024-02-16,430.57000732421875,424.8633728027344,-0.009067699941022078,0.052230000495910645,0.00020205105269655022
2024-02-20,427.32000732421875,421.65643310546875,-0.007548167016869778,0.052129998207092285,0.000201673822007864
2024-02-21,425.6099853515625,419.9690856933594,-0.004001711534867836,0.052350001335144045,0.0002025036751958087
2024-02-22,438.07000732421875,432.26397705078125,0.029275705703726507,0.052329998016357425,0.00020242822969285257
2024-02-23,436.7799987792969,430.99102783203125,-0.0029448422406951336,0.05239999771118164,0.0002026922377451612
2024-02-26,436.54998779296875,430.7640686035156,-0.0005265984994102801,0.0525,0.0002030693720416199
2024-02-27,437.6000061035156,431.8002014160156,0.002405337139327779,0.05244999885559082,0.00020288080935504382
2024-02-28,435.2699890136719,429.50103759765625,-0.005324601078970481,0.05239999771118164,0.0002026922377451612
2024-02-29,439.0,433.181640625,0.008569485764063911,0.052230000495910645,0.00020205105269655022
2024-03-01,445.6099853515625,439.7040100097656,0.015056892474378802,0.052150001525878904,0.00020174928179539364
2024-03-04,444.0199890136719,438.13507080078125,-0.0035681712544526345,0.052230000495910645,0.00020205105269655022
2024-03-05,436.04998779296875,430.270751953125,-0.017949530571206296,0.052249999046325685,0.0002021264873546258
2024-03-06,438.7900085449219,432.9743957519531,0.006283587221663334,0.052300000190734865,0.00020231508573820278
2024-03-07,445.45001220703125,439.54620361328125,0.015178282886485261,0.052280001640319824,0.00020223965465016036
2024-03-08,439.0199890136719,433.2013244628906,-0.014435067572493354,0.052280001640319824,0.00020223965465016036
2024-03-11,437.3900146484375,431.5929870605469,-0.003712678866662933,0.05239999771118164,0.0002026922377451612
2024-03-12,443.6600036621094,437.7798767089844,0.014335009682558963,0.05239999771118164,0.0002026922377451612
2024-03-13,440.25,434.4150695800781,-0.007686070803896272,0.052379999160766605,0.00020261681379629692
2024-03-14,439.1400146484375,433.3197937011719,-0.002521265848270393,0.052379999160766605,0.00020261681379629692
2024-03-15,433.9200134277344,428.1689453125,-0.01188694461583728,0.052379999160766605,0.00020261681379629692
2024-03-18,437.4800109863281,432.2525634765625,0.009537399217689702,0.052379999160766605,0.00020261681379629692
2024-03-19,438.57000732421875,433.3295593261719,0.00249158927120563,0.052379999160766605,0.00020261681379629692
2024-03-20,443.7699890136719,438.4674072265625,0.011856675340542244,0.052280001640319824,0.00020223965465016036
2024-03-21,445.8699951171875,440.5423278808594,0.004732211836271594,0.052280001640319824,0.00020223965465016036
2024-03-22,446.3800048828125,441.0462951660156,0.001143970177804432,0.052199997901916505,0.0002019378800448557
2024-03-25,444.760009765625,439.44561767578125,-0.0036292731801133016,0.052179999351501465,0.00020186244181608082
2024-03-26,443.32000732421875,438.0228271484375,-0.0032376941994981534,0.052179999351501465,0.00020186244181608082
2024-03-27,444.8299865722656,439.5147399902344,0.0034060161921454224,0.052150001525878904,0.00020174928179539364
2024-03-28,444.010009765625,438.70458984375,-0.0018432832229980933,0.05203000068664551,0.00020129657359491127
2024-04-01,444.95001220703125,439.6333312988281,0.0021170087493473932,0.052179999351501465,0.00020186244181608082
2024-04-02,441.1099853515625,435.83917236328125,-0.008630280430143022,0.052129998207092285,0.000201673822007864
2024-04-03,442.1000061035156,436.8173522949219,0.002244359831945708,0.052100000381469724,0.00020156065663057277
2024-04-04,435.3399963378906,430.1382141113281,-0.015290459842090431,0.05203000068664551,0.00020129657359491127
2024-04-05,440.4700012207031,435.20684814453125,0.01178373338364036,0.052150001525878904,0.00020174928179539364
2024-04-08,440.6000061035156,435.3353271484375,0.00029521365404527877,0.052230000495910645,0.00020205105269655022
2024-04-09,442.2300109863281,436.9458312988281,0.003699456602660467,0.052199997901916505,0.0002019378800448557
2024-04-10,438.3699951171875,433.1319580078125,-0.008728480781425074,0.05243000030517578,0.00020280538897510247
2024-04-11,445.3699951171875,440.04827880859375,0.015968160910113438,0.052379999160766605,0.00020261681379629692
2024-04-12,438.2699890136719,433.03314208984375,-0.01594174334176035,0.052300000190734865,0.00020231508573820278
2024-04-15,431.05999755859375,425.9093017578125,-0.016451027969016763,0.052379999160766605,0.00020261681379629692
2024-04-16,431.1000061035156,425.9488220214844,9.27903276795039e-05,0.052329998016357425,0.00020242822969285257
2024-04-17,425.8399963378906,420.75164794921875,-0.012201404965978435,0.05239999771118164,0.0002026922377451612
2024-04-18,423.4100036621094,418.3507080078125,-0.005706311438371414,0.05243000030517578,0.00020280538897510247
2024-04-19,414.6499938964844,409.69537353515625,-0.020689183278481793,0.05244999885559082,0.00020288080935504382
2024-04-22,418.82000732421875,413.8155212402344,0.010056612720632963,0.05244999885559082,0.00020288080935504382
2024-04-23,425.07000732421875,419.9908447265625,0.014922889957873497,0.05244999885559082,0.00020288080935504382
2024-04-24,426.510009765625,421.4136657714844,0.0033877430015127885,0.05255000114440918,0.00020325792580599966
2024-04-25,424.45001220703125,419.37823486328125,-0.004830006887595495,0.05244999885559082,0.00020288080935504382
2024-04-26,431.0,425.8500061035156,0.01543182431092105,0.052379999160766605,0.00020261681379629692
2024-04-29,432.75,427.5790710449219,0.004060267504107928,0.05243000030517578,0.00020280538897510247
2024-04-30,424.5899963378906,419.5165710449219,-0.018856161458737364,0.05244999885559082,0.00020288080935504382
2024-05-01,421.5199890136719,416.48321533203125,-0.007230598079439932,0.0525,0.0002030693720416199
2024-05-02,426.8999938964844,421.79901123046875,0.012763529724000078,0.052379999160766605,0.00020261681379629692
2024-05-03,435.4800109863281,430.2764892578125,0.020098382882912214,0.052350001335144045,0.0002025036751958087
2024-05-06,440.25,434.9895324707031,0.010953522515302128,0.05239999771118164,0.0002026922377451612
2024-05-07,440.32000732421875,435.0586242675781,0.00015883553905893244,0.05243000030517578,0.00020280538897510247
2024-05-08,440.05999755859375,434.8017578125,-0.0005904180281692817,0.05244999885559082,0.00020288080935504382
2024-05-09,441.0199890136719,435.7502746582031,0.002181492665703777,0.05239999771118164,0.0002026922377451612
2024-05-10,442.05999755859375,436.77789306640625,0.0023582736901524015,0.05243000030517578,0.00020280538897510247
2024-05-13,443.0799865722656,437.7856750488281,0.0023073099587223034,0.05239999771118164,0.0002026922377451612
2024-05-14,445.92999267578125,440.6015930175781,0.0064321838955463395,0.052350001335144045,0.0002025036751958087
2024-05-15,452.8999938964844,447.4883117675781,0.015630262938530093,0.05239999771118164,0.0002026922377451612
2024-05-16,451.9800109863281,446.5793762207031,-0.002031193939534881,0.05243000030517578,0.00020280538897510247
2024-05-17,451.760009765625,446.3619384765625,-0.00048689607205054664,0.05239999771118164,0.0002026922377451612
2024-05-20,454.9100036621094,449.47430419921875,0.006972739954662854,0.05239999771118164,0.0002026922377451612
2024-05-21,455.79998779296875,450.3537292480469,0.001956563569067482,0.05239999771118164,0.0002026922377451612
2024-05-22,455.7099914550781,450.2647399902344,-0.0001975985809223868,0.05244999885559082,0.00020288080935504382
2024-05-23,453.6600036621094,448.2392578125,-0.0044984250327447795,0.05244999885559082,0.00020288080935504382
2024-05-24,457.95001220703125,452.47796630859375,0.009456352655899725,0.05244999885559082,0.00020288080935504382
2024-05-28,459.67999267578125,454.1872863769531,0.0037776868613168535,0.05248000144958496,0.00020299395523060149
2024-05-29,456.44000244140625,450.9859924316406,-0.007048400607707839,0.0525,0.0002030693720416199
2024-05-30,451.54998779296875,446.1544189453125,-0.01071335599644041,0.05248000144958496,0.00020299395523060149
2024-05-31,450.7099914550781,445.3244934082031,-0.001860175539830533,0.05244999885559082,0.00020288080935504382
2024-06-03,453.1300048828125,447.7156066894531,0.005369372932869876,0.05243000030517578,0.00020280538897510247
2024-06-04,454.3699951171875,448.9407958984375,0.0027365345113694595,0.05239999771118164,0.0002026922377451612
2024-06-05,463.5299987792969,457.9913330078125,0.020159756458004052,0.05239999771118164,0.0002026922377451612
2024-06-06,463.3699951171875,457.83319091796875,-0.00034529493998314287,0.052329998016357425,0.00020242822969285257
2024-06-07,462.9599914550781,457.4281311035156,-0.0008847323053206013,0.052379999160766605,0.00020261681379629692
2024-06-10,464.8299865722656,459.2757263183594,0.004039093989227416,0.052329998016357425,0.00020242822969285257
2024-06-11,468.0199890136719,462.4276123046875,0.006862731482881079,0.05244999885559082,0.00020288080935504382
2024-06-12,474.1499938964844,468.4844055175781,0.013097819100170716,0.05243000030517578,0.00020280538897510247
2024-06-13,476.7200012207031,471.0236511230469,0.005420128344855835,0.05239999771118164,0.0002026922377451612
2024-06-14,479.19000244140625,473.46417236328125,0.005181313580359559,0.05239999771118164,0.0002026922377451612
2024-06-17,485.05999755859375,479.2640686035156,0.012249915788314913,0.05243000030517578,0.00020280538897510247
2024-06-18,485.2099914550781,479.41217041015625,0.0003090192157992888,0.052350001335144045,0.0002025036751958087
2024-06-20,481.4700012207031,475.7169494628906,-0.007707816312014337,0.052249999046325685,0.0002021264873546258
2024-06-21,480.17999267578125,474.4423522949219,-0.002679318383353446,0.052150001525878904,0.00020174928179539364
2024-06-24,473.9599914550781,469.0410461425781,-0.011384536237578957,0.052100000381469724,0.00020156065663057277
2024-06-25,479.3800048828125,474.40478515625,0.011435542918436736,0.052230000495910645,0.00020205105269655022
2024-06-26,480.3699951171875,475.38446044921875,0.0020650619968896056,0.052300000190734865,0.00020231508573820278
2024-06-27,481.6099853515625,476.611572265625,0.0025813040149580413,0.052230000495910645,0.00020205105269655022
2024-06-28,479.1099853515625,474.13751220703125,-0.005190935769421312,0.052129998207092285,0.000201673822007864
2024-07-01,481.9200134277344,476.9184265136719,0.005865206264098255,0.052179999351501465,0.00020186244181608082
2024-07-02,486.9800109863281,481.9258728027344,0.010499586534467698,0.052280001640319824,0.00020223965465016036
2024-07-03,491.0400085449219,485.9437255859375,0.008337076322208148,0.052300000190734865,0.00020231508573820278
2024-07-05,496.1600036621094,491.0106201171875,0.010426916254840934,0.052249999046325685,0.0002021264873546258
2024-07-08,497.3399963378906,492.1783752441406,0.0023782685732427478,0.052179999351501465,0.00020186244181608082
2024-07-09,497.7699890136719,492.6039123535156,0.0008645993623022097,0.052249999046325685,0.0002021264873546258
2024-07-10,502.9599914550781,497.7400207519531,0.010426446623005292,0.052249999046325685,0.0002021264873546258
2024-07-11,491.92999267578125,486.82452392578125,-0.021930116870412464,0.05197999954223633,0.00020110792699945534
2024-07-12,494.82000732421875,489.68450927734375,0.005874776661823455,0.05197999954223633,0.00020110792699945534
2024-07-15,496.1499938964844,491.000732421875,0.0026879003104951504,0.05192999839782715,0.00020091927147292132
2024-07-16,496.3399963378906,491.1887512207031,0.00038292977263143513,0.05192999839782715,0.00020091927147292132
2024-07-17,481.7699890136719,476.76995849609375,-0.02935489196113661,0.05195000171661377,0.00020099474555013153
2024-07-18,479.489990234375,474.51361083984375,-0.004732570951759052,0.05192999839782715,0.00020091927147292132
2024-07-19,475.239990234375,470.3077392578125,-0.008863542553789516,0.05192999839782715,0.00020091927147292132
2024-07-22,482.32000732421875,477.3142395019531,0.014897692849361821,0.05190000057220459,0.000200806084664773
2024-07-23,480.6199951171875,475.6318359375,-0.003524729465872678,0.05172999858856201,0.0002001645780334016
2024-07-24,463.3800048828125,458.5708312988281,-0.035870190659217704,0.05170000076293945,0.00020005136978662463
2024-07-25,458.2699890136719,453.51385498046875,-0.011027688577654016,0.05159999847412109,0.00019967394973985364
2024-07-26,462.9700012207031,458.16510009765625,0.010256015480250014,0.0515500020980835,0.00019948524430857262
2024-07-29,463.8999938964844,459.08538818359375,0.0020086385578939048,0.05146999835968018,0.0001991832610310773
2024-07-30,457.5299987792969,452.78155517578125,-0.013731286532019826,0.05135000228881836,0.00019873027920369601
2024-07-31,471.07000732421875,466.1810302734375,0.029593685839199413,0.05135000228881836,0.00019873027920369601
2024-08-01,459.6600036621094,454.889404296875,-0.0242215475175801,0.051149997711181644,0.00019797515303232593
2024-08-02,448.75,444.0926513671875,-0.023734896499460367,0.050300002098083496,0.0001947643595290316
2024-08-05,435.3699951171875,430.85150146484375,-0.029816187819319717,0.05059999942779541,0.00019589787196294672
2024-08-06,439.5299987792969,434.9684143066406,0.00955529417397849,0.05079999923706055,0.00019665337383201198
2024-08-07,434.7699890136719,430.25775146484375,-0.01082989634846454,0.05079999923706055,0.00019665337383201198
2024-08-08,448.07000732421875,443.4197082519531,0.030590864992666722,0.05083000183105469,0.00019676669666490731
2024-08-09,450.4100036621094,445.7354431152344,0.00522244460538368,0.05074999809265137,0.0001964645072900506
2024-08-12,451.3800048828125,446.69537353515625,0.0021535878170533262,0.05072999954223633,0.00019638896537155226
2024-08-13,462.5799865722656,457.77911376953125,0.024812749115035615,0.05052999973297119,0.00019563341336592543
2024-08-14,462.7300109863281,457.9275207519531,0.0003241890640222067,0.05063000202178955,0.00019601121628287643
2024-08-15,474.4200134277344,469.4962463378906,0.025263224116647942,0.05079999923706055,0.00019665337383201198
2024-08-16,475.0299987792969,470.09991455078125,0.0012857785713928926,0.05074999809265137,0.0001964645072900506
2024-08-19,481.2699890136719,476.2751159667969,0.013135933925698673,0.05063000202178955,0.00019601121628287643
2024-08-20,480.260009765625,475.2756652832031,-0.0020984734454685405,0.050329999923706056,0.00019487771807558119
2024-08-21,482.5,477.4923400878906,0.004663977069742531,0.05005000114440918,0.00019381950745178678
2024-08-22,474.8500061035156,469.92181396484375,-0.01585475930703595,0.050250000953674316,0.00019457540343159607
2024-08-23,480.0,475.0182800292969,0.010845348977211788,0.05,0.00019363050654397362
2024-08-26,475.3399963378906,470.40673828125,-0.009708135332733847,0.04998000144958496,0.00019355491088091092
2024-08-27,476.760009765625,471.81195068359375,0.0029872284727001652,0.04967999935150146,0.0001924207136558831
2024-08-28,471.3500061035156,466.45806884765625,-0.011347490940363913,0.04954999923706055,0.00019192913092402897
2024-08-29,470.6600036621094,465.7752685546875,-0.0014637977957066006,0.04965000152587891,0.00019230728519104012
2024-08-30,476.2699890136719,471.3270263671875,0.011919391576386662,0.04967999935150146,0.0001924207136558831
2024-09-03,461.80999755859375,457.01715087890625,-0.030360821017577533,0.0496999979019165,0.00019249633083839868
2024-09-04,460.6099853515625,455.8294982910156,-0.0025987046341841014,0.04947999954223633,0.00019166440879647695
2024-09-05,461.0400085449219,456.2550964355469,0.0009336783734419374,0.04932000160217285,0.00019105926875506718
2024-09-06,448.69000244140625,444.0332946777344,-0.026787211481678286,0.049079999923706055,0.00019015136831046497
2024-09-09,454.4599914550781,449.7433776855469,0.012859583000316865,0.048949999809265135,0.0001896595055268513
2024-09-10,458.6600036621094,453.8997802734375,0.009241720487981775,0.04835000038146973,0.00018738858668698732
2024-09-11,468.6199951171875,463.75640869140625,0.021715428925810354,0.04875,0.00018890267636906266
2024-09-12,473.2200012207031,468.3087158203125,0.009816160043484068,0.04840000152587891,0.00018757788387491203
2024-09-13,475.3399963378906,470.40673828125,0.0044799987488222115,0.04763000011444092,0.0001846617710405951
2024-09-16,473.239990234375,468.3285217285156,-0.004417914080754204,0.04744999885559082,0.0001839797709544122
2024-09-17,473.489990234375,468.57586669921875,0.0005281441535744946,0.04735000133514404,0.00018360084362134543
2024-09-18,471.44000244140625,466.54718017578125,-0.004329472914873178,0.04614999771118164,0.0001790507761503246
2024-09-19,483.3599853515625,478.3434753417969,0.02528424919762906,0.045929999351501466,0.0001782160419940837
2024-09-20,482.44000244140625,477.4329833984375,-0.001903427119412049,0.04545000076293945,0.00017639418842341215
2024-09-23,483.0400085449219,478.6985168457031,0.0026507038501140112,0.04502999782562256,0.00017479936712927469
2024-09-24,485.3699951171875,481.0075378417969,0.004823539064437998,0.04494999885559082,0.0001744955252993563
2024-09-25,485.82000732421875,481.45355224609375,0.0009272503426829282,0.044869999885559085,0.00017419166029930544
2024-09-26,489.4700012207031,485.07073974609375,0.007513056001196672,0.044679999351501465,0.0001734698767201781
2024-09-27,486.75,482.37518310546875,-0.005557038220932453,0.044819998741149905,0.00017400172611425901
2024-09-30,488.07000732421875,483.68328857421875,0.002711800927088781,0.04498000144958496,0.00017460948001990495
2024-10-01,481.2699890136719,476.9444274902344,-0.013932383531068293,0.044819998741149905,0.00017400172611425901
2024-10-02,481.95001220703125,477.61834716796875,0.0014129941328397955,0.044730000495910645,0.0001736598362571673
2024-10-03,481.5899963378906,477.2615661621094,-0.0007470002104711382,0.044650001525878905,0.000173355907521211
2024-10-04,487.32000732421875,482.9400329589844,0.01189801819270353,0.04505000114440918,0.00017487533754900753
2024-10-07,482.1000061035156,477.7669677734375,-0.01071160979107777,0.04525000095367432,0.00017563483535276703
2024-10-08,489.29998779296875,484.9022521972656,0.014934654141287806,0.04527999877929687,0.0001757487393911905
2024-10-09,493.1499938964844,488.7176208496094,0.00786832528629211,0.04534999847412109,0.00017601452092419478
2024-10-10,492.5899963378906,488.1626892089844,-0.0011354852310425656,0.0453000020980835,0.00017582469171339987
2024-10-11,493.3599853515625,488.92572021484375,0.0015630670322137608,0.04514999866485596,0.0001752550954920995
2024-10-14,497.5,493.028564453125,0.00839154920399432,0.0451800012588501,0.00017536902849313307
2024-10-15,490.8500061035156,486.43829345703125,-0.013366915167286053,0.04514999866485596,0.0001752550954920995
2024-10-16,490.9100036621094,486.497802734375,0.00012233674475092826,0.04502999782562256,0.00017479936712927469
2024-10-17,491.25,486.834716796875,0.0006925294638666646,0.04514999866485596,0.0001752550954920995
2024-10-18,494.4700012207031,490.0257873535156,0.0065547308902624835,0.04513000011444092,0.00017517915042031262
2024-10-21,495.4200134277344,490.9672546386719,0.001921260695770366,0.0451800012588501,0.00017536902849313307
2024-10-22,495.9599914550781,491.5024108886719,0.001090003956361274,0.045,0.00017468543594945096
2024-10-23,488.3599853515625,483.970703125,-0.015323847038825278,0.04505000114440918,0.00017487533754900753
2024-10-24,492.32000732421875,487.89508056640625,0.00810870868022917,0.044869999885559085,0.00017419166029930544
2024-10-25,495.32000732421875,490.8681640625,0.00609369435051943,0.04510000228881836,0.00017506523009891417
2024-10-28,495.3999938964844,490.94744873046875,0.00016151927090279905,0.044819998741149905,0.00017400172611425901
2024-10-29,500.1600036621094,495.6646423339844,0.009608347320499755,0.044800000190734865,0.0001739257571506947
2024-10-30,496.3800048828125,491.91864013671875,-0.007557533617137735,0.044629998207092285,0.00017327990812732175
2024-10-31,483.8500061035156,479.5012512207031,-0.025242769642891516,0.04432000160217285,0.00017210194053429717
2024-11-01,487.42999267578125,483.049072265625,0.007398981829327633,0.04400000095367432,0.00017088559282707472
2024-11-04,486.010009765625,481.6418151855469,-0.002913279749152009,0.04418000221252441,0.0001715698374964436
2024-11-05,492.2099914550781,487.7861328125,0.012757026971560004,0.04422999858856201,0.0001717598695070155
2024-11-06,505.5799865722656,501.03594970703125,0.02716316845281108,0.04429999828338623,0.00017202591721998672
2024-11-07,513.5399780273438,508.92437744140625,0.015744234997483897,0.04420000076293945,0.0001716458513880692
2024-11-08,514.1400146484375,509.51904296875,0.0011684752267782095,0.04422999858856201,0.0001717598695070155
2024-11-11,513.8400268554688,509.2217102050781,-0.0005835557429599847,0.04414999961853027,0.00017145579581478998
2024-11-12,512.9099731445312,508.300048828125,-0.0018099412465779618,0.04422999858856201,0.0001717598695070155
2024-11-13,512.25,507.64599609375,-0.0012867453699501041,0.04389999866485596,0.00017050540008067827
2024-11-14,508.69000244140625,504.1180114746094,-0.006949694563313513,0.04382999897003174,0.0001702392508251549
2024-11-15,496.57000732421875,492.10693359375,-0.023825924897476813,0.0439300012588501,0.00017061946896501645
2024-11-18,500.0199890136719,495.52587890625,0.00694756582178635,0.04402999877929688,0.0001709996327015073
2024-11-19,503.4599914550781,498.93499755859375,0.00687979941606387,0.04407999992370606,0.00017118971003271533
2024-11-20,503.1700134277344,498.64764404296875,-0.0005759337729986935,0.04409999847412109,0.00017126573117609567
2024-11-21,504.9800109863281,500.4413146972656,0.0035970703476186916,0.04413000106811524,0.00017137977829739803
2024-11-22,505.7900085449219,501.24407958984375,0.0016041139470344135,0.04414999961853027,0.00017145579581478998
2024-11-25,506.5899963378906,502.0368347167969,0.0015815750434435838,0.0440500020980835,0.0001710756755981535
2024-11-26,509.30999755859375,504.732421875,0.005369301556774619,0.04394999980926514,0.00017069550098813835
2024-11-27,505.29998779296875,500.7584228515625,-0.007873476819013736,0.04385000228881836,0.0001703153082337483
2024-11-29,509.739990234375,505.1585388183594,0.008786903556690095,0.043730001449584964,0.0001698590145342571
2024-12-02,515.2899780273438,510.65863037109375,0.010887852288115063,0.04380000114440918,0.0001701251891867983
2024-12-03,516.8699951171875,512.2244873046875,0.0030663477330361566,0.043569998741149904,0.00016925053560012948
2024-12-04,523.260009765625,518.5569458007812,0.012362662568935257,0.043449997901916504,0.00016879411994996651
2024-12-05,521.8099975585938,517.1199951171875,-0.002771056670304084,0.043299999237060544,0.00016822353593082262
2024-12-06,526.47998046875,521.748046875,0.008949667004780393,0.04295000076293945,0.00016689184934981505
2024-12-09,522.3800048828125,517.6849975585938,-0.007787378104703646,0.04293000221252442,0.00016681574471455463
2024-12-10,520.5999755859375,515.9208984375,-0.0034076690060813597,0.0428499984741211,0.00016651127534195176
2024-12-11,529.9199829101562,525.1571655273438,0.01790248683047424,0.04255000114440918,0.00016536937148781128
2024-12-12,526.5,521.7679443359375,-0.006453727405590914,0.04223000049591064,0.0001641509665990526
2024-12-13,530.530029296875,525.76171875,0.0076543115716805055,0.04217999935150146,0.00016396055320511138
2024-12-16,538.1699829101562,533.3329467773438,0.014400493146105031,0.04228000164031982,0.00016434137089449408
2024-12-17,535.7999877929688,530.9842529296875,-0.0044038041561995644,0.04239999771118164,0.0001647982786683322
2024-12-18,516.469970703125,511.8280334472656,-0.036076812780657996,0.0423199987411499,0.00016449367325477304
2024-12-19,514.1699829101562,509.5487365722656,-0.004453247430877272,0.0421999979019165,0.00016403671239095807
2024-12-20,518.6599731445312,513.998291015625,0.008732343197024761,0.04215000152587891,0.00016384631169685804
2024-12-23,522.8699951171875,519.0060424804688,0.009742739523411315,0.04215000152587891,0.00016384631169685804
2024-12-24,529.9600219726562,526.0437622070312,0.013559995742876918,0.04199999809265137,0.00016327500053403554
2024-12-26,529.5999755859375,525.6863403320312,-0.0006794527388755967,0.04215000152587891,0.00016384631169685804
2024-12-27,522.5599975585938,518.6984252929688,-0.013292936306179892,0.04177999973297119,0.0001624369547299498
2024-12-30,515.6099853515625,511.79974365234375,-0.013299985703115524,0.04182000160217285,0.00016258934806168135
2024-12-31,511.2300109863281,507.4521484375,-0.00849471940688773,0.04208000183105469,0.0001635797172787612
2025-01-02,510.2300109863281,506.4595031738281,-0.0019561357001410817,0.04208000183105469,0.0001635797172787612
2025-01-03,518.5800170898438,514.747802734375,0.016365177291780775,0.04192999839782715,0.00016300836788873951
2025-01-06,524.5399780273438,520.6637573242188,0.011492918587350465,0.04190000057220459,0.0001628940990776595
2025-01-07,515.1799926757812,511.3728942871094,-0.01784426687360907,0.04203000068664551,0.0001633892765844358
2025-01-08,515.27001953125,511.46221923828125,0.00017467674209914463,0.04204999923706055,0.00016346544668977003
2025-01-10,507.19000244140625,503.4419860839844,-0.015680988453538935,0.04212999820709228,0.0001637701307115602
2025-01-13,505.55999755859375,501.823974609375,-0.0032138985609743154,0.04217999935150146,0.00016396055320511138
2025-01-14,505.0799865722656,501.3475341796875,-0.000949417432792754,0.04212999820709228,0.0001637701307115602
2025-01-15,516.7000122070312,512.8817138671875,0.023006355673759193,0.04204999923706055,0.00016346544668977003
2025-01-16,513.0800170898438,509.2884521484375,-0.007006024238330522,0.04195000171661377,0.00016308456343883115
2025-01-17,521.739990234375,517.8844604492188,0.01687846693660333,0.04192999839782715,0.00016300836788873951
2025-01-21,524.7999877929688,520.9217529296875,0.00586480713832227,0.04197000026702881,0.0001631607393690615
2025-01-22,531.510009765625,527.5822143554688,0.012785915328592967,0.04215000152587891,0.00016384631169685804
2025-01-23,532.6400146484375,528.703857421875,0.002126006214550946,0.04212999820709228,0.0001637701307115602
2025-01-24,529.6300048828125,525.7161254882812,-0.0056510500002078246,0.04204999923706055,0.00016346544668977003
2025-01-27,514.2100219726562,510.4101257324219,-0.029114571560161395,0.04188000202178955,0.00016281791804995116
2025-01-28,521.8099975585938,517.953857421875,0.014779745363844743,0.04190000057220459,0.0001628940990776595
2025-01-29,520.8300170898438,516.981201171875,-0.001877882046947943,0.04188000202178955,0.00016281791804995116
2025-01-30,523.0499877929688,519.1847534179688,0.004262345015831892,0.04182000160217285,0.00016258934806168135
2025-01-31,522.2899780273438,518.4302978515625,-0.0014531543182642048,0.04188000202178955,0.00016281791804995116
2025-02-03,518.1099853515625,514.28125,-0.008003096788047781,0.04190000057220459,0.0001628940990776595
2025-02-04,524.469970703125,520.5941772460938,0.012275242867776592,0.04212999820709228,0.0001637701307115602
2025-02-05,526.8499755859375,522.9566650390625,0.004538060347632378,0.04210000038146973,0.00016365588374389617
2025-02-06,529.5999755859375,525.6863403320312,0.005219696918414618,0.04212999820709228,0.0001637701307115602
2025-02-07,522.9199829101562,519.0556640625,-0.012613369914354688,0.04228000164031982,0.00016434137089449408
2025-02-10,529.25,525.3389282226562,0.012105183692590726,0.04228000164031982,0.00016434137089449408
2025-02-11,527.989990234375,524.0882568359375,-0.002380694289970231,0.04224999904632568,0.00016422712214581026
2025-02-12,528.2999877929688,524.3959350585938,0.0005870733004280648,0.04228000164031982,0.00016434137089449408
2025-02-13,535.9000244140625,531.9398193359375,0.014385855749436294,0.04212999820709228,0.0001637701307115602
2025-02-14,538.1500244140625,534.1731567382812,0.004198477574271164,0.04212999820709228,0.0001637701307115602
2025-02-18,539.3699951171875,535.3841552734375,0.0022670523965500067,0.04212999820709228,0.0001637701307115602
2025-02-19,539.52001953125,535.5330810546875,0.00027816620978238227,0.04217999935150146,0.00016396055320511138
2025-02-20,537.22998046875,533.260009765625,-0.004244502103559866,0.04204999923706055,0.00016346544668977003
2025-02-21,526.0800170898438,522.1923217773438,-0.020754768378648203,0.04197000026702881,0.0001631607393690615
2025-02-24,519.8699951171875,516.0282592773438,-0.011804199799453019,0.04190000057220459,0.0001628940990776595
2025-02-25,513.3200073242188,509.5266418457031,-0.012599343766067417,0.04182000160217285,0.00016258934806168135
2025-02-26,514.5599975585938,510.75750732421875,0.002415703865958685,0.04192999839782715,0.00016300836788873951
2025-02-27,500.2699890136719,496.5730895996094,-0.027771334774733702,0.04195000171661377,0.00016308456343883115
2025-02-28,508.1700134277344,504.4147033691406,0.015791459371779393,0.04192999839782715,0.00016300836788873951
2025-03-03,497.04998779296875,493.3768615722656,-0.0218824743274727,0.04192999839782715,0.00016300836788873951
2025-03-04,495.54998779296875,491.8879699707031,-0.0030177572511563833,0.04195000171661377,0.00016308456343883115
2025-03-05,502.010009765625,498.30023193359375,0.013036021115280683,0.04204999923706055,0.00016346544668977003
2025-03-06,488.20001220703125,484.5923156738281,-0.027509351554129702,0.04197000026702881,0.0001631607393690615
2025-03-07,491.7900085449219,488.15576171875,0.007353492677585782,0.04197000026702881,0.0001631607393690615
2025-03-10,472.7300109863281,469.23663330078125,-0.03875633537819223,0.04184999942779541,0.00016270362561221496
2025-03-11,471.6000061035156,468.1149597167969,-0.0023904220267162435,0.04195000171661377,0.00016308456343883115
2025-03-12,476.9200134277344,473.39569091796875,0.011280842646786304,0.04197000026702881,0.0001631607393690615
2025-03-13,468.3399963378906,464.87908935546875,-0.017990450115811796,0.04188000202178955,0.00016281791804995116
2025-03-14,479.6600036621094,476.11541748046875,0.024170431370829304,0.04188000202178955,0.00016281791804995116
2025-03-17,482.7699890136719,479.2024230957031,0.006483733779448553,0.04188000202178955,0.00016281791804995116
2025-03-18,474.5400085449219,471.0332336425781,-0.017047471088211696,0.04195000171661377,0.00016308456343883115
2025-03-19,480.8900146484375,477.3363037109375,0.013381370184045505,0.04190000057220459,0.0001628940990776595
2025-03-20,479.260009765625,475.71832275390625,-0.0033896038169580756,0.04182000160217285,0.00016258934806168135
2025-03-21,480.8399963378906,477.28668212890625,0.003296823561305784,0.04184999942779541,0.00016270362561221496
2025-03-24,490.6600036621094,487.76043701171875,0.021944368604828846,0.04182000160217285,0.00016258934806168135
2025-03-25,493.4599914550781,490.5438537597656,0.005706524221397613,0.04182000160217285,0.00016258934806168135
2025-03-26,484.3800048828125,481.51751708984375,-0.01840067223498909,0.04190000057220459,0.0001628940990776595
2025-03-27,481.6199951171875,478.7738037109375,-0.005698055172506433,0.04188000202178955,0.00016281791804995116
2025-03-28,468.94000244140625,466.1687927246094,-0.02632769564380444,0.04188000202178955,0.00016281791804995116
2025-03-31,468.9200134277344,466.14892578125,-4.261748892120387e-05,0.04192999839782715,0.00016300836788873951
2025-04-01,472.70001220703125,469.90655517578125,0.008061006229358014,0.04199999809265137,0.00016327500053403554
2025-04-02,476.1499938964844,473.33612060546875,0.007298398781444115,0.04203000068664551,0.0001633892765844358
2025-04-03,450.6600036621094,447.9967956542969,-0.0535334698707528,0.04184999942779541,0.00016270362561221496
2025-04-04,422.6700134277344,420.1722106933594,-0.06210889281094045,0.041550002098083495,0.0001615606299185668
2025-04-07,423.69000244140625,421.1861572265625,0.0024131689516779797,0.041500000953674315,0.00016137009269945324
2025-04-08,416.05999755859375,413.6012268066406,-0.01800849883070066,0.04177999973297119,0.0001624369547299498
2025-04-09,466.0,463.2461242675781,0.12003082738472282,0.04228000164031982,0.00016434137089449408
2025-04-10,446.17999267578125,443.54327392578125,-0.04253214287102425,0.04197000026702881,0.0001631607393690615
2025-04-11,454.3999938964844,451.7147216796875,0.01842311276999231,0.04212999820709228,0.0001637701307115602
2025-04-14,457.4800109863281,454.7765197753906,0.006778167610561603,0.04195000171661377,0.00016308456343883115
2025-04-15,457.989990234375,455.283447265625,0.0011146738413072566,0.04199999809265137,0.00016327500053403554
2025-04-16,444.17999267578125,441.5550537109375,-0.030153509065920403,0.04208000183105469,0.0001635797172787612
2025-04-17,444.1000061035156,441.4755554199219,-0.0001800416286655837,0.04204999923706055,0.00016346544668977003
2025-04-21,433.1099853515625,430.55047607421875,-0.024746736736785846,0.04210000038146973,0.00016365588374389617
2025-04-22,444.4800109863281,441.8533630371094,0.026252176204636823,0.04212999820709228,0.0001637701307115602
2025-04-23,454.55999755859375,451.8737487792969,0.022678079608383417,0.04208000183105469,0.0001635797172787612
2025-04-24,467.3500061035156,464.5881652832031,0.028137099219092354,0.04197000026702881,0.0001631607393690615
2025-04-25,472.55999755859375,469.7673645019531,0.011147936184712881,0.04192999839782715,0.00016300836788873951
2025-04-28,472.4100036621094,469.6182556152344,-0.00031741005865071337,0.04192999839782715,0.00016300836788873951
2025-04-29,475.5299987792969,472.7198181152344,0.006604433415682953,0.04190000057220459,0.0001628940990776595
2025-04-30,475.4700012207031,472.66015625,-0.0001262097820908803,0.04190000057220459,0.0001628940990776595
2025-05-01,481.67999267578125,478.8334655761719,0.013060777906794163,0.04184999942779541,0.00016270362561221496
2025-05-02,488.8299865722656,485.94122314453125,0.014843903108999967,0.04208000183105469,0.0001635797172787612
2025-05-05,485.92999267578125,483.058349609375,-0.005932556033219738,0.04208000183105469,0.0001635797172787612
2025-05-06,481.4100036621094,478.5650939941406,-0.009301682951692758,0.04210000038146973,0.00016365588374389617
2025-05-07,483.29998779296875,480.44390869140625,0.003925933422316508,0.04215000152587891,0.00016384631169685804
2025-05-08,488.2900085449219,485.4044189453125,0.010324847842107632,0.04215000152587891,0.00016384631169685804
2025-05-09,487.9700012207031,485.0863037109375,-0.0006553612244943885,0.04215000152587891,0.00016384631169685804
2025-05-12,507.8500061035156,504.84881591796875,0.04074019830254305,0.042800002098083496,0.00016632099285529556
2025-05-13,515.5900268554688,512.5430908203125,0.015240750616307253,0.0428499984741211,0.00016651127534195176
2025-05-14,518.6799926757812,515.6148071289062,0.005993088900442478,0.0428499984741211,0.00016651127534195176
2025-05-15,519.25,516.1814575195312,0.0010989800579628284,0.042579998970031736,0.00016548356933898667
2025-05-16,521.510009765625,518.4281616210938,0.0043525470914023145,0.04236999988555908,0.00016468406117553513
2025-05-19,522.010009765625,518.9252319335938,0.0009588026833760033,0.04239999771118164,0.0001647982786683322
2025-05-20,520.27001953125,517.195556640625,-0.0033331878785768376,0.04248000144958496,0.00016510287895266096
2025-05-21,513.0399780273438,510.0081481933594,-0.013896887463516694,0.04235000133514404,0.0001646079143613477
2025-05-22,514.0,510.9625549316406,0.0018713558629643856,0.0423199987411499,0.00016449367325477304
2025-05-23,509.239990234375,506.2306213378906,-0.009260822633828991,0.04230000019073486,0.0001644175228021627
2025-05-27,521.219970703125,518.1398315429688,0.02352526635706842,0.04203000068664551,0.0001633892765844358
2025-05-28,518.9099731445312,515.8434448242188,-0.004431982601900364,0.04224999904632568,0.00016422712214581026
2025-05-29,519.9299926757812,516.8574829101562,0.001965786511609169,0.04230000019073486,0.0001644175228021627
2025-05-30,519.1099853515625,516.0422973632812,-0.0015771959850230388,0.0423199987411499,0.00016449367325477304
2025-06-02,523.2100219726562,520.1181030273438,0.007898200757743723,0.0423199987411499,0.00016449367325477304
2025-06-03,527.2999877929688,524.1838989257812,0.00781706284548167,0.04235000133514404,0.0001646079143613477
2025-06-04,528.77001953125,525.645263671875,0.0027878856048202394,0.04239999771118164,0.0001647982786683322
2025-06-05,524.7899780273438,521.6887817382812,-0.00752690494337549,0.0423199987411499,0.00016449367325477304
2025-06-06,529.9199829101562,526.7883911132812,0.009775194624672467,0.0423199987411499,0.00016449367325477304
2025-06-09,530.7000122070312,527.5637817382812,0.001471920486632916,0.04239999771118164,0.0001647982786683322
2025-06-10,534.2100219726562,531.0530395507812,0.00661390704457232,0.0425,0.00016517901630885845
2025-06-11,532.4099731445312,529.263671875,-0.003369470735531177,0.0425,0.00016517901630885845
2025-06-12,533.6599731445312,530.5062866210938,0.0023478179442990577,0.042579998970031736,0.00016548356933898667
2025-06-13,526.9600219726562,523.845947265625,-0.012554685068653648,0.04239999771118164,0.0001647982786683322
2025-06-16,534.2899780273438,531.132568359375,0.013909854856728021,0.04248000144958496,0.00016510287895266096
2025-06-17,529.0800170898438,525.9533081054688,-0.00975135128675042,0.04217999935150146,0.00016396055320511138
2025-06-18,528.989990234375,525.8638305664062,-0.00017012449143971597,0.04223000049591064,0.0001641509665990526
2025-06-20,526.8300170898438,523.7166748046875,-0.004083102196639099,0.04195000171661377,0.00016308456343883115
2025-06-23,531.6500244140625,529.1017456054688,0.010282412342111469,0.041579999923706056,0.00016167493697505364
2025-06-24,539.780029296875,537.1928100585938,0.015292076656950204,0.04182000160217285,0.00016258934806168135
2025-06-25,541.1599731445312,538.5661010742188,0.002556421065045944,0.04188000202178955,0.00016281791804995116
2025-06-26,546.219970703125,543.601806640625,0.009350208927673131,0.04192999839782715,0.00016300836788873951
2025-06-27,548.0900268554688,545.4630126953125,0.0034238408186857416,0.04197000026702881,0.0001631607393690615
2025-06-30,551.6400146484375,548.9959106445312,0.006476879031195093,0.04190000057220459,0.0001628940990776595
2025-07-01,546.989990234375,544.3682861328125,-0.008429251333194498,0.04224999904632568,0.00016422712214581026
2025-07-02,550.7999877929688,548.1598510742188,0.006965073164606039,0.04223000049591064,0.0001641509665990526
2025-07-03,556.219970703125,553.553955078125,0.009840385050702949,0.04239999771118164,0.0001647982786683322
2025-07-07,552.030029296875,549.3840942382812,-0.007532889615530336,0.04244999885559082,0.00016498865203606883
2025-07-08,552.3400268554688,549.692626953125,0.0005615974653789824,0.0425,0.00016517901630885845
2025-07-09,556.25,553.5838623046875,0.007078929497619679,0.04244999885559082,0.00016498865203606883
2025-07-10,555.4500122070312,552.7877197265625,-0.0014381607419162723,0.04239999771118164,0.0001647982786683322
2025-07-11,554.2000122070312,551.5436401367188,-0.0022505557657089836,0.04236999988555908,0.00016468406117553513
2025-07-14,556.2100219726562,553.5440673828125,0.003626960951989,0.04228000164031982,0.00016434137089449408
2025-07-15,556.719970703125,554.051513671875,0.0009167224778718897,0.0423199987411499,0.00016449367325477304
2025-07-16,557.2899780273438,554.6188354492188,0.001023951317421501,0.04224999904632568,0.00016422712214581026
2025-07-17,561.7999877929688,559.1072387695312,0.008092771167205415,0.04235000133514404,0.0001646079143613477
2025-07-18,561.260009765625,558.56982421875,-0.0009612012034828643,0.04230000019073486,0.0001644175228021627
2025-07-21,564.1699829101562,561.4658813476562,0.005184771900194951,0.04223000049591064,0.0001641509665990526
2025-07-22,561.25,558.559814453125,-0.0051758566122592775,0.04230000019073486,0.0001644175228021627
2025-07-23,563.8099975585938,561.1076049804688,0.004561356655845783,0.04239999771118164,0.0001647982786683322
2025-07-24,565.010009765625,562.3018798828125,0.0021284240166115076,0.04244999885559082,0.00016498865203606883
2025-07-25,566.3699951171875,563.6553344726562,0.002406989267270232,0.04244999885559082,0.00016498865203606883
2025-07-28,568.1400146484375,565.4168090820312,0.0031250917034661985,0.04235000133514404,0.0001646079143613477
2025-07-29,567.260009765625,564.541015625,-0.0015489342427812414,0.04230000019073486,0.0001644175228021627
2025-07-30,568.02001953125,565.2974853515625,0.0013399730145824407,0.0423199987411499,0.00016449367325477304
2025-07-31,565.010009765625,562.3018798828125,-0.00529916645018691,0.04235000133514404,0.0001646079143613477
2025-08-01,553.8800048828125,551.2252197265625,-0.019698778454303678,0.04182000160217285,0.00016258934806168135
2025-08-04,564.0999755859375,561.3961181640625,0.018451438855692004,0.041529998779296876,0.00016148440522201213
2025-08-05,560.27001953125,557.5845947265625,-0.006789365501786548,0.041500000953674315,0.00016137009269945324
2025-08-06,567.3200073242188,564.6007690429688,0.01258315667750276,0.041329998970031735,0.000160722205266417
2025-08-07,569.239990234375,566.5115966796875,0.003384387236945674,0.041380000114440915,0.00016091277346719224
2025-08-08,574.5499877929688,571.7960815429688,0.009328114189106618,0.041329998970031735,0.000160722205266417
2025-08-11,572.8499755859375,570.1041870117188,-0.002958912426759719,0.041430001258850095,0.00016110333255459075
2025-08-12,580.0499877929688,577.2697143554688,0.012568803224037195,0.04130000114440918,0.0001606078708757952
2025-08-13,580.3400268554688,577.558349609375,0.0005000006872497575,0.04110000133514404,0.0001598455032210122
2025-08-14,579.8900146484375,577.1105346679688,-0.0007753587870543699,0.04111999988555908,0.0001599217410970244
2025-08-15,577.3400268554688,574.5728149414062,-0.004397285397021111,0.04111999988555908,0.0001599217410970244
2025-08-18,577.1099853515625,574.3438110351562,-0.0003985637682377696,0.04123000144958496,0.00016034105969642276
2025-08-19,569.280029296875,566.5513916015625,-0.013567517023556408,0.04110000133514404,0.0001598455032210122
2025-08-20,565.9000244140625,563.1875610351562,-0.005937379408595511,0.04114999771118164,0.00016003609517656336
2025-08-21,563.280029296875,560.5802001953125,-0.00462964919724318,0.041279997825622555,0.00016053162795115483
2025-08-22,571.969970703125,569.2284545898438,0.015427327600079588,0.04087999820709229,0.00015900671757185236
2025-08-25,570.3200073242188,567.5863647460938,-0.002884764158413655,0.04092999935150146,0.0001591973678314318
2025-08-26,572.6099853515625,569.8654174804688,0.004015340881901697,0.04087999820709229,0.00015900671757185236
2025-08-27,573.489990234375,570.7412109375,0.001536842612600342,0.04059999942779541,0.00015793893661286695
2025-08-28,577.0800170898438,574.31396484375,0.006259849188709143,0.04072000026702881,0.00015839659725669364
2025-08-29,570.4000244140625,567.6660766601562,-0.01157535527697362,0.040430002212524414,0.00015729050919888188
2025-09-02,565.6199951171875,562.9088745117188,-0.008380282606327838,0.040320000648498534,0.00015687086944327078
2025-09-03,570.0700073242188,567.337646484375,0.00786765349275731,0.0401800012588501,0.00015633672848136548
2025-09-04,575.22998046875,572.4728393554688,0.009051387481361362,0.03997999906539917,0.0001555735340392772
2025-09-05,576.0599975585938,573.2988891601562,0.0014429502116075632,0.03910000085830689,0.00015221378454288725
2025-09-08,578.8699951171875,576.0953369140625,0.0048778181970714485,0.039279999732971194,0.00015290123363231878
2025-09-09,580.510009765625,577.7276000976562,0.002833321290773183,0.03943000078201294,0.00015347402487564388
2025-09-10,580.7000122070312,577.9166870117188,0.00032729423699073834,0.03930000066757202,0.0001529776135904548
2025-09-11,584.0800170898438,581.2804565429688,0.005820509438208665,0.039279999732971194,0.00015290123363231878
2025-09-12,586.6599731445312,583.8480224609375,0.0044170862602861405,0.039279999732971194,0.00015290123363231878
2025-09-15,591.6799926757812,588.8440551757812,0.008557077394533819,0.03900000095367431,0.00015183181510480814
2025-09-16,591.1799926757812,588.3463745117188,-0.0008451824548248998,0.038900001049041746,0.00015144980904757688
2025-09-17,590.0,587.1720581054688,-0.001995960980000211,0.03868000030517578,0.0001506092631438083
2025-09-18,595.3200073242188,592.4666137695312,0.009017042945036469,0.03880000114440918,0.00015106776636431007
2025-09-19,599.3499755859375,596.4771728515625,0.0067692575224016505,0.038780000209808346,0.0001509913497881321
2025-09-22,602.2000122070312,600.0083618164062,0.005920073936714676,0.038480000495910646,0.00014984497992376333
2025-09-23,598.2000122070312,596.02294921875,-0.006642261760471446,0.03845000028610229,0.00014973032388487795
2025-09-24,596.0999755859375,593.9305419921875,-0.0035106152024937387,0.03858000040054321,0.00015022713985812786
2025-09-25,593.530029296875,591.3699340820312,-0.004311291858417277,0.03882999897003174,0.0001511823748174823
2025-09-26,595.969970703125,593.801025390625,0.004110948441042206,0.03859999895095825,0.00015030356198053596
2025-09-29,598.72998046875,596.5509643554688,0.004631078168035652,0.0386299991607666,0.00015041820152639218
2025-09-30,600.3699951171875,598.18505859375,0.00273923660495079,0.03845000028610229,0.00014973032388487795
2025-10-01,603.25,601.0545043945312,0.004796919882163131,0.03845000028610229,0.00014973032388487795
2025-10-02,605.72998046875,603.5254516601562,0.004111020294430778,0.038480000495910646,0.00014984497992376333
2025-10-03,603.1799926757812,600.9848022460938,-0.004209680647392355,0.03858000040054321,0.00015022713985812786
2025-10-06,607.7100219726562,605.498291015625,0.007510154587375251,0.03859999895095825,0.00015030356198053596
2025-10-07,604.510009765625,602.3099365234375,-0.005265670505592235,0.038429999351501466,0.00014965388165522064
2025-10-08,611.4400024414062,609.2147827148438,0.011463942021712858,0.038429999351501466,0.00014965388165522064
2025-10-09,610.7000122070312,608.4774169921875,-0.0012103542848554971,0.03852999925613403,0.0001500360599169248
2025-10-10,589.5,587.3546142578125,-0.03471419340226101,0.03852999925613403,0.0001500360599169248
2025-10-13,602.010009765625,599.8190307617188,0.02122127961769138,0.03852999925613403,0.0001500360599169248
2025-10-14,598.0,595.8236083984375,-0.006661046346274513,0.03852999925613403,0.0001500360599169248
2025-10-15,602.219970703125,600.0281982421875,0.007056769460766832,0.03858000040054321,0.00015022713985812786
2025-10-16,599.989990234375,597.8063354492188,-0.003702930628056822,0.03852999925613403,0.0001500360599169248
2025-10-17,603.9299926757812,601.7320556640625,0.006566876230734042,0.03832000017166138,0.00014923344595962895
2025-10-20,611.5399780273438,609.3142700195312,0.012600648883664967,0.037980000972747806,0.00014793363027698625
2025-10-21,611.3800048828125,609.1549682617188,-0.00026144432462971157,0.037850000858306886,0.00014743652824367182
2025-10-22,605.489990234375,603.286376953125,-0.009633987432361102,0.03788000106811523,0.00014755125030330163
2025-10-23,610.5800170898438,608.3578491210938,0.008406409230690803,0.03788000106811523,0.00014755125030330163
2025-10-24,617.0999755859375,614.8540649414062,0.010678280603591661,0.03763000011444092,0.00014659513524017953
2025-10-27,628.0900268554688,625.8041381835938,0.01780922314180522,0.037179999351501465,0.00014487355342596153
2025-10-28,632.9199829101562,630.6165771484375,0.007690008216966859,0.03720000028610229,0.00014495008741644
2025-10-29,635.77001953125,633.4562377929688,0.004502990798896933,0.037300000190734865,0.0001453327170759522
2025-10-30,626.0499877929688,623.7715454101562,-0.015288652640875422,0.03756999969482422,0.00014636563275383097
2025-10-31,629.0700073242188,626.7805786132812,0.004823934700558308,0.037179999351501465,0.00014487355342596153
2025-11-03,632.0800170898438,629.7796020507812,0.004784805942990689,0.03782999992370605,0.00014736004199633612
2025-11-04,619.25,616.996337890625,-0.02029799650310915,0.037929999828338626,0.00014774244031867667
2025-11-05,623.280029296875,621.01171875,0.006507949258017787,0.03788000106811523,0.00014755125030330163
2025-11-06,611.6699829101562,609.4439086914062,-0.018627361947175403,0.03763000011444092,0.00014659513524017953
2025-11-07,609.739990234375,607.5209350585938,-0.0031552922350828183,0.03756999969482422,0.00014636563275383097
2025-11-10,623.22998046875,620.9618530273438,0.022124205427511257,0.03782999992370605,0.00014736004199633612
2025-11-11,621.5700073242188,619.307861328125,-0.002663596308138949,0.03782999992370605,0.00014736004199633612
2025-11-12,621.0800170898438,618.8196411132812,-0.0007883320159972618,0.037780001163482665,0.00014716883363141697
2025-11-13,608.4000244140625,606.1858520507812,-0.020415947108225807,0.037929999828338626,0.00014774244031867667
2025-11-14,608.8599853515625,606.6441040039062,0.0007559594991779495,0.03788000106811523,0.00014755125030330163
2025-11-17,603.6599731445312,601.4630737304688,-0.008540477422004478,0.037720000743865965,0.00014693936418685993
2025-11-18,596.3099975585938,594.1397705078125,-0.012175815178868343,0.037720000743865965,0.00014693936418685993
2025-11-19,599.8699951171875,597.6868896484375,0.005970176239158853,0.037720000743865965,0.00014693936418685993
2025-11-20,585.6699829101562,583.5385131835938,-0.023671886919195972,0.03775000095367432,0.0001470541005610393
2025-11-21,590.0700073242188,587.9224853515625,0.00751273835218047,0.03740000009536743,0.00014571530999663018
2025-11-24,605.1599731445312,602.9575805664062,0.025573261083649657,0.037300000190734865,0.0001453327170759522
2025-11-25,608.8900146484375,606.6740112304688,0.006163668529668875,0.03732000112533569,0.00014540924224770713
2025-11-26,614.27001953125,612.034423828125,0.008835737972002766,0.03753000020980835,0.00014621262679237468
2025-11-28,619.25,616.996337890625,0.008107246699400328,0.03697000026702881,0.00014406989882442822
2025-12-01,617.1699829101562,614.923828125,-0.0033590309023721066,0.03693000078201294,0.00014391680468217594
2025-12-02,622.0,619.736328125,0.007826172575998713,0.03671999931335449,0.0001431129479456672
2025-12-03,623.52001953125,621.2507934570312,0.0024437252800932896,0.03634999990463257,0.00014169624641224843
2025-12-04,622.9400024414062,620.6729125976562,-0.0009301893300760478,0.036119999885559084,0.0001408153386874833
2025-12-05,625.47998046875,623.20361328125,0.004077349973276911,0.03602999925613403,0.00014047058026256387
2025-12-08,624.280029296875,622.008056640625,-0.0019184045392969251,0.036180000305175784,0.00014104516106683285
2025-12-09,625.0499877929688,622.7752075195312,0.001233345566373334,0.03631999969482422,0.00014158135565445207
2025-12-10,627.6099853515625,625.3258666992188,0.004095633783892216,0.035929999351501464,0.00014008748340232913
2025-12-11,625.5800170898438,623.3032836914062,-0.0032344464150966257,0.03568000078201294,0.00013912958464734615
2025-12-12,613.6199951171875,611.3868408203125,-0.019118209678794962,0.03525000095367432,0.00013748145115588528
2025-12-15,610.5399780273438,608.3179931640625,-0.0050194859479351095,0.03538000106811524,0.0001379797966081231
2025-12-16,611.75,609.5235595703125,0.001981802971139146,0.03545000076293945,0.00013824810924734088
2025-12-17,600.4099731445312,598.224853515625,-0.01853694722260213,0.035429999828338624,0.00013817144642036538
2025-12-18,609.1099853515625,606.8932495117188,0.014490197030684548,0.03522000074386597,0.00013736643880446486
2025-12-19,617.0499877929688,614.8042602539062,0.01303525908148151,0.03522000074386597,0.00013736643880446486
2025-12-22,619.2100219726562,617.7513427734375,0.004793529762324944,0.03528000116348266,0.00013759646018773886
2025-12-23,622.1099853515625,620.6444702148438,0.004683320360612031,0.03546999931335449,0.0001383247614612504
2025-12-24,623.9299926757812,622.4602661132812,0.002925661929782386,0.035550000667572024,0.00013863138298453315
2025-12-26,623.8900146484375,622.4202880859375,-6.42258301777332e-05,0.035429999828338624,0.00013817144642036538
2025-12-29,620.8699951171875,619.4074096679688,-0.004840585173137457,0.03538000106811524,0.0001379797966081231
2025-12-30,619.4299926757812,617.9707641601562,-0.002319387022803987,0.03539999961853027,0.0001380564539836815
2025-12-31,614.3099975585938,612.8628540039062,-0.008265617813153048,0.03546999931335449,0.0001383247614612504
2026-01-02,613.1199951171875,611.6757202148438,-0.0019370300896959236,0.03532999992370606,0.00013778812843812105
2026-01-05,617.989990234375,616.5341796875,0.007942867947986931,0.03515000104904175,0.0001370980667874111
2026-01-06,623.4199829101562,621.951416015625,0.008786595304206557,0.03519999980926514,0.00013728975901239338
2026-01-07,624.02001953125,622.550048828125,0.0009625073552126384,0.03515000104904175,0.0001370980667874111
2026-01-08,620.469970703125,619.0083618164062,-0.005688999652936455,0.035069999694824217,0.00013679132724608856
2026-01-09,626.6500244140625,625.173828125,0.00996023105487942,0.03513000011444092,0.0001370213818305821
2026-01-12,627.1699829101562,625.6925659179688,0.0008297496946161331,0.03532999992370606,0.00013778812843812105
2026-01-13,626.239990234375,624.7647705078125,-0.0014828295247444334,0.03559999942779541,0.00013882300146050852
2026-01-14,619.5499877929688,618.0905151367188,-0.010682829260153182,0.03559999942779541,0.00013882300146050852
2026-01-15,621.780029296875,620.3153076171875,0.0035994606388298767,0.03565000057220459,0.00013901461985876828
2026-01-16,621.260009765625,619.7965087890625,-0.0008363469702494797,0.035569999217987064,0.0001387080278256736
2026-01-20,608.0599975585938,606.6276245117188,-0.021247109479646253,0.03572000026702881,0.00013928286282749447
2026-01-21,616.280029296875,614.8282470703125,0.013518379690002691,0.03588000059127808,0.00013989592572660747
2026-01-22,620.760009765625,619.2976684570312,0.00726938199084981,0.03588000059127808,0.00013989592572660747
2026-01-23,622.719970703125,621.2530517578125,0.003157420737031069,0.03582000017166138,0.00013966603705095615
2026-01-26,625.4600219726562,623.9866333007812,0.004400109641689687,0.03575000047683716,0.00013939781987715172
2026-01-27,631.1300048828125,629.6432495117188,0.009065284269015539,0.03569999933242798,0.00013920621990637372
2026-01-28,633.219970703125,631.7283325195312,0.003311530790538031,0.03582000017166138,0.00013966603705095615
2026-01-29,629.4299926757812,627.947265625,-0.005985273573928751,0.035799999237060544,0.00013958940149993992
2026-01-30,621.8699951171875,620.4050903320312,-0.012010841842685638,0.03572000026702881,0.00013928286282749447
2026-02-02,626.1400146484375,624.6650390625,0.006866398739876489,0.03578000068664551,0.00013951277361035075
2026-02-03,616.52001953125,615.0676879882812,-0.015363995860281365,0.03589999914169312,0.00013997254624831257
2026-02-04,605.75,604.3230590820312,-0.017469018639871603,0.0359500002861023,0.00014016410937456314
2026-02-05,597.030029296875,595.6236572265625,-0.014395283656200686,0.03578000068664551,0.00013951277361035075
2026-02-06,609.6500244140625,608.2138671875,0.021137860808890796,0.03589999914169312,0.00013997254624831257
2026-02-09,614.3200073242188,612.8728637695312,0.0076601288352324826,0.035929999351501464,0.00014008748340232913
2026-02-10,611.469970703125,610.029541015625,-0.004639335369521991,0.03589999914169312,0.00013997254624831257
2026-02-11,613.1099853515625,611.6657104492188,0.002682115083918246,0.035999999046325684,0.00014035565415859708
2026-02-12,600.6400146484375,599.22509765625,-0.02033890829654672,0.035980000495910644,0.0001402790410034438
2026-02-13,601.9199829101562,600.5020751953125,0.002131048155454618,0.035929999351501464,0.00014008748340232913
2026-02-17,601.2999877929688,599.8834838867188,-0.001030123515214476,0.035929999351501464,0.00014008748340232913
2026-02-18,605.7899780273438,604.3629150390625,0.00746716866302255,0.03602999925613403,0.00014047058026256387
2026-02-19,603.469970703125,602.0484008789062,-0.003829676015125183,0.0359500002861023,0.00014016410937456314
2026-02-20,608.8099975585938,607.3758544921875,0.008848879268683163,0.0359500002861023,0.00014016410937456314
2026-02-23,601.4099731445312,599.9932250976562,-0.012154960293414563,0.03588000059127808,0.00013989592572660747
2026-02-24,607.8699951171875,606.4380493164062,0.010741494985549327,0.03588000059127808,0.00013989592572660747
2026-02-25,616.6799926757812,615.227294921875,0.014493229135896346,0.03588000059127808,0.00013989592572660747
2026-02-26,609.239990234375,607.8048095703125,-0.012064622965899163,0.03588000059127808,0.00013989592572660747
2026-02-27,607.2899780273438,605.859375,-0.0032007554722836007,0.03578000068664551,0.00013951277361035075
2026-03-02,608.0900268554688,606.6575317382812,0.0013173960348162872,0.03589999914169312,0.00013997254624831257
2026-03-03,601.5800170898438,600.1629028320312,-0.010705593463318008,0.0359500002861023,0.00014016410937456314
2026-03-04,610.75,609.311279296875,0.015243155519400808,0.0359500002861023,0.00014016410937456314
2026-03-05,608.9099731445312,607.4755249023438,-0.003012835076103726,0.03588000059127808,0.00013989592572660747
2026-03-06,599.75,598.337158203125,-0.015043184992000858,0.03569999933242798,0.00013920621990637372
2026-03-09,607.760009765625,606.3283081054688,0.01335559691185173,0.035929999351501464,0.00014008748340232913
2026-03-10,607.77001953125,606.3383178710938,1.6508821196747903e-05,0.0359500002861023,0.00014016410937456314
2026-03-11,607.6900024414062,606.2584838867188,-0.00013166574175171863,0.035999999046325684,0.00014035565415859708
2026-03-12,597.260009765625,595.8530883789062,-0.01716329879806977,0.036050000190734864,0.00014054719886824607
2026-03-13,593.719970703125,592.3213500976562,-0.005927196401479651,0.03602999925613403,0.00014047058026256387
2026-03-16,600.3800048828125,598.9656982421875,0.011217471974352744,0.036050000190734864,0.00014054719886824607
2026-03-17,603.3099975585938,601.8887939453125,0.0048802389046711525,0.036050000190734864,0.00014054719886824607
2026-03-18,594.9000244140625,593.4986572265625,-0.013939679228373136,0.03609999895095825,0.00014073872523789888
2026-03-19,593.02001953125,591.623046875,-0.003160260480330801,0.036119999885559084,0.0001408153386874833
2026-03-20,582.0599975585938,580.6888427734375,-0.018481707498242073,0.036180000305175784,0.00014104516106683285
2026-03-23,588.0,587.3545532226562,0.011478971108489944,0.036119999885559084,0.0001408153386874833
2026-03-24,583.97998046875,583.3389282226562,-0.006836798962342794,0.03619999885559082,0.0001411217594933234
2026-03-25,587.8200073242188,587.1747436523438,0.006575620525403059,0.03619999885559082,0.0001411217594933234
2026-03-26,573.7899780273438,573.1600952148438,-0.023867934697473725,0.03619999885559082,0.0001411217594933234
2026-03-27,562.5800170898438,561.9624633789062,-0.019536656388718376,0.03607000112533569,0.00014062381600044027
2026-03-30,558.280029296875,557.6671752929688,-0.007643371872404492,0.035980000495910644,0.0001402790410034438
2026-03-31,577.1799926757812,576.54638671875,0.03385390473424077,0.035999999046325684,0.00014035565415859708
2026-04-01,584.3099975585938,583.6685791015625,0.012353199234057088,0.036050000190734864,0.00014054719886824607
2026-04-02,584.97998046875,584.3378295898438,0.0011466275764089318,0.03607000112533569,0.00014062381600044027
2026-04-06,588.5,587.85400390625,0.006017365534718655,0.03622999906539917,0.0001412366635034079
2026-04-07,588.5900268554688,587.9439086914062,0.00015293726768694782,0.03615000009536743,0.00014093025153427696
2026-04-08,606.0900268554688,605.4246826171875,0.029732043596962132,0.035999999046325684,0.00014035565415859708
2026-04-09,610.1900024414062,609.5202026367188,0.006764706060259584,0.03588000059127808,0.00013989592572660747
2026-04-10,611.0700073242188,610.3992309570312,0.0014421643720912147,0.035929999351501464,0.00014008748340232913
2026-04-13,617.3900146484375,616.7122802734375,0.010342492251355084,0.03602999925613403,0.00014047058026256387
2026-04-14,628.5999755859375,627.909912109375,0.01815697886050316,0.036119999885559084,0.0001408153386874833
2026-04-15,637.4000244140625,636.7003173828125,0.013999468879074328,0.036119999885559084,0.0001408153386874833
2026-04-16,640.469970703125,639.7669067382812,0.004816377928118731,0.03609999895095825,0.00014073872523789888
2026-04-17,648.8499755859375,648.1376953125,0.013084122492198702,0.035999999046325684,0.00014035565415859708
2026-04-20,646.7899780273438,646.0799560546875,-0.003174848913578998,0.035980000495910644,0.0001402790410034438
2026-04-21,644.3300170898438,643.6226806640625,-0.00380336112828894,0.035980000495910644,0.0001402790410034438
2026-04-22,655.1099853515625,654.390869140625,0.01673059200687632,0.0359500002861023,0.00014016410937456314
2026-04-23,651.4199829101562,650.7048950195312,-0.005632679633709281,0.0359500002861023,0.00014016410937456314
2026-04-24,663.8800048828125,663.1512451171875,0.019127488040923124,0.035929999351501464,0.00014008748340232913
2026-04-27,664.22998046875,663.5008544921875,0.0005271940263615882,0.03589999914169312,0.00013997254624831257
2026-04-28,657.5499877929688,656.8281860351562,-0.010056759402575555,0.03589999914169312,0.00013997254624831257
2026-04-29,661.5700073242188,660.84375,0.006113568281962856,0.03589999914169312,0.00013997254624831257
2026-04-30,667.739990234375,667.0069580078125,0.00932627116139395,0.035850000381469724,0.00013978098304656683
2026-05-01,674.1500244140625,673.4099731445312,0.009599622702352262,0.03575000047683716,0.00013939781987715172
2026-05-04,672.8800048828125,672.141357421875,-0.0018838683316975136,0.03589999914169312,0.00013997254624831257
2026-05-05,681.6099853515625,680.8617553710938,0.012974053527471385,0.035999999046325684,0.00014035565415859708
2026-05-06,695.77001953125,695.0062255859375,0.02077436440402569,0.035999999046325684,0.00014035565415859708
2026-05-07,694.9400024414062,694.1771240234375,-0.001192941202506459,0.035980000495910644,0.0001402790410034438
2026-05-08,711.22998046875,710.44921875,0.023440839756069476,0.0359500002861023,0.00014016410937456314
2026-05-11,713.2899780273438,712.5069580078125,0.0028963917525772764,0.035999999046325684,0.00014035565415859708
2026-05-12,707.239990234375,706.463623046875,-0.008481790799397704,0.03602999925613403,0.00014047058026256387
2026-05-13,714.7100219726562,713.9254760742188,0.010562260792936318,0.035999999046325684,0.00014035565415859708
2026-05-14,719.7899780273438,718.9998168945312,0.00710766178035227,0.03588000059127808,0.00013989592572660747
2026-05-15,708.9299926757812,708.1517944335938,-0.015087656778261405,0.03588000059127808,0.00013989592572660747
2026-05-18,705.8800048828125,705.1051025390625,-0.004302314727548051,0.03568000078201294,0.00013912958464734615
2026-05-19,701.530029296875,700.7599487304688,-0.006162420032059024,0.03575000047683716,0.00013939781987715172
2026-05-20,713.1500244140625,712.3671875,0.016563787343382597,0.035569999217987064,0.0001387080278256736
2026-05-21,714.510009765625,713.7256469726562,0.001906965251198045,0.03582000017166138,0.00013966603705095615
2026-05-22,717.5399780273438,716.7523193359375,0.004240666390677106,0.035850000381469724,0.00013978098304656683
2026-05-26,730.280029296875,729.4783935546875,0.01775519084548005,0.03582000017166138,0.00013966603705095615
2026-05-27,729.4500122070312,728.6492919921875,-0.0011365676760621835,0.035850000381469724,0.00013978098304656683
2026-05-28,735.5999755859375,734.79248046875,0.008430926296197239,0.03589999914169312,0.00013997254624831257
2026-05-29,738.3099975585938,737.49951171875,0.0036840758744198787,0.03588000059127808,0.00013989592572660747
2026-06-01,742.739990234375,741.9246826171875,0.00600023569930852,0.03619999885559082,0.0001411217594933234
2026-06-02,746.1599731445312,745.3408813476562,0.004604508800567064,0.036180000305175784,0.00014104516106683285
2026-06-03,744.2100219726562,743.39306640625,-0.002613320951729392,0.03622999906539917,0.0001412366635034079
2026-06-04,740.6099853515625,739.7969970703125,-0.004837372714978083,0.03619999885559082,0.0001411217594933234
2026-06-05,705.0599975585938,704.2860107421875,-0.04800098739080161,0.03625,0.0001413132673799833
2026-06-08,716.0700073242188,715.283935546875,0.015615708159669062,0.03628000020980835,0.00014142816586781848
2026-06-09,707.8300170898438,707.052978515625,-0.01150725833784727,0.03634999990463257,0.00014169624641224843
2026-06-10,693.6900024414062,692.9285278320312,-0.019976509699805467,0.03634999990463257,0.00014169624641224843
2026-06-11,717.1199951171875,716.332763671875,0.03377582954055702,0.03622999906539917,0.0001412366635034079
2026-06-12,721.3400268554688,720.5481567382812,0.005884685554236491,0.036180000305175784,0.00014104516106683285
2026-06-15,744.0,743.1832885742188,0.03141376689991193,0.036180000305175784,0.00014104516106683285
2026-06-16,729.8599853515625,729.0587768554688,-0.019005421591015037,0.03630000114440918,0.0001415047660628943
2026-06-17,722.510009765625,721.7168579101562,-0.010070407460121666,0.036470000743865964,0.00014215577631948584
2026-06-18,740.6199951171875,739.8070068359375,0.02506543768170255,0.03657999992370606,0.0001425769594320947
2026-06-22,737.9500122070312,737.9500122070312,-0.002510106841037363,0.036800000667572025,0.00014341920124794072
2026-06-23,713.6500244140625,713.6500244140625,-0.03292904314791367,0.03690000057220459,0.00014380197793362193
2026-06-24,710.6199951171875,710.6199951171875,-0.00424581964999271,0.03690000057220459,0.00014380197793362193
2026-06-25,716.3800048828125,716.3800048828125,0.008105611726665796,0.036800000667572025,0.00014341920124794072
2026-06-26,706.52001953125,706.52001953125,-0.013763624451209266,0.03663000106811523,0.00014276839739402192
2026-06-29,724.0800170898438,724.0800170898438,0.024854210883145544,0.036800000667572025,0.00014341920124794072
2026-06-30,736.4000244140625,736.4000244140625,0.017014704222517052,0.03732000112533569,0.00014540924224770713
2026-07-01,725.1699829101562,725.1699829101562,-0.015249920059198452,0.03700000047683716,0.00014418471785226927
2026-07-02,712.5999755859375,712.5999755859375,-0.017333877050142776,0.036679999828338625,0.00014295981703105198
2026-07-06,722.8200073242188,722.8200073242188,0.014341891788415717,0.03690000057220459,0.00014380197793362193
2026-07-07,709.4299926757812,709.4299926757812,-0.0185246873533641,0.037249999046325685,0.00014514140227772643
2026-07-08,711.4400024414062,711.4400024414062,0.0028332742996159954,0.037230000495910645,0.00014506488108456672
2026-07-09,723.280029296875,723.280029296875,0.01664234062582648,0.03681999921798706,0.0001434957540509263
2026-07-10,725.510009765625,725.510009765625,0.0030831495111482976,0.03694999933242798,0.00014399334792591922
2026-07-13,711.739990234375,711.739990234375,-0.01897977883957569,0.03727999925613403,0.000145256190434484
2026-07-14,719.6900024414062,719.6900024414062,0.011169826504217273,0.03700000047683716,0.00014418471785226927
2026-07-15,717.739990234375,717.739990234375,-0.002709516875899598,0.03687999963760376,0.0001437254218876749
2026-07-16,705.9400024414062,705.9400024414062,-0.01644047698821338,0.03697000026702881,0.00014406989882442822
2026-07-17,695.3300170898438,695.3300170898438,-0.015029585113280453,0.03707000017166138,0.0001444526130103263
2026-07-20,696.0599975585938,696.0599975585938,0.001049833101992581,0.037049999237060545,0.00014437606946393622
2026-07-21,708.969970703125,708.969970703125,0.018547213156642428,0.037300000190734865,0.0001453327170759522
2026-07-22,705.3499755859375,705.3499755859375,-0.005105992167196205,0.03744999885559082,0.0001459065881215249
2026-07-23,691.9600219726562,691.9600219726562,-0.01898341826999872,0.03799999952316284,0.00014801009639908713
2026-07-24,684.22998046875,684.22998046875,-0.011171225588826994,0.03805000066757202,0.00014820127351566903
2026-07-27,682.1199951171875,682.1199951171875,-0.003083737064717651,0.03796999931335449,0.00014789538754933496
2026-07-28,675.489990234375,675.489990234375,-0.009719704641810822,0.037599999904632565,0.00014648038564923915
2026-07-29,661.72998046875,661.72998046875,-0.0203704125369063,0.03657999992370606,0.0001425769594320947
2026-07-30,683.5499877929688,683.5499877929688,0.032974185798204436,0.036749999523162845,0.00014322779455144818
2026-07-31,687.989990234375,687.989990234375,0.00649550511403274,0.03681999921798706,0.0001434957540509263
2026-08-03,700.0700073242188,700.0700073242188,0.017558419833591632,0.03700000047683716,0.00014418471785226927
2026-08-04,723.8499755859375,723.8499755859375,0.03396798607700635,0.037300000190734865,0.0001453327170759522
2026-08-05,717.2999877929688,717.2999877929688,-0.009048819525989127,0.037249999046325685,0.00014514140227772643
2026-08-06,714.6500244140625,714.6500244140625,-0.0036943586003114204,0.03732000112533569,0.00014540924224770713
2026-08-07,723.030029296875,723.030029296875,0.011726026161803071,0.037100000381469725,0.00014456742101098818
2026-08-10,720.8699951171875,720.8699951171875,-0.0029874750593527066,0.037179999351501465,0.00014487355342596153
2026-08-11,718.4500122070312,718.4500122070312,-0.0033570309855425196,0.037300000190734865,0.0001453327170759522
2026-08-12,723.7000122070312,723.7000122070312,0.007307397746256994,0.03707000017166138,0.0001444526130103263
2026-08-13,732.0700073242188,732.0700073242188,0.011565558900105577,0.037049999237060545,0.00014437606946393622
2026-08-14,731.0700073242188,731.0700073242188,-0.0013659895774928987,0.03697000026702881,0.00014406989882442822
2026-08-17,729.8699951171875,729.8699951171875,-0.0016414463662972612,0.037030000686645505,0.00014429953357186776
2026-08-18,717.510009765625,717.510009765625,-0.01693450262957852,0.037049999237060545,0.00014437606946393622
2026-08-19,716.0800170898438,716.0800170898438,-0.0019929933468779693,0.03700000047683716,0.00014418471785226927
2026-08-20,710.9299926757812,710.9299926757812,-0.007191967784539344,0.037030000686645505,0.00014429953357186776
2026-08-21,713.4400024414062,713.4400024414062,0.0035306004690811577,0.037100000381469725,0.00014456742101098818
2026-08-24,706.3200073242188,706.3200073242188,-0.009979809224073155,0.037030000686645505,0.00014429953357186776
2026-08-25,710.719970703125,710.719970703125,0.006229419148941817,0.037049999237060545,0.00014437606946393622
2026-08-26,711.3699951171875,711.3699951171875,0.0009145998999007254,0.03690000057220459,0.00014380197793362193
2026-08-27,721.1099853515625,721.1099853515625,0.01369187666225713,0.03677999973297119,0.00014334263784721024
2026-08-28,716.4299926757812,716.4299926757812,-0.006489984566639517,0.037300000190734865,0.0001453327170759522
2026-08-31,716.760009765625,716.760009765625,0.0004606410859646637,0.03732000112533569,0.00014540924224770713
2026-09-01,707.6400146484375,707.6400146484375,-0.012723917340435431,0.037720000743865965,0.00014693936418685993
2026-09-02,709.239990234375,709.239990234375,0.0022610021378346445,0.037720000743865965,0.00014693936418685993
2026-09-03,717.6699829101562,717.6699829101562,0.011885952275470846,0.03740000009536743,0.00014571530999663018
2026-09-04,718.9600219726562,718.9600219726562,0.001797537995484877,0.03756999969482422,0.00014636563275383097
